codigo_municipio,municipio,grupo,variable,mes,cantidad,total
20201,ACHACACHI,salud sexual y reproductiva,preeclampsia severa/eclampsia,2009-01-01,1,1
20202,ANCORAIMES,salud sexual y reproductiva,preeclampsia severa/eclampsia,2009-01-01,1,1
71501,ASCENCION DE GUARAYOS,salud sexual y reproductiva,preeclampsia severa/eclampsia,2009-01-01,3,3
50301,BETANZOS,salud sexual y reproductiva,preeclampsia severa/eclampsia,2009-01-01,3,3
70703,CABEZAS,salud sexual y reproductiva,preeclampsia severa/eclampsia,2009-01-01,3,3
70706,CAMIRI,salud sexual y reproductiva,preeclampsia severa/eclampsia,2009-01-01,3,3
22001,CARANAVI,salud sexual y reproductiva,preeclampsia severa/eclampsia,2009-01-01,1,1
71403,CARMEN RIVERO TORREZ,salud sexual y reproductiva,preeclampsia severa/eclampsia,2009-01-01,1,1
40201,CHALLAPATA,salud sexual y reproductiva,preeclampsia severa/eclampsia,2009-01-01,5,5
70702,CHARAGUA,salud sexual y reproductiva,preeclampsia severa/eclampsia,2009-01-01,3,3
30101,COCHABAMBA,salud sexual y reproductiva,preeclampsia severa/eclampsia,2009-01-01,17,17
30905,COLCAPIRHUA,salud sexual y reproductiva,preeclampsia severa/eclampsia,2009-01-01,1,1
71101,CONCEPCION,salud sexual y reproductiva,preeclampsia severa/eclampsia,2009-01-01,1,1
21401,COROICO,salud sexual y reproductiva,preeclampsia severa/eclampsia,2009-01-01,1,1
40301,CORQUE,salud sexual y reproductiva,preeclampsia severa/eclampsia,2009-01-01,1,1
70102,COTOCA,salud sexual y reproductiva,preeclampsia severa/eclampsia,2009-01-01,8,8
20105,EL ALTO,salud sexual y reproductiva,preeclampsia severa/eclampsia,2009-01-01,16,16
80202,GUAYARAMERIN,salud sexual y reproductiva,preeclampsia severa/eclampsia,2009-01-01,1,1
21105,LA ASUNTA,salud sexual y reproductiva,preeclampsia severa/eclampsia,2009-01-01,4,4
70104,LA GUARDIA,salud sexual y reproductiva,preeclampsia severa/eclampsia,2009-01-01,2,2
20101,LA PAZ,salud sexual y reproductiva,preeclampsia severa/eclampsia,2009-01-01,49,49
50203,LLALLAGUA,salud sexual y reproductiva,preeclampsia severa/eclampsia,2009-01-01,1,1
31301,MIZQUE,salud sexual y reproductiva,preeclampsia severa/eclampsia,2009-01-01,13,13
40101,ORURO,salud sexual y reproductiva,preeclampsia severa/eclampsia,2009-01-01,11,11
21305,PATACAMAYA,salud sexual y reproductiva,preeclampsia severa/eclampsia,2009-01-01,1,1
50101,POTOSI,salud sexual y reproductiva,preeclampsia severa/eclampsia,2009-01-01,11,11
21201,PUCARANI,salud sexual y reproductiva,preeclampsia severa/eclampsia,2009-01-01,1,1
31205,PUERTO VILLARROEL,salud sexual y reproductiva,preeclampsia severa/eclampsia,2009-01-01,3,3
30901,QUILLACOLLO,salud sexual y reproductiva,preeclampsia severa/eclampsia,2009-01-01,1,1
80201,RIBERALTA,salud sexual y reproductiva,preeclampsia severa/eclampsia,2009-01-01,6,6
31001,SACABA,salud sexual y reproductiva,preeclampsia severa/eclampsia,2009-01-01,2,2
70402,SAN CARLOS,salud sexual y reproductiva,preeclampsia severa/eclampsia,2009-01-01,1,1
70301,SAN IGNACIO DE VELASCO,salud sexual y reproductiva,preeclampsia severa/eclampsia,2009-01-01,5,5
70501,SAN JOSE DE CHIQUITOS,salud sexual y reproductiva,preeclampsia severa/eclampsia,2009-01-01,2,2
71104,SAN JULIAN,salud sexual y reproductiva,preeclampsia severa/eclampsia,2009-01-01,2,2
80401,SANTA ANA,salud sexual y reproductiva,preeclampsia severa/eclampsia,2009-01-01,1,1
70101,SANTA CRUZ DE LA SIERRA,salud sexual y reproductiva,preeclampsia severa/eclampsia,2009-01-01,58,58
10101,SUCRE,salud sexual y reproductiva,preeclampsia severa/eclampsia,2009-01-01,5,5
60101,TARIJA,salud sexual y reproductiva,preeclampsia severa/eclampsia,2009-01-01,7,7
20606,TIPUANI,salud sexual y reproductiva,preeclampsia severa/eclampsia,2009-01-01,1,1
80101,TRINIDAD,salud sexual y reproductiva,preeclampsia severa/eclampsia,2009-01-01,5,5
50201,UNCIA,salud sexual y reproductiva,preeclampsia severa/eclampsia,2009-01-01,2,2
71502,URUBICHA,salud sexual y reproductiva,preeclampsia severa/eclampsia,2009-01-01,1,1
31003,VILLA TUNARI,salud sexual y reproductiva,preeclampsia severa/eclampsia,2009-01-01,1,1
30201,AIQUILE,salud sexual y reproductiva,preeclampsia severa/eclampsia,2009-02-01,1,1
40603,ANTEQUERA,salud sexual y reproductiva,preeclampsia severa/eclampsia,2009-02-01,1,1
30501,ARANI,salud sexual y reproductiva,preeclampsia severa/eclampsia,2009-02-01,1,1
71501,ASCENCION DE GUARAYOS,salud sexual y reproductiva,preeclampsia severa/eclampsia,2009-02-01,2,2
70706,CAMIRI,salud sexual y reproductiva,preeclampsia severa/eclampsia,2009-02-01,8,8
22001,CARANAVI,salud sexual y reproductiva,preeclampsia severa/eclampsia,2009-02-01,1,1
70702,CHARAGUA,salud sexual y reproductiva,preeclampsia severa/eclampsia,2009-02-01,1,1
30801,CLIZA,salud sexual y reproductiva,preeclampsia severa/eclampsia,2009-02-01,1,1
90101,COBIJA,salud sexual y reproductiva,preeclampsia severa/eclampsia,2009-02-01,2,2
30101,COCHABAMBA,salud sexual y reproductiva,preeclampsia severa/eclampsia,2009-02-01,21,21
71301,COMARAPA,salud sexual y reproductiva,preeclampsia severa/eclampsia,2009-02-01,2,2
71101,CONCEPCION,salud sexual y reproductiva,preeclampsia severa/eclampsia,2009-02-01,3,3
70102,COTOCA,salud sexual y reproductiva,preeclampsia severa/eclampsia,2009-02-01,1,1
20105,EL ALTO,salud sexual y reproductiva,preeclampsia severa/eclampsia,2009-02-01,29,29
71004,FERNANDEZ ALONSO,salud sexual y reproductiva,preeclampsia severa/eclampsia,2009-02-01,2,2
80202,GUAYARAMERIN,salud sexual y reproductiva,preeclampsia severa/eclampsia,2009-02-01,1,1
20101,LA PAZ,salud sexual y reproductiva,preeclampsia severa/eclampsia,2009-02-01,29,29
50203,LLALLAGUA,salud sexual y reproductiva,preeclampsia severa/eclampsia,2009-02-01,3,3
20607,MAPIRI,salud sexual y reproductiva,preeclampsia severa/eclampsia,2009-02-01,1,1
31301,MIZQUE,salud sexual y reproductiva,preeclampsia severa/eclampsia,2009-02-01,10,10
90401,NACEBE (SANTA ROSA DEL ABUNA),salud sexual y reproductiva,preeclampsia severa/eclampsia,2009-02-01,1,1
40101,ORURO,salud sexual y reproductiva,preeclampsia severa/eclampsia,2009-02-01,15,15
21305,PATACAMAYA,salud sexual y reproductiva,preeclampsia severa/eclampsia,2009-02-01,1,1
40602,PAZÑA,salud sexual y reproductiva,preeclampsia severa/eclampsia,2009-02-01,1,1
50101,POTOSI,salud sexual y reproductiva,preeclampsia severa/eclampsia,2009-02-01,8,8
71401,PUERTO SUAREZ,salud sexual y reproductiva,preeclampsia severa/eclampsia,2009-02-01,1,1
31205,PUERTO VILLARROEL,salud sexual y reproductiva,preeclampsia severa/eclampsia,2009-02-01,17,17
30901,QUILLACOLLO,salud sexual y reproductiva,preeclampsia severa/eclampsia,2009-02-01,1,1
70503,ROBORE,salud sexual y reproductiva,preeclampsia severa/eclampsia,2009-02-01,1,1
80304,RURRENABAQUE,salud sexual y reproductiva,preeclampsia severa/eclampsia,2009-02-01,2,2
31001,SACABA,salud sexual y reproductiva,preeclampsia severa/eclampsia,2009-02-01,3,3
70901,SAMAIPATA,salud sexual y reproductiva,preeclampsia severa/eclampsia,2009-02-01,1,1
80602,SAN ANDRES,salud sexual y reproductiva,preeclampsia severa/eclampsia,2009-02-01,1,1
70402,SAN CARLOS,salud sexual y reproductiva,preeclampsia severa/eclampsia,2009-02-01,1,1
70301,SAN IGNACIO DE VELASCO,salud sexual y reproductiva,preeclampsia severa/eclampsia,2009-02-01,1,1
70302,SAN MIGUEL DE VELASCO,salud sexual y reproductiva,preeclampsia severa/eclampsia,2009-02-01,1,1
70303,SAN RAFAEL,salud sexual y reproductiva,preeclampsia severa/eclampsia,2009-02-01,1,1
70101,SANTA CRUZ DE LA SIERRA,salud sexual y reproductiva,preeclampsia severa/eclampsia,2009-02-01,57,57
10101,SUCRE,salud sexual y reproductiva,preeclampsia severa/eclampsia,2009-02-01,4,4
60101,TARIJA,salud sexual y reproductiva,preeclampsia severa/eclampsia,2009-02-01,2,2
80101,TRINIDAD,salud sexual y reproductiva,preeclampsia severa/eclampsia,2009-02-01,3,3
30502,VACAS,salud sexual y reproductiva,preeclampsia severa/eclampsia,2009-02-01,1,1
51501,VILLAZON,salud sexual y reproductiva,preeclampsia severa/eclampsia,2009-02-01,2,2
70201,WARNES,salud sexual y reproductiva,preeclampsia severa/eclampsia,2009-02-01,1,1
71501,ASCENCION DE GUARAYOS,salud sexual y reproductiva,preeclampsia severa/eclampsia,2009-03-01,3,3
50301,BETANZOS,salud sexual y reproductiva,preeclampsia severa/eclampsia,2009-03-01,1,1
70703,CABEZAS,salud sexual y reproductiva,preeclampsia severa/eclampsia,2009-03-01,1,1
70706,CAMIRI,salud sexual y reproductiva,preeclampsia severa/eclampsia,2009-03-01,2,2
22001,CARANAVI,salud sexual y reproductiva,preeclampsia severa/eclampsia,2009-03-01,1,1
71403,CARMEN RIVERO TORREZ,salud sexual y reproductiva,preeclampsia severa/eclampsia,2009-03-01,1,1
40201,CHALLAPATA,salud sexual y reproductiva,preeclampsia severa/eclampsia,2009-03-01,1,1
70702,CHARAGUA,salud sexual y reproductiva,preeclampsia severa/eclampsia,2009-03-01,1,1
90101,COBIJA,salud sexual y reproductiva,preeclampsia severa/eclampsia,2009-03-01,1,1
30101,COCHABAMBA,salud sexual y reproductiva,preeclampsia severa/eclampsia,2009-03-01,14,14
71101,CONCEPCION,salud sexual y reproductiva,preeclampsia severa/eclampsia,2009-03-01,4,4
21701,COPACABANA,salud sexual y reproductiva,preeclampsia severa/eclampsia,2009-03-01,1,1
21401,COROICO,salud sexual y reproductiva,preeclampsia severa/eclampsia,2009-03-01,1,1
70102,COTOCA,salud sexual y reproductiva,preeclampsia severa/eclampsia,2009-03-01,3,3
20105,EL ALTO,salud sexual y reproductiva,preeclampsia severa/eclampsia,2009-03-01,21,21
71503,EL PUENTE(STC),salud sexual y reproductiva,preeclampsia severa/eclampsia,2009-03-01,1,1
60601,ENTRE RIOS,salud sexual y reproductiva,preeclampsia severa/eclampsia,2009-03-01,1,1
71004,FERNANDEZ ALONSO,salud sexual y reproductiva,preeclampsia severa/eclampsia,2009-03-01,1,1
80202,GUAYARAMERIN,salud sexual y reproductiva,preeclampsia severa/eclampsia,2009-03-01,2,2
70104,LA GUARDIA,salud sexual y reproductiva,preeclampsia severa/eclampsia,2009-03-01,1,1
20101,LA PAZ,salud sexual y reproductiva,preeclampsia severa/eclampsia,2009-03-01,31,31
20607,MAPIRI,salud sexual y reproductiva,preeclampsia severa/eclampsia,2009-03-01,2,2
71003,MINEROS,salud sexual y reproductiva,preeclampsia severa/eclampsia,2009-03-01,2,2
31301,MIZQUE,salud sexual y reproductiva,preeclampsia severa/eclampsia,2009-03-01,3,3
40101,ORURO,salud sexual y reproductiva,preeclampsia severa/eclampsia,2009-03-01,9,9
50101,POTOSI,salud sexual y reproductiva,preeclampsia severa/eclampsia,2009-03-01,16,16
90201,PUERTO RICO,salud sexual y reproductiva,preeclampsia severa/eclampsia,2009-03-01,2,2
31205,PUERTO VILLARROEL,salud sexual y reproductiva,preeclampsia severa/eclampsia,2009-03-01,13,13
80201,RIBERALTA,salud sexual y reproductiva,preeclampsia severa/eclampsia,2009-03-01,9,9
31001,SACABA,salud sexual y reproductiva,preeclampsia severa/eclampsia,2009-03-01,3,3
70402,SAN CARLOS,salud sexual y reproductiva,preeclampsia severa/eclampsia,2009-03-01,1,1
70301,SAN IGNACIO DE VELASCO,salud sexual y reproductiva,preeclampsia severa/eclampsia,2009-03-01,1,1
71102,SAN JAVIER(STC),salud sexual y reproductiva,preeclampsia severa/eclampsia,2009-03-01,3,3
70501,SAN JOSE DE CHIQUITOS,salud sexual y reproductiva,preeclampsia severa/eclampsia,2009-03-01,1,1
80401,SANTA ANA,salud sexual y reproductiva,preeclampsia severa/eclampsia,2009-03-01,4,4
70101,SANTA CRUZ DE LA SIERRA,salud sexual y reproductiva,preeclampsia severa/eclampsia,2009-03-01,59,59
10101,SUCRE,salud sexual y reproductiva,preeclampsia severa/eclampsia,2009-03-01,8,8
60101,TARIJA,salud sexual y reproductiva,preeclampsia severa/eclampsia,2009-03-01,7,7
20606,TIPUANI,salud sexual y reproductiva,preeclampsia severa/eclampsia,2009-03-01,4,4
80101,TRINIDAD,salud sexual y reproductiva,preeclampsia severa/eclampsia,2009-03-01,20,20
50201,UNCIA,salud sexual y reproductiva,preeclampsia severa/eclampsia,2009-03-01,2,2
31003,VILLA TUNARI,salud sexual y reproductiva,preeclampsia severa/eclampsia,2009-03-01,3,3
51501,VILLAZON,salud sexual y reproductiva,preeclampsia severa/eclampsia,2009-03-01,4,4
70201,WARNES,salud sexual y reproductiva,preeclampsia severa/eclampsia,2009-03-01,2,2
60301,YACUIBA,salud sexual y reproductiva,preeclampsia severa/eclampsia,2009-03-01,2,2
71501,ASCENCION DE GUARAYOS,salud sexual y reproductiva,preeclampsia severa/eclampsia,2009-04-01,5,5
70703,CABEZAS,salud sexual y reproductiva,preeclampsia severa/eclampsia,2009-04-01,1,1
70706,CAMIRI,salud sexual y reproductiva,preeclampsia severa/eclampsia,2009-04-01,2,2
22001,CARANAVI,salud sexual y reproductiva,preeclampsia severa/eclampsia,2009-04-01,1,1
40201,CHALLAPATA,salud sexual y reproductiva,preeclampsia severa/eclampsia,2009-04-01,1,1
70702,CHARAGUA,salud sexual y reproductiva,preeclampsia severa/eclampsia,2009-04-01,3,3
30801,CLIZA,salud sexual y reproductiva,preeclampsia severa/eclampsia,2009-04-01,2,2
30101,COCHABAMBA,salud sexual y reproductiva,preeclampsia severa/eclampsia,2009-04-01,23,23
71101,CONCEPCION,salud sexual y reproductiva,preeclampsia severa/eclampsia,2009-04-01,1,1
21401,COROICO,salud sexual y reproductiva,preeclampsia severa/eclampsia,2009-04-01,2,2
70102,COTOCA,salud sexual y reproductiva,preeclampsia severa/eclampsia,2009-04-01,6,6
20105,EL ALTO,salud sexual y reproductiva,preeclampsia severa/eclampsia,2009-04-01,21,21
80402,EXALTACION,salud sexual y reproductiva,preeclampsia severa/eclampsia,2009-04-01,1,1
71004,FERNANDEZ ALONSO,salud sexual y reproductiva,preeclampsia severa/eclampsia,2009-04-01,1,1
90203,FILADELFIA,salud sexual y reproductiva,preeclampsia severa/eclampsia,2009-04-01,1,1
80202,GUAYARAMERIN,salud sexual y reproductiva,preeclampsia severa/eclampsia,2009-04-01,2,2
70104,LA GUARDIA,salud sexual y reproductiva,preeclampsia severa/eclampsia,2009-04-01,4,4
20101,LA PAZ,salud sexual y reproductiva,preeclampsia severa/eclampsia,2009-04-01,26,26
50203,LLALLAGUA,salud sexual y reproductiva,preeclampsia severa/eclampsia,2009-04-01,3,3
71003,MINEROS,salud sexual y reproductiva,preeclampsia severa/eclampsia,2009-04-01,1,1
31301,MIZQUE,salud sexual y reproductiva,preeclampsia severa/eclampsia,2009-04-01,18,18
90401,NACEBE (SANTA ROSA DEL ABUNA),salud sexual y reproductiva,preeclampsia severa/eclampsia,2009-04-01,3,3
40101,ORURO,salud sexual y reproductiva,preeclampsia severa/eclampsia,2009-04-01,10,10
21104,PALOS BLANCOS,salud sexual y reproductiva,preeclampsia severa/eclampsia,2009-04-01,1,1
10103,POROMA,salud sexual y reproductiva,preeclampsia severa/eclampsia,2009-04-01,1,1
50101,POTOSI,salud sexual y reproductiva,preeclampsia severa/eclampsia,2009-04-01,5,5
20401,PUERTO ACOSTA,salud sexual y reproductiva,preeclampsia severa/eclampsia,2009-04-01,1,1
31205,PUERTO VILLARROEL,salud sexual y reproductiva,preeclampsia severa/eclampsia,2009-04-01,3,3
51101,PUNA,salud sexual y reproductiva,preeclampsia severa/eclampsia,2009-04-01,1,1
30901,QUILLACOLLO,salud sexual y reproductiva,preeclampsia severa/eclampsia,2009-04-01,1,1
80201,RIBERALTA,salud sexual y reproductiva,preeclampsia severa/eclampsia,2009-04-01,9,9
80304,RURRENABAQUE,salud sexual y reproductiva,preeclampsia severa/eclampsia,2009-04-01,1,1
31001,SACABA,salud sexual y reproductiva,preeclampsia severa/eclampsia,2009-04-01,2,2
80501,SAN IGNACIO,salud sexual y reproductiva,preeclampsia severa/eclampsia,2009-04-01,1,1
70301,SAN IGNACIO DE VELASCO,salud sexual y reproductiva,preeclampsia severa/eclampsia,2009-04-01,2,2
71102,SAN JAVIER(STC),salud sexual y reproductiva,preeclampsia severa/eclampsia,2009-04-01,7,7
70501,SAN JOSE DE CHIQUITOS,salud sexual y reproductiva,preeclampsia severa/eclampsia,2009-04-01,1,1
70404,SAN JUAN DE YAPACANI,salud sexual y reproductiva,preeclampsia severa/eclampsia,2009-04-01,1,1
80401,SANTA ANA,salud sexual y reproductiva,preeclampsia severa/eclampsia,2009-04-01,5,5
70101,SANTA CRUZ DE LA SIERRA,salud sexual y reproductiva,preeclampsia severa/eclampsia,2009-04-01,68,68
10101,SUCRE,salud sexual y reproductiva,preeclampsia severa/eclampsia,2009-04-01,9,9
30401,TARATA,salud sexual y reproductiva,preeclampsia severa/eclampsia,2009-04-01,1,1
60101,TARIJA,salud sexual y reproductiva,preeclampsia severa/eclampsia,2009-04-01,10,10
20606,TIPUANI,salud sexual y reproductiva,preeclampsia severa/eclampsia,2009-04-01,2,2
80101,TRINIDAD,salud sexual y reproductiva,preeclampsia severa/eclampsia,2009-04-01,11,11
71502,URUBICHA,salud sexual y reproductiva,preeclampsia severa/eclampsia,2009-04-01,1,1
31003,VILLA TUNARI,salud sexual y reproductiva,preeclampsia severa/eclampsia,2009-04-01,4,4
11001,VILLA VACA GUZMAN (MUYUPAMPA),salud sexual y reproductiva,preeclampsia severa/eclampsia,2009-04-01,1,1
51501,VILLAZON,salud sexual y reproductiva,preeclampsia severa/eclampsia,2009-04-01,3,3
70201,WARNES,salud sexual y reproductiva,preeclampsia severa/eclampsia,2009-04-01,4,4
60301,YACUIBA,salud sexual y reproductiva,preeclampsia severa/eclampsia,2009-04-01,1,1
70403,YAPACANI,salud sexual y reproductiva,preeclampsia severa/eclampsia,2009-04-01,1,1
30201,AIQUILE,salud sexual y reproductiva,preeclampsia severa/eclampsia,2009-05-01,1,1
71501,ASCENCION DE GUARAYOS,salud sexual y reproductiva,preeclampsia severa/eclampsia,2009-05-01,3,3
70706,CAMIRI,salud sexual y reproductiva,preeclampsia severa/eclampsia,2009-05-01,1,1
22001,CARANAVI,salud sexual y reproductiva,preeclampsia severa/eclampsia,2009-05-01,1,1
40201,CHALLAPATA,salud sexual y reproductiva,preeclampsia severa/eclampsia,2009-05-01,1,1
30101,COCHABAMBA,salud sexual y reproductiva,preeclampsia severa/eclampsia,2009-05-01,18,18
71101,CONCEPCION,salud sexual y reproductiva,preeclampsia severa/eclampsia,2009-05-01,1,1
21401,COROICO,salud sexual y reproductiva,preeclampsia severa/eclampsia,2009-05-01,1,1
70102,COTOCA,salud sexual y reproductiva,preeclampsia severa/eclampsia,2009-05-01,11,11
20105,EL ALTO,salud sexual y reproductiva,preeclampsia severa/eclampsia,2009-05-01,24,24
60601,ENTRE RIOS,salud sexual y reproductiva,preeclampsia severa/eclampsia,2009-05-01,1,1
80202,GUAYARAMERIN,salud sexual y reproductiva,preeclampsia severa/eclampsia,2009-05-01,2,2
70104,LA GUARDIA,salud sexual y reproductiva,preeclampsia severa/eclampsia,2009-05-01,1,1
20101,LA PAZ,salud sexual y reproductiva,preeclampsia severa/eclampsia,2009-05-01,21,21
50203,LLALLAGUA,salud sexual y reproductiva,preeclampsia severa/eclampsia,2009-05-01,4,4
10501,MONTEAGUDO,salud sexual y reproductiva,preeclampsia severa/eclampsia,2009-05-01,1,1
40101,ORURO,salud sexual y reproductiva,preeclampsia severa/eclampsia,2009-05-01,18,18
40602,PAZÑA,salud sexual y reproductiva,preeclampsia severa/eclampsia,2009-05-01,2,2
50101,POTOSI,salud sexual y reproductiva,preeclampsia severa/eclampsia,2009-05-01,5,5
71401,PUERTO SUAREZ,salud sexual y reproductiva,preeclampsia severa/eclampsia,2009-05-01,2,2
31205,PUERTO VILLARROEL,salud sexual y reproductiva,preeclampsia severa/eclampsia,2009-05-01,4,4
80201,RIBERALTA,salud sexual y reproductiva,preeclampsia severa/eclampsia,2009-05-01,5,5
31001,SACABA,salud sexual y reproductiva,preeclampsia severa/eclampsia,2009-05-01,1,1
80602,SAN ANDRES,salud sexual y reproductiva,preeclampsia severa/eclampsia,2009-05-01,5,5
70402,SAN CARLOS,salud sexual y reproductiva,preeclampsia severa/eclampsia,2009-05-01,1,1
70301,SAN IGNACIO DE VELASCO,salud sexual y reproductiva,preeclampsia severa/eclampsia,2009-05-01,2,2
71102,SAN JAVIER(STC),salud sexual y reproductiva,preeclampsia severa/eclampsia,2009-05-01,7,7
70501,SAN JOSE DE CHIQUITOS,salud sexual y reproductiva,preeclampsia severa/eclampsia,2009-05-01,1,1
80401,SANTA ANA,salud sexual y reproductiva,preeclampsia severa/eclampsia,2009-05-01,6,6
70101,SANTA CRUZ DE LA SIERRA,salud sexual y reproductiva,preeclampsia severa/eclampsia,2009-05-01,55,55
20601,SORATA,salud sexual y reproductiva,preeclampsia severa/eclampsia,2009-05-01,1,1
10101,SUCRE,salud sexual y reproductiva,preeclampsia severa/eclampsia,2009-05-01,7,7
60101,TARIJA,salud sexual y reproductiva,preeclampsia severa/eclampsia,2009-05-01,4,4
20606,TIPUANI,salud sexual y reproductiva,preeclampsia severa/eclampsia,2009-05-01,1,1
30903,TIQUIPAYA,salud sexual y reproductiva,preeclampsia severa/eclampsia,2009-05-01,1,1
31601,TIRAQUE (CBBA),salud sexual y reproductiva,preeclampsia severa/eclampsia,2009-05-01,1,1
80101,TRINIDAD,salud sexual y reproductiva,preeclampsia severa/eclampsia,2009-05-01,10,10
31003,VILLA TUNARI,salud sexual y reproductiva,preeclampsia severa/eclampsia,2009-05-01,2,2
11001,VILLA VACA GUZMAN (MUYUPAMPA),salud sexual y reproductiva,preeclampsia severa/eclampsia,2009-05-01,1,1
51501,VILLAZON,salud sexual y reproductiva,preeclampsia severa/eclampsia,2009-05-01,1,1
71501,ASCENCION DE GUARAYOS,salud sexual y reproductiva,preeclampsia severa/eclampsia,2009-06-01,3,3
70703,CABEZAS,salud sexual y reproductiva,preeclampsia severa/eclampsia,2009-06-01,6,6
21304,CALAMARCA,salud sexual y reproductiva,preeclampsia severa/eclampsia,2009-06-01,2,2
70706,CAMIRI,salud sexual y reproductiva,preeclampsia severa/eclampsia,2009-06-01,3,3
71403,CARMEN RIVERO TORREZ,salud sexual y reproductiva,preeclampsia severa/eclampsia,2009-06-01,1,1
70702,CHARAGUA,salud sexual y reproductiva,preeclampsia severa/eclampsia,2009-06-01,1,1
30101,COCHABAMBA,salud sexual y reproductiva,preeclampsia severa/eclampsia,2009-06-01,23,23
50401,COLQUECHACA,salud sexual y reproductiva,preeclampsia severa/eclampsia,2009-06-01,1,1
71301,COMARAPA,salud sexual y reproductiva,preeclampsia severa/eclampsia,2009-06-01,1,1
71101,CONCEPCION,salud sexual y reproductiva,preeclampsia severa/eclampsia,2009-06-01,3,3
21401,COROICO,salud sexual y reproductiva,preeclampsia severa/eclampsia,2009-06-01,3,3
70102,COTOCA,salud sexual y reproductiva,preeclampsia severa/eclampsia,2009-06-01,2,2
20105,EL ALTO,salud sexual y reproductiva,preeclampsia severa/eclampsia,2009-06-01,36,36
90203,FILADELFIA,salud sexual y reproductiva,preeclampsia severa/eclampsia,2009-06-01,1,1
20602,GUANAY,salud sexual y reproductiva,preeclampsia severa/eclampsia,2009-06-01,2,2
80202,GUAYARAMERIN,salud sexual y reproductiva,preeclampsia severa/eclampsia,2009-06-01,2,2
21105,LA ASUNTA,salud sexual y reproductiva,preeclampsia severa/eclampsia,2009-06-01,1,1
70104,LA GUARDIA,salud sexual y reproductiva,preeclampsia severa/eclampsia,2009-06-01,2,2
20101,LA PAZ,salud sexual y reproductiva,preeclampsia severa/eclampsia,2009-06-01,34,34
50203,LLALLAGUA,salud sexual y reproductiva,preeclampsia severa/eclampsia,2009-06-01,1,1
71001,MONTERO,salud sexual y reproductiva,preeclampsia severa/eclampsia,2009-06-01,1,1
90401,NACEBE (SANTA ROSA DEL ABUNA),salud sexual y reproductiva,preeclampsia severa/eclampsia,2009-06-01,3,3
70202,OKINAWA,salud sexual y reproductiva,preeclampsia severa/eclampsia,2009-06-01,1,1
40101,ORURO,salud sexual y reproductiva,preeclampsia severa/eclampsia,2009-06-01,13,13
31202,POJO (CBBA),salud sexual y reproductiva,preeclampsia severa/eclampsia,2009-06-01,1,1
50101,POTOSI,salud sexual y reproductiva,preeclampsia severa/eclampsia,2009-06-01,12,12
71401,PUERTO SUAREZ,salud sexual y reproductiva,preeclampsia severa/eclampsia,2009-06-01,1,1
31205,PUERTO VILLARROEL,salud sexual y reproductiva,preeclampsia severa/eclampsia,2009-06-01,1,1
80201,RIBERALTA,salud sexual y reproductiva,preeclampsia severa/eclampsia,2009-06-01,3,3
70503,ROBORE,salud sexual y reproductiva,preeclampsia severa/eclampsia,2009-06-01,1,1
50701,SACACA,salud sexual y reproductiva,preeclampsia severa/eclampsia,2009-06-01,1,1
80501,SAN IGNACIO,salud sexual y reproductiva,preeclampsia severa/eclampsia,2009-06-01,1,1
70301,SAN IGNACIO DE VELASCO,salud sexual y reproductiva,preeclampsia severa/eclampsia,2009-06-01,4,4
71102,SAN JAVIER(STC),salud sexual y reproductiva,preeclampsia severa/eclampsia,2009-06-01,2,2
70302,SAN MIGUEL DE VELASCO,salud sexual y reproductiva,preeclampsia severa/eclampsia,2009-06-01,1,1
70101,SANTA CRUZ DE LA SIERRA,salud sexual y reproductiva,preeclampsia severa/eclampsia,2009-06-01,67,67
10101,SUCRE,salud sexual y reproductiva,preeclampsia severa/eclampsia,2009-06-01,6,6
30602,TACOPAYA,salud sexual y reproductiva,preeclampsia severa/eclampsia,2009-06-01,1,1
10601,TARABUCO,salud sexual y reproductiva,preeclampsia severa/eclampsia,2009-06-01,1,1
60101,TARIJA,salud sexual y reproductiva,preeclampsia severa/eclampsia,2009-06-01,7,7
80101,TRINIDAD,salud sexual y reproductiva,preeclampsia severa/eclampsia,2009-06-01,5,5
20801,VIACHA,salud sexual y reproductiva,preeclampsia severa/eclampsia,2009-06-01,1,1
31003,VILLA TUNARI,salud sexual y reproductiva,preeclampsia severa/eclampsia,2009-06-01,2,2
51501,VILLAZON,salud sexual y reproductiva,preeclampsia severa/eclampsia,2009-06-01,1,1
70201,WARNES,salud sexual y reproductiva,preeclampsia severa/eclampsia,2009-06-01,2,2
71501,ASCENCION DE GUARAYOS,salud sexual y reproductiva,preeclampsia severa/eclampsia,2009-07-01,3,3
60202,BERMEJO,salud sexual y reproductiva,preeclampsia severa/eclampsia,2009-07-01,2,2
50301,BETANZOS,salud sexual y reproductiva,preeclampsia severa/eclampsia,2009-07-01,2,2
70706,CAMIRI,salud sexual y reproductiva,preeclampsia severa/eclampsia,2009-07-01,2,2
30701,CAPINOTA,salud sexual y reproductiva,preeclampsia severa/eclampsia,2009-07-01,1,1
40201,CHALLAPATA,salud sexual y reproductiva,preeclampsia severa/eclampsia,2009-07-01,4,4
30801,CLIZA,salud sexual y reproductiva,preeclampsia severa/eclampsia,2009-07-01,1,1
90101,COBIJA,salud sexual y reproductiva,preeclampsia severa/eclampsia,2009-07-01,4,4
30101,COCHABAMBA,salud sexual y reproductiva,preeclampsia severa/eclampsia,2009-07-01,31,31
31002,COLOMI,salud sexual y reproductiva,preeclampsia severa/eclampsia,2009-07-01,1,1
71101,CONCEPCION,salud sexual y reproductiva,preeclampsia severa/eclampsia,2009-07-01,1,1
70102,COTOCA,salud sexual y reproductiva,preeclampsia severa/eclampsia,2009-07-01,3,3
71106,CUATRO CAÑADAS,salud sexual y reproductiva,preeclampsia severa/eclampsia,2009-07-01,2,2
20105,EL ALTO,salud sexual y reproductiva,preeclampsia severa/eclampsia,2009-07-01,39,39
70105,EL TORNO,salud sexual y reproductiva,preeclampsia severa/eclampsia,2009-07-01,1,1
60601,ENTRE RIOS,salud sexual y reproductiva,preeclampsia severa/eclampsia,2009-07-01,1,1
71002,GENERAL SAAVEDRA,salud sexual y reproductiva,preeclampsia severa/eclampsia,2009-07-01,1,1
80202,GUAYARAMERIN,salud sexual y reproductiva,preeclampsia severa/eclampsia,2009-07-01,1,1
20101,LA PAZ,salud sexual y reproductiva,preeclampsia severa/eclampsia,2009-07-01,33,33
50203,LLALLAGUA,salud sexual y reproductiva,preeclampsia severa/eclampsia,2009-07-01,2,2
20607,MAPIRI,salud sexual y reproductiva,preeclampsia severa/eclampsia,2009-07-01,1,1
71003,MINEROS,salud sexual y reproductiva,preeclampsia severa/eclampsia,2009-07-01,3,3
10303,MOJOCOYA,salud sexual y reproductiva,preeclampsia severa/eclampsia,2009-07-01,1,1
10501,MONTEAGUDO,salud sexual y reproductiva,preeclampsia severa/eclampsia,2009-07-01,4,4
40101,ORURO,salud sexual y reproductiva,preeclampsia severa/eclampsia,2009-07-01,32,32
70502,PAILON,salud sexual y reproductiva,preeclampsia severa/eclampsia,2009-07-01,1,1
50101,POTOSI,salud sexual y reproductiva,preeclampsia severa/eclampsia,2009-07-01,15,15
20401,PUERTO ACOSTA,salud sexual y reproductiva,preeclampsia severa/eclampsia,2009-07-01,3,3
90201,PUERTO RICO,salud sexual y reproductiva,preeclampsia severa/eclampsia,2009-07-01,1,1
31205,PUERTO VILLARROEL,salud sexual y reproductiva,preeclampsia severa/eclampsia,2009-07-01,6,6
31401,PUNATA,salud sexual y reproductiva,preeclampsia severa/eclampsia,2009-07-01,2,2
30901,QUILLACOLLO,salud sexual y reproductiva,preeclampsia severa/eclampsia,2009-07-01,2,2
80201,RIBERALTA,salud sexual y reproductiva,preeclampsia severa/eclampsia,2009-07-01,10,10
70503,ROBORE,salud sexual y reproductiva,preeclampsia severa/eclampsia,2009-07-01,3,3
80304,RURRENABAQUE,salud sexual y reproductiva,preeclampsia severa/eclampsia,2009-07-01,4,4
31001,SACABA,salud sexual y reproductiva,preeclampsia severa/eclampsia,2009-07-01,1,1
70402,SAN CARLOS,salud sexual y reproductiva,preeclampsia severa/eclampsia,2009-07-01,2,2
70301,SAN IGNACIO DE VELASCO,salud sexual y reproductiva,preeclampsia severa/eclampsia,2009-07-01,4,4
70404,SAN JUAN DE YAPACANI,salud sexual y reproductiva,preeclampsia severa/eclampsia,2009-07-01,2,2
70302,SAN MIGUEL DE VELASCO,salud sexual y reproductiva,preeclampsia severa/eclampsia,2009-07-01,1,1
80401,SANTA ANA,salud sexual y reproductiva,preeclampsia severa/eclampsia,2009-07-01,3,3
70101,SANTA CRUZ DE LA SIERRA,salud sexual y reproductiva,preeclampsia severa/eclampsia,2009-07-01,75,75
21301,SICA SICA (VILLA AROMA),salud sexual y reproductiva,preeclampsia severa/eclampsia,2009-07-01,1,1
10101,SUCRE,salud sexual y reproductiva,preeclampsia severa/eclampsia,2009-07-01,7,7
10601,TARABUCO,salud sexual y reproductiva,preeclampsia severa/eclampsia,2009-07-01,1,1
60101,TARIJA,salud sexual y reproductiva,preeclampsia severa/eclampsia,2009-07-01,7,7
20606,TIPUANI,salud sexual y reproductiva,preeclampsia severa/eclampsia,2009-07-01,6,6
80101,TRINIDAD,salud sexual y reproductiva,preeclampsia severa/eclampsia,2009-07-01,11,11
51501,VILLAZON,salud sexual y reproductiva,preeclampsia severa/eclampsia,2009-07-01,1,1
51301,ARAMPAMPA,salud sexual y reproductiva,preeclampsia severa/eclampsia,2009-08-01,8,8
60202,BERMEJO,salud sexual y reproductiva,preeclampsia severa/eclampsia,2009-08-01,1,1
10701,CAMARGO,salud sexual y reproductiva,preeclampsia severa/eclampsia,2009-08-01,2,2
40201,CHALLAPATA,salud sexual y reproductiva,preeclampsia severa/eclampsia,2009-08-01,1,1
31204,CHIMORE,salud sexual y reproductiva,preeclampsia severa/eclampsia,2009-08-01,1,1
90101,COBIJA,salud sexual y reproductiva,preeclampsia severa/eclampsia,2009-08-01,1,1
30101,COCHABAMBA,salud sexual y reproductiva,preeclampsia severa/eclampsia,2009-08-01,21,21
30905,COLCAPIRHUA,salud sexual y reproductiva,preeclampsia severa/eclampsia,2009-08-01,1,1
70102,COTOCA,salud sexual y reproductiva,preeclampsia severa/eclampsia,2009-08-01,2,2
10902,CULPINA,salud sexual y reproductiva,preeclampsia severa/eclampsia,2009-08-01,6,6
20105,EL ALTO,salud sexual y reproductiva,preeclampsia severa/eclampsia,2009-08-01,26,26
20802,GUAQUI,salud sexual y reproductiva,preeclampsia severa/eclampsia,2009-08-01,1,1
70104,LA GUARDIA,salud sexual y reproductiva,preeclampsia severa/eclampsia,2009-08-01,1,1
20101,LA PAZ,salud sexual y reproductiva,preeclampsia severa/eclampsia,2009-08-01,55,55
70701,LAGUNILLAS,salud sexual y reproductiva,preeclampsia severa/eclampsia,2009-08-01,2,2
40101,ORURO,salud sexual y reproductiva,preeclampsia severa/eclampsia,2009-08-01,17,17
50101,POTOSI,salud sexual y reproductiva,preeclampsia severa/eclampsia,2009-08-01,6,6
71401,PUERTO SUAREZ,salud sexual y reproductiva,preeclampsia severa/eclampsia,2009-08-01,1,1
31401,PUNATA,salud sexual y reproductiva,preeclampsia severa/eclampsia,2009-08-01,1,1
30901,QUILLACOLLO,salud sexual y reproductiva,preeclampsia severa/eclampsia,2009-08-01,1,1
80201,RIBERALTA,salud sexual y reproductiva,preeclampsia severa/eclampsia,2009-08-01,2,2
70503,ROBORE,salud sexual y reproductiva,preeclampsia severa/eclampsia,2009-08-01,1,1
70301,SAN IGNACIO DE VELASCO,salud sexual y reproductiva,preeclampsia severa/eclampsia,2009-08-01,3,3
70404,SAN JUAN DE YAPACANI,salud sexual y reproductiva,preeclampsia severa/eclampsia,2009-08-01,1,1
71005,SAN PEDRO,salud sexual y reproductiva,preeclampsia severa/eclampsia,2009-08-01,1,1
80401,SANTA ANA,salud sexual y reproductiva,preeclampsia severa/eclampsia,2009-08-01,5,5
70101,SANTA CRUZ DE LA SIERRA,salud sexual y reproductiva,preeclampsia severa/eclampsia,2009-08-01,73,73
80303,SANTA ROSA,salud sexual y reproductiva,preeclampsia severa/eclampsia,2009-08-01,1,1
10101,SUCRE,salud sexual y reproductiva,preeclampsia severa/eclampsia,2009-08-01,14,14
60101,TARIJA,salud sexual y reproductiva,preeclampsia severa/eclampsia,2009-08-01,14,14
80101,TRINIDAD,salud sexual y reproductiva,preeclampsia severa/eclampsia,2009-08-01,10,10
31003,VILLA TUNARI,salud sexual y reproductiva,preeclampsia severa/eclampsia,2009-08-01,1,1
70201,WARNES,salud sexual y reproductiva,preeclampsia severa/eclampsia,2009-08-01,1,1
20903,YACO,salud sexual y reproductiva,preeclampsia severa/eclampsia,2009-08-01,1,1
20104,ACHOCALLA,salud sexual y reproductiva,preeclampsia severa/eclampsia,2009-09-01,1,1
21203,BATALLAS,salud sexual y reproductiva,preeclampsia severa/eclampsia,2009-09-01,1,1
70706,CAMIRI,salud sexual y reproductiva,preeclampsia severa/eclampsia,2009-09-01,1,1
22001,CARANAVI,salud sexual y reproductiva,preeclampsia severa/eclampsia,2009-09-01,1,1
20305,CHARAÑA,salud sexual y reproductiva,preeclampsia severa/eclampsia,2009-09-01,1,1
31204,CHIMORE,salud sexual y reproductiva,preeclampsia severa/eclampsia,2009-09-01,2,2
30101,COCHABAMBA,salud sexual y reproductiva,preeclampsia severa/eclampsia,2009-09-01,38,38
71301,COMARAPA,salud sexual y reproductiva,preeclampsia severa/eclampsia,2009-09-01,1,1
21401,COROICO,salud sexual y reproductiva,preeclampsia severa/eclampsia,2009-09-01,4,4
70102,COTOCA,salud sexual y reproductiva,preeclampsia severa/eclampsia,2009-09-01,2,2
20105,EL ALTO,salud sexual y reproductiva,preeclampsia severa/eclampsia,2009-09-01,51,51
71002,GENERAL SAAVEDRA,salud sexual y reproductiva,preeclampsia severa/eclampsia,2009-09-01,1,1
20802,GUAQUI,salud sexual y reproductiva,preeclampsia severa/eclampsia,2009-09-01,1,1
80202,GUAYARAMERIN,salud sexual y reproductiva,preeclampsia severa/eclampsia,2009-09-01,2,2
21102,IRUPANA (VILLA DE LANZA),salud sexual y reproductiva,preeclampsia severa/eclampsia,2009-09-01,1,1
20101,LA PAZ,salud sexual y reproductiva,preeclampsia severa/eclampsia,2009-09-01,63,63
50203,LLALLAGUA,salud sexual y reproductiva,preeclampsia severa/eclampsia,2009-09-01,1,1
71001,MONTERO,salud sexual y reproductiva,preeclampsia severa/eclampsia,2009-09-01,1,1
40101,ORURO,salud sexual y reproductiva,preeclampsia severa/eclampsia,2009-09-01,16,16
70601,PORTACHUELO,salud sexual y reproductiva,preeclampsia severa/eclampsia,2009-09-01,1,1
20401,PUERTO ACOSTA,salud sexual y reproductiva,preeclampsia severa/eclampsia,2009-09-01,1,1
71401,PUERTO SUAREZ,salud sexual y reproductiva,preeclampsia severa/eclampsia,2009-09-01,2,2
31205,PUERTO VILLARROEL,salud sexual y reproductiva,preeclampsia severa/eclampsia,2009-09-01,1,1
51101,PUNA,salud sexual y reproductiva,preeclampsia severa/eclampsia,2009-09-01,1,1
80201,RIBERALTA,salud sexual y reproductiva,preeclampsia severa/eclampsia,2009-09-01,12,12
31001,SACABA,salud sexual y reproductiva,preeclampsia severa/eclampsia,2009-09-01,1,1
70301,SAN IGNACIO DE VELASCO,salud sexual y reproductiva,preeclampsia severa/eclampsia,2009-09-01,5,5
71102,SAN JAVIER(STC),salud sexual y reproductiva,preeclampsia severa/eclampsia,2009-09-01,1,1
80702,SAN RAMON,salud sexual y reproductiva,preeclampsia severa/eclampsia,2009-09-01,5,5
80401,SANTA ANA,salud sexual y reproductiva,preeclampsia severa/eclampsia,2009-09-01,3,3
70101,SANTA CRUZ DE LA SIERRA,salud sexual y reproductiva,preeclampsia severa/eclampsia,2009-09-01,121,121
10101,SUCRE,salud sexual y reproductiva,preeclampsia severa/eclampsia,2009-09-01,5,5
60101,TARIJA,salud sexual y reproductiva,preeclampsia severa/eclampsia,2009-09-01,9,9
80101,TRINIDAD,salud sexual y reproductiva,preeclampsia severa/eclampsia,2009-09-01,6,6
50201,UNCIA,salud sexual y reproductiva,preeclampsia severa/eclampsia,2009-09-01,3,3
31003,VILLA TUNARI,salud sexual y reproductiva,preeclampsia severa/eclampsia,2009-09-01,7,7
20201,ACHACACHI,salud sexual y reproductiva,preeclampsia severa/eclampsia,2009-10-01,2,2
21203,BATALLAS,salud sexual y reproductiva,preeclampsia severa/eclampsia,2009-10-01,2,2
70706,CAMIRI,salud sexual y reproductiva,preeclampsia severa/eclampsia,2009-10-01,3,3
70702,CHARAGUA,salud sexual y reproductiva,preeclampsia severa/eclampsia,2009-10-01,1,1
90101,COBIJA,salud sexual y reproductiva,preeclampsia severa/eclampsia,2009-10-01,1,1
30101,COCHABAMBA,salud sexual y reproductiva,preeclampsia severa/eclampsia,2009-10-01,27,27
31002,COLOMI,salud sexual y reproductiva,preeclampsia severa/eclampsia,2009-10-01,1,1
21401,COROICO,salud sexual y reproductiva,preeclampsia severa/eclampsia,2009-10-01,2,2
70102,COTOCA,salud sexual y reproductiva,preeclampsia severa/eclampsia,2009-10-01,1,1
20105,EL ALTO,salud sexual y reproductiva,preeclampsia severa/eclampsia,2009-10-01,68,68
41101,EUCALIPTUS,salud sexual y reproductiva,preeclampsia severa/eclampsia,2009-10-01,1,1
71002,GENERAL SAAVEDRA,salud sexual y reproductiva,preeclampsia severa/eclampsia,2009-10-01,2,2
80202,GUAYARAMERIN,salud sexual y reproductiva,preeclampsia severa/eclampsia,2009-10-01,2,2
41601,HUAYLLAMARCA,salud sexual y reproductiva,preeclampsia severa/eclampsia,2009-10-01,1,1
70104,LA GUARDIA,salud sexual y reproductiva,preeclampsia severa/eclampsia,2009-10-01,2,2
20101,LA PAZ,salud sexual y reproductiva,preeclampsia severa/eclampsia,2009-10-01,55,55
71003,MINEROS,salud sexual y reproductiva,preeclampsia severa/eclampsia,2009-10-01,2,2
71001,MONTERO,salud sexual y reproductiva,preeclampsia severa/eclampsia,2009-10-01,2,2
40101,ORURO,salud sexual y reproductiva,preeclampsia severa/eclampsia,2009-10-01,19,19
21305,PATACAMAYA,salud sexual y reproductiva,preeclampsia severa/eclampsia,2009-10-01,1,1
70103,PORONGO,salud sexual y reproductiva,preeclampsia severa/eclampsia,2009-10-01,1,1
50101,POTOSI,salud sexual y reproductiva,preeclampsia severa/eclampsia,2009-10-01,9,9
80201,RIBERALTA,salud sexual y reproductiva,preeclampsia severa/eclampsia,2009-10-01,8,8
80304,RURRENABAQUE,salud sexual y reproductiva,preeclampsia severa/eclampsia,2009-10-01,1,1
21502,SAN BUENA VENTURA,salud sexual y reproductiva,preeclampsia severa/eclampsia,2009-10-01,1,1
70402,SAN CARLOS,salud sexual y reproductiva,preeclampsia severa/eclampsia,2009-10-01,1,1
70301,SAN IGNACIO DE VELASCO,salud sexual y reproductiva,preeclampsia severa/eclampsia,2009-10-01,2,2
70404,SAN JUAN DE YAPACANI,salud sexual y reproductiva,preeclampsia severa/eclampsia,2009-10-01,1,1
71104,SAN JULIAN,salud sexual y reproductiva,preeclampsia severa/eclampsia,2009-10-01,1,1
10702,SAN LUCAS,salud sexual y reproductiva,preeclampsia severa/eclampsia,2009-10-01,1,1
71005,SAN PEDRO,salud sexual y reproductiva,preeclampsia severa/eclampsia,2009-10-01,1,1
80401,SANTA ANA,salud sexual y reproductiva,preeclampsia severa/eclampsia,2009-10-01,2,2
70101,SANTA CRUZ DE LA SIERRA,salud sexual y reproductiva,preeclampsia severa/eclampsia,2009-10-01,75,75
10101,SUCRE,salud sexual y reproductiva,preeclampsia severa/eclampsia,2009-10-01,5,5
60101,TARIJA,salud sexual y reproductiva,preeclampsia severa/eclampsia,2009-10-01,12,12
31601,TIRAQUE (CBBA),salud sexual y reproductiva,preeclampsia severa/eclampsia,2009-10-01,1,1
80101,TRINIDAD,salud sexual y reproductiva,preeclampsia severa/eclampsia,2009-10-01,1,1
50201,UNCIA,salud sexual y reproductiva,preeclampsia severa/eclampsia,2009-10-01,2,2
71502,URUBICHA,salud sexual y reproductiva,preeclampsia severa/eclampsia,2009-10-01,1,1
20801,VIACHA,salud sexual y reproductiva,preeclampsia severa/eclampsia,2009-10-01,4,4
31003,VILLA TUNARI,salud sexual y reproductiva,preeclampsia severa/eclampsia,2009-10-01,1,1
51501,VILLAZON,salud sexual y reproductiva,preeclampsia severa/eclampsia,2009-10-01,2,2
70201,WARNES,salud sexual y reproductiva,preeclampsia severa/eclampsia,2009-10-01,2,2
70403,YAPACANI,salud sexual y reproductiva,preeclampsia severa/eclampsia,2009-10-01,1,1
70706,CAMIRI,salud sexual y reproductiva,preeclampsia severa/eclampsia,2009-11-01,3,3
30701,CAPINOTA,salud sexual y reproductiva,preeclampsia severa/eclampsia,2009-11-01,1,1
22001,CARANAVI,salud sexual y reproductiva,preeclampsia severa/eclampsia,2009-11-01,1,1
40201,CHALLAPATA,salud sexual y reproductiva,preeclampsia severa/eclampsia,2009-11-01,1,1
90101,COBIJA,salud sexual y reproductiva,preeclampsia severa/eclampsia,2009-11-01,4,4
30101,COCHABAMBA,salud sexual y reproductiva,preeclampsia severa/eclampsia,2009-11-01,12,12
71301,COMARAPA,salud sexual y reproductiva,preeclampsia severa/eclampsia,2009-11-01,1,1
70102,COTOCA,salud sexual y reproductiva,preeclampsia severa/eclampsia,2009-11-01,5,5
20105,EL ALTO,salud sexual y reproductiva,preeclampsia severa/eclampsia,2009-11-01,40,40
60601,ENTRE RIOS,salud sexual y reproductiva,preeclampsia severa/eclampsia,2009-11-01,1,1
80202,GUAYARAMERIN,salud sexual y reproductiva,preeclampsia severa/eclampsia,2009-11-01,3,3
21102,IRUPANA (VILLA DE LANZA),salud sexual y reproductiva,preeclampsia severa/eclampsia,2009-11-01,1,1
20101,LA PAZ,salud sexual y reproductiva,preeclampsia severa/eclampsia,2009-11-01,44,44
50203,LLALLAGUA,salud sexual y reproductiva,preeclampsia severa/eclampsia,2009-11-01,1,1
71003,MINEROS,salud sexual y reproductiva,preeclampsia severa/eclampsia,2009-11-01,1,1
31301,MIZQUE,salud sexual y reproductiva,preeclampsia severa/eclampsia,2009-11-01,2,2
10501,MONTEAGUDO,salud sexual y reproductiva,preeclampsia severa/eclampsia,2009-11-01,2,2
71001,MONTERO,salud sexual y reproductiva,preeclampsia severa/eclampsia,2009-11-01,2,2
40101,ORURO,salud sexual y reproductiva,preeclampsia severa/eclampsia,2009-11-01,16,16
70601,PORTACHUELO,salud sexual y reproductiva,preeclampsia severa/eclampsia,2009-11-01,1,1
50101,POTOSI,salud sexual y reproductiva,preeclampsia severa/eclampsia,2009-11-01,16,16
71401,PUERTO SUAREZ,salud sexual y reproductiva,preeclampsia severa/eclampsia,2009-11-01,1,1
80201,RIBERALTA,salud sexual y reproductiva,preeclampsia severa/eclampsia,2009-11-01,11,11
31001,SACABA,salud sexual y reproductiva,preeclampsia severa/eclampsia,2009-11-01,3,3
50701,SACACA,salud sexual y reproductiva,preeclampsia severa/eclampsia,2009-11-01,1,1
21502,SAN BUENA VENTURA,salud sexual y reproductiva,preeclampsia severa/eclampsia,2009-11-01,1,1
70301,SAN IGNACIO DE VELASCO,salud sexual y reproductiva,preeclampsia severa/eclampsia,2009-11-01,3,3
80102,SAN JAVIER(BNI),salud sexual y reproductiva,preeclampsia severa/eclampsia,2009-11-01,1,1
21801,SAN PEDRO DE CURAHUARA,salud sexual y reproductiva,preeclampsia severa/eclampsia,2009-11-01,2,2
70101,SANTA CRUZ DE LA SIERRA,salud sexual y reproductiva,preeclampsia severa/eclampsia,2009-11-01,51,51
10101,SUCRE,salud sexual y reproductiva,preeclampsia severa/eclampsia,2009-11-01,4,4
50303,TACOBAMBA,salud sexual y reproductiva,preeclampsia severa/eclampsia,2009-11-01,5,5
60101,TARIJA,salud sexual y reproductiva,preeclampsia severa/eclampsia,2009-11-01,3,3
10202,TARVITA,salud sexual y reproductiva,preeclampsia severa/eclampsia,2009-11-01,1,1
51202,TOMAVE,salud sexual y reproductiva,preeclampsia severa/eclampsia,2009-11-01,1,1
80101,TRINIDAD,salud sexual y reproductiva,preeclampsia severa/eclampsia,2009-11-01,7,7
50201,UNCIA,salud sexual y reproductiva,preeclampsia severa/eclampsia,2009-11-01,2,2
51501,VILLAZON,salud sexual y reproductiva,preeclampsia severa/eclampsia,2009-11-01,1,1
70201,WARNES,salud sexual y reproductiva,preeclampsia severa/eclampsia,2009-11-01,1,1
60402,YUNCHARA,salud sexual y reproductiva,preeclampsia severa/eclampsia,2009-11-01,1,1
71501,ASCENCION DE GUARAYOS,salud sexual y reproductiva,preeclampsia severa/eclampsia,2009-12-01,1,1
70706,CAMIRI,salud sexual y reproductiva,preeclampsia severa/eclampsia,2009-12-01,6,6
40102,CARACOLLO,salud sexual y reproductiva,preeclampsia severa/eclampsia,2009-12-01,1,1
40201,CHALLAPATA,salud sexual y reproductiva,preeclampsia severa/eclampsia,2009-12-01,2,2
90101,COBIJA,salud sexual y reproductiva,preeclampsia severa/eclampsia,2009-12-01,4,4
30101,COCHABAMBA,salud sexual y reproductiva,preeclampsia severa/eclampsia,2009-12-01,28,28
21004,COLQUIRI,salud sexual y reproductiva,preeclampsia severa/eclampsia,2009-12-01,1,1
50601,COTAGAITA,salud sexual y reproductiva,preeclampsia severa/eclampsia,2009-12-01,1,1
70102,COTOCA,salud sexual y reproductiva,preeclampsia severa/eclampsia,2009-12-01,6,6
71106,CUATRO CAÑADAS,salud sexual y reproductiva,preeclampsia severa/eclampsia,2009-12-01,1,1
20105,EL ALTO,salud sexual y reproductiva,preeclampsia severa/eclampsia,2009-12-01,45,45
41101,EUCALIPTUS,salud sexual y reproductiva,preeclampsia severa/eclampsia,2009-12-01,1,1
21601,GRAL. J.J. PEREZ (CHARAZANI),salud sexual y reproductiva,preeclampsia severa/eclampsia,2009-12-01,1,1
70104,LA GUARDIA,salud sexual y reproductiva,preeclampsia severa/eclampsia,2009-12-01,1,1
20101,LA PAZ,salud sexual y reproductiva,preeclampsia severa/eclampsia,2009-12-01,55,55
50203,LLALLAGUA,salud sexual y reproductiva,preeclampsia severa/eclampsia,2009-12-01,1,1
40101,ORURO,salud sexual y reproductiva,preeclampsia severa/eclampsia,2009-12-01,27,27
40802,PAMPA AULLAGAS,salud sexual y reproductiva,preeclampsia severa/eclampsia,2009-12-01,1,1
21305,PATACAMAYA,salud sexual y reproductiva,preeclampsia severa/eclampsia,2009-12-01,3,3
50101,POTOSI,salud sexual y reproductiva,preeclampsia severa/eclampsia,2009-12-01,9,9
71401,PUERTO SUAREZ,salud sexual y reproductiva,preeclampsia severa/eclampsia,2009-12-01,1,1
31205,PUERTO VILLARROEL,salud sexual y reproductiva,preeclampsia severa/eclampsia,2009-12-01,4,4
80201,RIBERALTA,salud sexual y reproductiva,preeclampsia severa/eclampsia,2009-12-01,14,14
70503,ROBORE,salud sexual y reproductiva,preeclampsia severa/eclampsia,2009-12-01,2,2
80304,RURRENABAQUE,salud sexual y reproductiva,preeclampsia severa/eclampsia,2009-12-01,1,1
31001,SACABA,salud sexual y reproductiva,preeclampsia severa/eclampsia,2009-12-01,3,3
21502,SAN BUENA VENTURA,salud sexual y reproductiva,preeclampsia severa/eclampsia,2009-12-01,1,1
70301,SAN IGNACIO DE VELASCO,salud sexual y reproductiva,preeclampsia severa/eclampsia,2009-12-01,1,1
71102,SAN JAVIER(STC),salud sexual y reproductiva,preeclampsia severa/eclampsia,2009-12-01,4,4
60501,SAN LORENZO(TJA),salud sexual y reproductiva,preeclampsia severa/eclampsia,2009-12-01,8,8
21801,SAN PEDRO DE CURAHUARA,salud sexual y reproductiva,preeclampsia severa/eclampsia,2009-12-01,1,1
70303,SAN RAFAEL,salud sexual y reproductiva,preeclampsia severa/eclampsia,2009-12-01,1,1
80702,SAN RAMON,salud sexual y reproductiva,preeclampsia severa/eclampsia,2009-12-01,1,1
80401,SANTA ANA,salud sexual y reproductiva,preeclampsia severa/eclampsia,2009-12-01,3,3
70101,SANTA CRUZ DE LA SIERRA,salud sexual y reproductiva,preeclampsia severa/eclampsia,2009-12-01,61,61
80303,SANTA ROSA,salud sexual y reproductiva,preeclampsia severa/eclampsia,2009-12-01,1,1
20308,SANTIAGO DE CALLAPA,salud sexual y reproductiva,preeclampsia severa/eclampsia,2009-12-01,1,1
10101,SUCRE,salud sexual y reproductiva,preeclampsia severa/eclampsia,2009-12-01,9,9
60101,TARIJA,salud sexual y reproductiva,preeclampsia severa/eclampsia,2009-12-01,6,6
80101,TRINIDAD,salud sexual y reproductiva,preeclampsia severa/eclampsia,2009-12-01,2,2
50201,UNCIA,salud sexual y reproductiva,preeclampsia severa/eclampsia,2009-12-01,4,4
31003,VILLA TUNARI,salud sexual y reproductiva,preeclampsia severa/eclampsia,2009-12-01,1,1
51501,VILLAZON,salud sexual y reproductiva,preeclampsia severa/eclampsia,2009-12-01,2,2
70201,WARNES,salud sexual y reproductiva,preeclampsia severa/eclampsia,2009-12-01,2,2
