codigo_municipio,municipio,grupo,variable,mes,totales_total-m,totales-1_total-f,totales-2_total
30501,ARANI,intoxicaciones,"otras intoxicaciones (drogas, farmacos, alcohol etc.)",2015-01-01,0,1,1
50802,ATOCHA,intoxicaciones,"otras intoxicaciones (drogas, farmacos, alcohol etc.)",2015-01-01,2,0,2
70401,BUENA VISTA,intoxicaciones,"otras intoxicaciones (drogas, farmacos, alcohol etc.)",2015-01-01,1,0,1
70706,CAMIRI,intoxicaciones,"otras intoxicaciones (drogas, farmacos, alcohol etc.)",2015-01-01,7,3,10
40102,CARACOLLO,intoxicaciones,"otras intoxicaciones (drogas, farmacos, alcohol etc.)",2015-01-01,0,1,1
90101,COBIJA,intoxicaciones,"otras intoxicaciones (drogas, farmacos, alcohol etc.)",2015-01-01,7,3,10
30101,COCHABAMBA,intoxicaciones,"otras intoxicaciones (drogas, farmacos, alcohol etc.)",2015-01-01,22,22,44
30905,COLCAPIRHUA,intoxicaciones,"otras intoxicaciones (drogas, farmacos, alcohol etc.)",2015-01-01,2,2,4
31002,COLOMI,intoxicaciones,"otras intoxicaciones (drogas, farmacos, alcohol etc.)",2015-01-01,1,0,1
50401,COLQUECHACA,intoxicaciones,"otras intoxicaciones (drogas, farmacos, alcohol etc.)",2015-01-01,0,1,1
71301,COMARAPA,intoxicaciones,"otras intoxicaciones (drogas, farmacos, alcohol etc.)",2015-01-01,1,1,2
21401,COROICO,intoxicaciones,"otras intoxicaciones (drogas, farmacos, alcohol etc.)",2015-01-01,1,1,2
50601,COTAGAITA,intoxicaciones,"otras intoxicaciones (drogas, farmacos, alcohol etc.)",2015-01-01,0,1,1
70102,COTOCA,intoxicaciones,"otras intoxicaciones (drogas, farmacos, alcohol etc.)",2015-01-01,1,1,2
20105,EL ALTO,intoxicaciones,"otras intoxicaciones (drogas, farmacos, alcohol etc.)",2015-01-01,22,16,38
71503,EL PUENTE(STC),intoxicaciones,"otras intoxicaciones (drogas, farmacos, alcohol etc.)",2015-01-01,3,0,3
70105,EL TORNO,intoxicaciones,"otras intoxicaciones (drogas, farmacos, alcohol etc.)",2015-01-01,3,1,4
31206,ENTRE RIOS CBBA,intoxicaciones,"otras intoxicaciones (drogas, farmacos, alcohol etc.)",2015-01-01,0,1,1
80202,GUAYARAMERIN,intoxicaciones,"otras intoxicaciones (drogas, farmacos, alcohol etc.)",2015-01-01,1,1,2
40701,HUANUNI,intoxicaciones,"otras intoxicaciones (drogas, farmacos, alcohol etc.)",2015-01-01,10,2,12
70104,LA GUARDIA,intoxicaciones,"otras intoxicaciones (drogas, farmacos, alcohol etc.)",2015-01-01,2,5,7
20101,LA PAZ,intoxicaciones,"otras intoxicaciones (drogas, farmacos, alcohol etc.)",2015-01-01,57,27,84
50203,LLALLAGUA,intoxicaciones,"otras intoxicaciones (drogas, farmacos, alcohol etc.)",2015-01-01,4,5,9
80801,MAGDALENA,intoxicaciones,"otras intoxicaciones (drogas, farmacos, alcohol etc.)",2015-01-01,4,0,4
20103,MECAPACA,intoxicaciones,"otras intoxicaciones (drogas, farmacos, alcohol etc.)",2015-01-01,2,0,2
71001,MONTERO,intoxicaciones,"otras intoxicaciones (drogas, farmacos, alcohol etc.)",2015-01-01,9,4,13
40101,ORURO,intoxicaciones,"otras intoxicaciones (drogas, farmacos, alcohol etc.)",2015-01-01,1,0,1
10401,PADILLA,intoxicaciones,"otras intoxicaciones (drogas, farmacos, alcohol etc.)",2015-01-01,0,2,2
70502,PAILON,intoxicaciones,"otras intoxicaciones (drogas, farmacos, alcohol etc.)",2015-01-01,1,1,2
21104,PALOS BLANCOS,intoxicaciones,"otras intoxicaciones (drogas, farmacos, alcohol etc.)",2015-01-01,0,1,1
90102,PORVENIR,intoxicaciones,"otras intoxicaciones (drogas, farmacos, alcohol etc.)",2015-01-01,0,1,1
50101,POTOSI,intoxicaciones,"otras intoxicaciones (drogas, farmacos, alcohol etc.)",2015-01-01,22,16,38
71402,PUERTO QUIJARRO,intoxicaciones,"otras intoxicaciones (drogas, farmacos, alcohol etc.)",2015-01-01,1,2,3
31205,PUERTO VILLARROEL,intoxicaciones,"otras intoxicaciones (drogas, farmacos, alcohol etc.)",2015-01-01,7,3,10
31401,PUNATA,intoxicaciones,"otras intoxicaciones (drogas, farmacos, alcohol etc.)",2015-01-01,1,3,4
30901,QUILLACOLLO,intoxicaciones,"otras intoxicaciones (drogas, farmacos, alcohol etc.)",2015-01-01,0,3,3
70904,QUIRUSILLAS,intoxicaciones,"otras intoxicaciones (drogas, farmacos, alcohol etc.)",2015-01-01,0,1,1
80201,RIBERALTA,intoxicaciones,"otras intoxicaciones (drogas, farmacos, alcohol etc.)",2015-01-01,1,0,1
70503,ROBORE,intoxicaciones,"otras intoxicaciones (drogas, farmacos, alcohol etc.)",2015-01-01,1,0,1
80304,RURRENABAQUE,intoxicaciones,"otras intoxicaciones (drogas, farmacos, alcohol etc.)",2015-01-01,0,1,1
31001,SACABA,intoxicaciones,"otras intoxicaciones (drogas, farmacos, alcohol etc.)",2015-01-01,2,8,10
70901,SAMAIPATA,intoxicaciones,"otras intoxicaciones (drogas, farmacos, alcohol etc.)",2015-01-01,2,0,2
80501,SAN IGNACIO,intoxicaciones,"otras intoxicaciones (drogas, farmacos, alcohol etc.)",2015-01-01,1,0,1
70301,SAN IGNACIO DE VELASCO,intoxicaciones,"otras intoxicaciones (drogas, farmacos, alcohol etc.)",2015-01-01,1,1,2
70404,SAN JUAN DE YAPACANI,intoxicaciones,"otras intoxicaciones (drogas, farmacos, alcohol etc.)",2015-01-01,1,0,1
71201,SAN MATIAS,intoxicaciones,"otras intoxicaciones (drogas, farmacos, alcohol etc.)",2015-01-01,1,1,2
70302,SAN MIGUEL DE VELASCO,intoxicaciones,"otras intoxicaciones (drogas, farmacos, alcohol etc.)",2015-01-01,1,1,2
80401,SANTA ANA,intoxicaciones,"otras intoxicaciones (drogas, farmacos, alcohol etc.)",2015-01-01,1,0,1
70101,SANTA CRUZ DE LA SIERRA,intoxicaciones,"otras intoxicaciones (drogas, farmacos, alcohol etc.)",2015-01-01,114,72,186
70602,SANTA ROSA DEL SARA,intoxicaciones,"otras intoxicaciones (drogas, farmacos, alcohol etc.)",2015-01-01,1,1,2
20308,SANTIAGO DE CALLAPA,intoxicaciones,"otras intoxicaciones (drogas, farmacos, alcohol etc.)",2015-01-01,0,1,1
20902,SAPAHAQUI,intoxicaciones,"otras intoxicaciones (drogas, farmacos, alcohol etc.)",2015-01-01,1,0,1
31602,SHINAOTA,intoxicaciones,"otras intoxicaciones (drogas, farmacos, alcohol etc.)",2015-01-01,1,1,2
10101,SUCRE,intoxicaciones,"otras intoxicaciones (drogas, farmacos, alcohol etc.)",2015-01-01,44,16,60
60101,TARIJA,intoxicaciones,"otras intoxicaciones (drogas, farmacos, alcohol etc.)",2015-01-01,26,11,37
20803,TIAWANACU,intoxicaciones,"otras intoxicaciones (drogas, farmacos, alcohol etc.)",2015-01-01,0,1,1
51202,TOMAVE,intoxicaciones,"otras intoxicaciones (drogas, farmacos, alcohol etc.)",2015-01-01,0,1,1
31201,TOTORA(CBBA),intoxicaciones,"otras intoxicaciones (drogas, farmacos, alcohol etc.)",2015-01-01,0,1,1
80101,TRINIDAD,intoxicaciones,"otras intoxicaciones (drogas, farmacos, alcohol etc.)",2015-01-01,1,0,1
50801,TUPIZA,intoxicaciones,"otras intoxicaciones (drogas, farmacos, alcohol etc.)",2015-01-01,1,3,4
60401,URIONDO (A. CONCEPCION),intoxicaciones,"otras intoxicaciones (drogas, farmacos, alcohol etc.)",2015-01-01,3,1,4
51201,UYUNI,intoxicaciones,"otras intoxicaciones (drogas, farmacos, alcohol etc.)",2015-01-01,0,1,1
70801,VALLEGRANDE,intoxicaciones,"otras intoxicaciones (drogas, farmacos, alcohol etc.)",2015-01-01,2,2,4
60303,VILLA MONTES,intoxicaciones,"otras intoxicaciones (drogas, farmacos, alcohol etc.)",2015-01-01,2,2,4
31003,VILLA TUNARI,intoxicaciones,"otras intoxicaciones (drogas, farmacos, alcohol etc.)",2015-01-01,7,9,16
11001,VILLA VACA GUZMAN (MUYUPAMPA),intoxicaciones,"otras intoxicaciones (drogas, farmacos, alcohol etc.)",2015-01-01,0,1,1
70201,WARNES,intoxicaciones,"otras intoxicaciones (drogas, farmacos, alcohol etc.)",2015-01-01,3,2,5
60301,YACUIBA,intoxicaciones,"otras intoxicaciones (drogas, farmacos, alcohol etc.)",2015-01-01,2,5,7
70403,YAPACANI,intoxicaciones,"otras intoxicaciones (drogas, farmacos, alcohol etc.)",2015-01-01,0,2,2
10102,YOTALA,intoxicaciones,"otras intoxicaciones (drogas, farmacos, alcohol etc.)",2015-01-01,2,1,3
71501,ASCENCION DE GUARAYOS,intoxicaciones,"otras intoxicaciones (drogas, farmacos, alcohol etc.)",2015-02-01,3,1,4
90104,BELLA FLOR,intoxicaciones,"otras intoxicaciones (drogas, farmacos, alcohol etc.)",2015-02-01,1,0,1
60202,BERMEJO,intoxicaciones,"otras intoxicaciones (drogas, farmacos, alcohol etc.)",2015-02-01,1,0,1
50301,BETANZOS,intoxicaciones,"otras intoxicaciones (drogas, farmacos, alcohol etc.)",2015-02-01,1,0,1
70703,CABEZAS,intoxicaciones,"otras intoxicaciones (drogas, farmacos, alcohol etc.)",2015-02-01,0,1,1
70706,CAMIRI,intoxicaciones,"otras intoxicaciones (drogas, farmacos, alcohol etc.)",2015-02-01,3,3,6
60302,CARAPARI,intoxicaciones,"otras intoxicaciones (drogas, farmacos, alcohol etc.)",2015-02-01,2,2,4
70702,CHARAGUA,intoxicaciones,"otras intoxicaciones (drogas, farmacos, alcohol etc.)",2015-02-01,1,0,1
21101,CHULUMANI (V. DE LA LIBERTAD),intoxicaciones,"otras intoxicaciones (drogas, farmacos, alcohol etc.)",2015-02-01,18,5,23
51103,CKOCHAS,intoxicaciones,"otras intoxicaciones (drogas, farmacos, alcohol etc.)",2015-02-01,1,0,1
90101,COBIJA,intoxicaciones,"otras intoxicaciones (drogas, farmacos, alcohol etc.)",2015-02-01,1,0,1
30101,COCHABAMBA,intoxicaciones,"otras intoxicaciones (drogas, farmacos, alcohol etc.)",2015-02-01,20,24,44
30905,COLCAPIRHUA,intoxicaciones,"otras intoxicaciones (drogas, farmacos, alcohol etc.)",2015-02-01,3,2,5
31002,COLOMI,intoxicaciones,"otras intoxicaciones (drogas, farmacos, alcohol etc.)",2015-02-01,1,0,1
70603,COLPA BELGICA,intoxicaciones,"otras intoxicaciones (drogas, farmacos, alcohol etc.)",2015-02-01,1,3,4
50401,COLQUECHACA,intoxicaciones,"otras intoxicaciones (drogas, farmacos, alcohol etc.)",2015-02-01,4,1,5
71301,COMARAPA,intoxicaciones,"otras intoxicaciones (drogas, farmacos, alcohol etc.)",2015-02-01,1,0,1
21401,COROICO,intoxicaciones,"otras intoxicaciones (drogas, farmacos, alcohol etc.)",2015-02-01,1,0,1
71106,CUATRO CAÑADAS,intoxicaciones,"otras intoxicaciones (drogas, farmacos, alcohol etc.)",2015-02-01,3,1,4
20105,EL ALTO,intoxicaciones,"otras intoxicaciones (drogas, farmacos, alcohol etc.)",2015-02-01,18,27,45
71503,EL PUENTE(STC),intoxicaciones,"otras intoxicaciones (drogas, farmacos, alcohol etc.)",2015-02-01,2,2,4
70105,EL TORNO,intoxicaciones,"otras intoxicaciones (drogas, farmacos, alcohol etc.)",2015-02-01,7,6,13
20405,ESCOMA,intoxicaciones,"otras intoxicaciones (drogas, farmacos, alcohol etc.)",2015-02-01,4,7,11
20802,GUAQUI,intoxicaciones,"otras intoxicaciones (drogas, farmacos, alcohol etc.)",2015-02-01,1,0,1
80202,GUAYARAMERIN,intoxicaciones,"otras intoxicaciones (drogas, farmacos, alcohol etc.)",2015-02-01,3,2,5
10502,HUACARETA,intoxicaciones,"otras intoxicaciones (drogas, farmacos, alcohol etc.)",2015-02-01,0,1,1
40701,HUANUNI,intoxicaciones,"otras intoxicaciones (drogas, farmacos, alcohol etc.)",2015-02-01,1,2,3
70104,LA GUARDIA,intoxicaciones,"otras intoxicaciones (drogas, farmacos, alcohol etc.)",2015-02-01,9,4,13
20101,LA PAZ,intoxicaciones,"otras intoxicaciones (drogas, farmacos, alcohol etc.)",2015-02-01,62,34,96
21202,LAJA,intoxicaciones,"otras intoxicaciones (drogas, farmacos, alcohol etc.)",2015-02-01,1,0,1
50203,LLALLAGUA,intoxicaciones,"otras intoxicaciones (drogas, farmacos, alcohol etc.)",2015-02-01,6,18,24
70903,MAIRANA,intoxicaciones,"otras intoxicaciones (drogas, farmacos, alcohol etc.)",2015-02-01,4,4,8
31301,MIZQUE,intoxicaciones,"otras intoxicaciones (drogas, farmacos, alcohol etc.)",2015-02-01,2,1,3
10501,MONTEAGUDO,intoxicaciones,"otras intoxicaciones (drogas, farmacos, alcohol etc.)",2015-02-01,1,1,2
71001,MONTERO,intoxicaciones,"otras intoxicaciones (drogas, farmacos, alcohol etc.)",2015-02-01,11,4,15
70803,MORO MORO,intoxicaciones,"otras intoxicaciones (drogas, farmacos, alcohol etc.)",2015-02-01,1,0,1
50404,OCURI,intoxicaciones,"otras intoxicaciones (drogas, farmacos, alcohol etc.)",2015-02-01,0,1,1
40101,ORURO,intoxicaciones,"otras intoxicaciones (drogas, farmacos, alcohol etc.)",2015-02-01,3,1,4
10401,PADILLA,intoxicaciones,"otras intoxicaciones (drogas, farmacos, alcohol etc.)",2015-02-01,3,1,4
70502,PAILON,intoxicaciones,"otras intoxicaciones (drogas, farmacos, alcohol etc.)",2015-02-01,2,2,4
70902,PAMPA GRANDE,intoxicaciones,"otras intoxicaciones (drogas, farmacos, alcohol etc.)",2015-02-01,1,0,1
50403,POCOATA,intoxicaciones,"otras intoxicaciones (drogas, farmacos, alcohol etc.)",2015-02-01,0,3,3
70103,PORONGO,intoxicaciones,"otras intoxicaciones (drogas, farmacos, alcohol etc.)",2015-02-01,2,2,4
70804,POSTRER VALLE,intoxicaciones,"otras intoxicaciones (drogas, farmacos, alcohol etc.)",2015-02-01,0,1,1
50101,POTOSI,intoxicaciones,"otras intoxicaciones (drogas, farmacos, alcohol etc.)",2015-02-01,33,8,41
90301,PUERTO GONZALO MORENO,intoxicaciones,"otras intoxicaciones (drogas, farmacos, alcohol etc.)",2015-02-01,1,0,1
71401,PUERTO SUAREZ,intoxicaciones,"otras intoxicaciones (drogas, farmacos, alcohol etc.)",2015-02-01,2,0,2
31205,PUERTO VILLARROEL,intoxicaciones,"otras intoxicaciones (drogas, farmacos, alcohol etc.)",2015-02-01,2,1,3
31401,PUNATA,intoxicaciones,"otras intoxicaciones (drogas, farmacos, alcohol etc.)",2015-02-01,3,1,4
30901,QUILLACOLLO,intoxicaciones,"otras intoxicaciones (drogas, farmacos, alcohol etc.)",2015-02-01,1,1,2
21002,QUIME,intoxicaciones,"otras intoxicaciones (drogas, farmacos, alcohol etc.)",2015-02-01,1,1,2
70904,QUIRUSILLAS,intoxicaciones,"otras intoxicaciones (drogas, farmacos, alcohol etc.)",2015-02-01,0,1,1
50402,RAVELO,intoxicaciones,"otras intoxicaciones (drogas, farmacos, alcohol etc.)",2015-02-01,2,0,2
80201,RIBERALTA,intoxicaciones,"otras intoxicaciones (drogas, farmacos, alcohol etc.)",2015-02-01,0,1,1
70503,ROBORE,intoxicaciones,"otras intoxicaciones (drogas, farmacos, alcohol etc.)",2015-02-01,1,2,3
31001,SACABA,intoxicaciones,"otras intoxicaciones (drogas, farmacos, alcohol etc.)",2015-02-01,1,2,3
70901,SAMAIPATA,intoxicaciones,"otras intoxicaciones (drogas, farmacos, alcohol etc.)",2015-02-01,1,2,3
21502,SAN BUENA VENTURA,intoxicaciones,"otras intoxicaciones (drogas, farmacos, alcohol etc.)",2015-02-01,5,0,5
70402,SAN CARLOS,intoxicaciones,"otras intoxicaciones (drogas, farmacos, alcohol etc.)",2015-02-01,1,2,3
80501,SAN IGNACIO,intoxicaciones,"otras intoxicaciones (drogas, farmacos, alcohol etc.)",2015-02-01,5,1,6
70301,SAN IGNACIO DE VELASCO,intoxicaciones,"otras intoxicaciones (drogas, farmacos, alcohol etc.)",2015-02-01,6,2,8
70404,SAN JUAN DE YAPACANI,intoxicaciones,"otras intoxicaciones (drogas, farmacos, alcohol etc.)",2015-02-01,2,2,4
10702,SAN LUCAS,intoxicaciones,"otras intoxicaciones (drogas, farmacos, alcohol etc.)",2015-02-01,1,0,1
71201,SAN MATIAS,intoxicaciones,"otras intoxicaciones (drogas, farmacos, alcohol etc.)",2015-02-01,0,1,1
71005,SAN PEDRO,intoxicaciones,"otras intoxicaciones (drogas, farmacos, alcohol etc.)",2015-02-01,1,0,1
70101,SANTA CRUZ DE LA SIERRA,intoxicaciones,"otras intoxicaciones (drogas, farmacos, alcohol etc.)",2015-02-01,104,52,156
70602,SANTA ROSA DEL SARA,intoxicaciones,"otras intoxicaciones (drogas, farmacos, alcohol etc.)",2015-02-01,1,2,3
10101,SUCRE,intoxicaciones,"otras intoxicaciones (drogas, farmacos, alcohol etc.)",2015-02-01,50,17,67
10601,TARABUCO,intoxicaciones,"otras intoxicaciones (drogas, farmacos, alcohol etc.)",2015-02-01,0,2,2
60101,TARIJA,intoxicaciones,"otras intoxicaciones (drogas, farmacos, alcohol etc.)",2015-02-01,28,6,34
10202,TARVITA,intoxicaciones,"otras intoxicaciones (drogas, farmacos, alcohol etc.)",2015-02-01,1,0,1
20608,TEOPONTE,intoxicaciones,"otras intoxicaciones (drogas, farmacos, alcohol etc.)",2015-02-01,0,1,1
20606,TIPUANI,intoxicaciones,"otras intoxicaciones (drogas, farmacos, alcohol etc.)",2015-02-01,0,1,1
30803,TOLATA,intoxicaciones,"otras intoxicaciones (drogas, farmacos, alcohol etc.)",2015-02-01,0,1,1
50502,TORO TORO,intoxicaciones,"otras intoxicaciones (drogas, farmacos, alcohol etc.)",2015-02-01,1,0,1
31201,TOTORA(CBBA),intoxicaciones,"otras intoxicaciones (drogas, farmacos, alcohol etc.)",2015-02-01,1,0,1
80101,TRINIDAD,intoxicaciones,"otras intoxicaciones (drogas, farmacos, alcohol etc.)",2015-02-01,0,2,2
60401,URIONDO (A. CONCEPCION),intoxicaciones,"otras intoxicaciones (drogas, farmacos, alcohol etc.)",2015-02-01,2,0,2
51201,UYUNI,intoxicaciones,"otras intoxicaciones (drogas, farmacos, alcohol etc.)",2015-02-01,1,0,1
70801,VALLEGRANDE,intoxicaciones,"otras intoxicaciones (drogas, farmacos, alcohol etc.)",2015-02-01,6,6,12
10704,VILLA CHARCAS,intoxicaciones,"otras intoxicaciones (drogas, farmacos, alcohol etc.)",2015-02-01,1,1,2
60303,VILLA MONTES,intoxicaciones,"otras intoxicaciones (drogas, farmacos, alcohol etc.)",2015-02-01,1,0,1
31003,VILLA TUNARI,intoxicaciones,"otras intoxicaciones (drogas, farmacos, alcohol etc.)",2015-02-01,0,4,4
70201,WARNES,intoxicaciones,"otras intoxicaciones (drogas, farmacos, alcohol etc.)",2015-02-01,1,2,3
60301,YACUIBA,intoxicaciones,"otras intoxicaciones (drogas, farmacos, alcohol etc.)",2015-02-01,4,2,6
70403,YAPACANI,intoxicaciones,"otras intoxicaciones (drogas, farmacos, alcohol etc.)",2015-02-01,1,0,1
10404,ALCALA,intoxicaciones,"otras intoxicaciones (drogas, farmacos, alcohol etc.)",2015-03-01,1,2,3
71501,ASCENCION DE GUARAYOS,intoxicaciones,"otras intoxicaciones (drogas, farmacos, alcohol etc.)",2015-03-01,1,0,1
30301,AYOPAYA (V. DE INDEPENDENCIA),intoxicaciones,"otras intoxicaciones (drogas, farmacos, alcohol etc.)",2015-03-01,0,2,2
90104,BELLA FLOR,intoxicaciones,"otras intoxicaciones (drogas, farmacos, alcohol etc.)",2015-03-01,1,0,1
60202,BERMEJO,intoxicaciones,"otras intoxicaciones (drogas, farmacos, alcohol etc.)",2015-03-01,0,2,2
70707,BOYUIBE,intoxicaciones,"otras intoxicaciones (drogas, farmacos, alcohol etc.)",2015-03-01,2,0,2
70706,CAMIRI,intoxicaciones,"otras intoxicaciones (drogas, farmacos, alcohol etc.)",2015-03-01,6,7,13
22001,CARANAVI,intoxicaciones,"otras intoxicaciones (drogas, farmacos, alcohol etc.)",2015-03-01,1,0,1
60302,CARAPARI,intoxicaciones,"otras intoxicaciones (drogas, farmacos, alcohol etc.)",2015-03-01,3,2,5
40201,CHALLAPATA,intoxicaciones,"otras intoxicaciones (drogas, farmacos, alcohol etc.)",2015-03-01,1,0,1
90101,COBIJA,intoxicaciones,"otras intoxicaciones (drogas, farmacos, alcohol etc.)",2015-03-01,5,2,7
30101,COCHABAMBA,intoxicaciones,"otras intoxicaciones (drogas, farmacos, alcohol etc.)",2015-03-01,12,14,26
30905,COLCAPIRHUA,intoxicaciones,"otras intoxicaciones (drogas, farmacos, alcohol etc.)",2015-03-01,1,0,1
70603,COLPA BELGICA,intoxicaciones,"otras intoxicaciones (drogas, farmacos, alcohol etc.)",2015-03-01,1,0,1
50401,COLQUECHACA,intoxicaciones,"otras intoxicaciones (drogas, farmacos, alcohol etc.)",2015-03-01,1,0,1
71301,COMARAPA,intoxicaciones,"otras intoxicaciones (drogas, farmacos, alcohol etc.)",2015-03-01,0,2,2
71101,CONCEPCION,intoxicaciones,"otras intoxicaciones (drogas, farmacos, alcohol etc.)",2015-03-01,1,0,1
21401,COROICO,intoxicaciones,"otras intoxicaciones (drogas, farmacos, alcohol etc.)",2015-03-01,1,2,3
70102,COTOCA,intoxicaciones,"otras intoxicaciones (drogas, farmacos, alcohol etc.)",2015-03-01,1,0,1
71106,CUATRO CAÑADAS,intoxicaciones,"otras intoxicaciones (drogas, farmacos, alcohol etc.)",2015-03-01,0,1,1
10902,CULPINA,intoxicaciones,"otras intoxicaciones (drogas, farmacos, alcohol etc.)",2015-03-01,2,1,3
20105,EL ALTO,intoxicaciones,"otras intoxicaciones (drogas, farmacos, alcohol etc.)",2015-03-01,40,32,72
71503,EL PUENTE(STC),intoxicaciones,"otras intoxicaciones (drogas, farmacos, alcohol etc.)",2015-03-01,3,1,4
70105,EL TORNO,intoxicaciones,"otras intoxicaciones (drogas, farmacos, alcohol etc.)",2015-03-01,6,4,10
40701,HUANUNI,intoxicaciones,"otras intoxicaciones (drogas, farmacos, alcohol etc.)",2015-03-01,2,3,5
10703,INCAHUASI,intoxicaciones,"otras intoxicaciones (drogas, farmacos, alcohol etc.)",2015-03-01,0,1,1
21102,IRUPANA (VILLA DE LANZA),intoxicaciones,"otras intoxicaciones (drogas, farmacos, alcohol etc.)",2015-03-01,3,0,3
20806,JESUS DE MACHACA,intoxicaciones,"otras intoxicaciones (drogas, farmacos, alcohol etc.)",2015-03-01,1,0,1
70104,LA GUARDIA,intoxicaciones,"otras intoxicaciones (drogas, farmacos, alcohol etc.)",2015-03-01,2,2,4
20101,LA PAZ,intoxicaciones,"otras intoxicaciones (drogas, farmacos, alcohol etc.)",2015-03-01,48,63,111
70903,MAIRANA,intoxicaciones,"otras intoxicaciones (drogas, farmacos, alcohol etc.)",2015-03-01,3,1,4
31301,MIZQUE,intoxicaciones,"otras intoxicaciones (drogas, farmacos, alcohol etc.)",2015-03-01,0,1,1
10501,MONTEAGUDO,intoxicaciones,"otras intoxicaciones (drogas, farmacos, alcohol etc.)",2015-03-01,0,1,1
71001,MONTERO,intoxicaciones,"otras intoxicaciones (drogas, farmacos, alcohol etc.)",2015-03-01,12,12,24
30302,MOROCHATA,intoxicaciones,"otras intoxicaciones (drogas, farmacos, alcohol etc.)",2015-03-01,2,0,2
30203,OMEREQUE,intoxicaciones,"otras intoxicaciones (drogas, farmacos, alcohol etc.)",2015-03-01,1,0,1
40101,ORURO,intoxicaciones,"otras intoxicaciones (drogas, farmacos, alcohol etc.)",2015-03-01,0,1,1
10401,PADILLA,intoxicaciones,"otras intoxicaciones (drogas, farmacos, alcohol etc.)",2015-03-01,1,2,3
70502,PAILON,intoxicaciones,"otras intoxicaciones (drogas, farmacos, alcohol etc.)",2015-03-01,7,0,7
21104,PALOS BLANCOS,intoxicaciones,"otras intoxicaciones (drogas, farmacos, alcohol etc.)",2015-03-01,1,0,1
70902,PAMPA GRANDE,intoxicaciones,"otras intoxicaciones (drogas, farmacos, alcohol etc.)",2015-03-01,1,1,2
90102,PORVENIR,intoxicaciones,"otras intoxicaciones (drogas, farmacos, alcohol etc.)",2015-03-01,0,1,1
50101,POTOSI,intoxicaciones,"otras intoxicaciones (drogas, farmacos, alcohol etc.)",2015-03-01,22,7,29
71401,PUERTO SUAREZ,intoxicaciones,"otras intoxicaciones (drogas, farmacos, alcohol etc.)",2015-03-01,5,1,6
31205,PUERTO VILLARROEL,intoxicaciones,"otras intoxicaciones (drogas, farmacos, alcohol etc.)",2015-03-01,8,4,12
31401,PUNATA,intoxicaciones,"otras intoxicaciones (drogas, farmacos, alcohol etc.)",2015-03-01,1,2,3
30901,QUILLACOLLO,intoxicaciones,"otras intoxicaciones (drogas, farmacos, alcohol etc.)",2015-03-01,2,3,5
70503,ROBORE,intoxicaciones,"otras intoxicaciones (drogas, farmacos, alcohol etc.)",2015-03-01,3,0,3
80304,RURRENABAQUE,intoxicaciones,"otras intoxicaciones (drogas, farmacos, alcohol etc.)",2015-03-01,0,3,3
31001,SACABA,intoxicaciones,"otras intoxicaciones (drogas, farmacos, alcohol etc.)",2015-03-01,4,7,11
70901,SAMAIPATA,intoxicaciones,"otras intoxicaciones (drogas, farmacos, alcohol etc.)",2015-03-01,1,1,2
70402,SAN CARLOS,intoxicaciones,"otras intoxicaciones (drogas, farmacos, alcohol etc.)",2015-03-01,0,1,1
80501,SAN IGNACIO,intoxicaciones,"otras intoxicaciones (drogas, farmacos, alcohol etc.)",2015-03-01,1,0,1
70301,SAN IGNACIO DE VELASCO,intoxicaciones,"otras intoxicaciones (drogas, farmacos, alcohol etc.)",2015-03-01,1,1,2
71104,SAN JULIAN,intoxicaciones,"otras intoxicaciones (drogas, farmacos, alcohol etc.)",2015-03-01,2,2,4
71201,SAN MATIAS,intoxicaciones,"otras intoxicaciones (drogas, farmacos, alcohol etc.)",2015-03-01,1,0,1
21702,SAN PEDRO DE TIQUINA,intoxicaciones,"otras intoxicaciones (drogas, farmacos, alcohol etc.)",2015-03-01,1,0,1
70303,SAN RAFAEL,intoxicaciones,"otras intoxicaciones (drogas, farmacos, alcohol etc.)",2015-03-01,2,0,2
80401,SANTA ANA,intoxicaciones,"otras intoxicaciones (drogas, farmacos, alcohol etc.)",2015-03-01,0,1,1
70101,SANTA CRUZ DE LA SIERRA,intoxicaciones,"otras intoxicaciones (drogas, farmacos, alcohol etc.)",2015-03-01,135,82,217
21901,SANTIAGO DE MACHACA,intoxicaciones,"otras intoxicaciones (drogas, farmacos, alcohol etc.)",2015-03-01,1,0,1
30902,SIPE SIPE,intoxicaciones,"otras intoxicaciones (drogas, farmacos, alcohol etc.)",2015-03-01,0,1,1
10101,SUCRE,intoxicaciones,"otras intoxicaciones (drogas, farmacos, alcohol etc.)",2015-03-01,37,24,61
60101,TARIJA,intoxicaciones,"otras intoxicaciones (drogas, farmacos, alcohol etc.)",2015-03-01,29,19,48
50102,TINGUIPAYA,intoxicaciones,"otras intoxicaciones (drogas, farmacos, alcohol etc.)",2015-03-01,4,0,4
31601,TIRAQUE (CBBA),intoxicaciones,"otras intoxicaciones (drogas, farmacos, alcohol etc.)",2015-03-01,2,1,3
60401,URIONDO (A. CONCEPCION),intoxicaciones,"otras intoxicaciones (drogas, farmacos, alcohol etc.)",2015-03-01,2,2,4
51201,UYUNI,intoxicaciones,"otras intoxicaciones (drogas, farmacos, alcohol etc.)",2015-03-01,1,0,1
70801,VALLEGRANDE,intoxicaciones,"otras intoxicaciones (drogas, farmacos, alcohol etc.)",2015-03-01,2,0,2
60303,VILLA MONTES,intoxicaciones,"otras intoxicaciones (drogas, farmacos, alcohol etc.)",2015-03-01,3,1,4
31003,VILLA TUNARI,intoxicaciones,"otras intoxicaciones (drogas, farmacos, alcohol etc.)",2015-03-01,8,3,11
51501,VILLAZON,intoxicaciones,"otras intoxicaciones (drogas, farmacos, alcohol etc.)",2015-03-01,3,1,4
70201,WARNES,intoxicaciones,"otras intoxicaciones (drogas, farmacos, alcohol etc.)",2015-03-01,3,2,5
60301,YACUIBA,intoxicaciones,"otras intoxicaciones (drogas, farmacos, alcohol etc.)",2015-03-01,6,3,9
71501,ASCENCION DE GUARAYOS,intoxicaciones,"otras intoxicaciones (drogas, farmacos, alcohol etc.)",2015-04-01,3,0,3
21203,BATALLAS,intoxicaciones,"otras intoxicaciones (drogas, farmacos, alcohol etc.)",2015-04-01,1,0,1
70401,BUENA VISTA,intoxicaciones,"otras intoxicaciones (drogas, farmacos, alcohol etc.)",2015-04-01,1,0,1
70706,CAMIRI,intoxicaciones,"otras intoxicaciones (drogas, farmacos, alcohol etc.)",2015-04-01,0,2,2
60302,CARAPARI,intoxicaciones,"otras intoxicaciones (drogas, farmacos, alcohol etc.)",2015-04-01,1,2,3
90101,COBIJA,intoxicaciones,"otras intoxicaciones (drogas, farmacos, alcohol etc.)",2015-04-01,1,1,2
30101,COCHABAMBA,intoxicaciones,"otras intoxicaciones (drogas, farmacos, alcohol etc.)",2015-04-01,21,19,40
30905,COLCAPIRHUA,intoxicaciones,"otras intoxicaciones (drogas, farmacos, alcohol etc.)",2015-04-01,2,1,3
71301,COMARAPA,intoxicaciones,"otras intoxicaciones (drogas, farmacos, alcohol etc.)",2015-04-01,1,0,1
71101,CONCEPCION,intoxicaciones,"otras intoxicaciones (drogas, farmacos, alcohol etc.)",2015-04-01,0,1,1
70102,COTOCA,intoxicaciones,"otras intoxicaciones (drogas, farmacos, alcohol etc.)",2015-04-01,1,1,2
71106,CUATRO CAÑADAS,intoxicaciones,"otras intoxicaciones (drogas, farmacos, alcohol etc.)",2015-04-01,2,3,5
20105,EL ALTO,intoxicaciones,"otras intoxicaciones (drogas, farmacos, alcohol etc.)",2015-04-01,24,13,37
71503,EL PUENTE(STC),intoxicaciones,"otras intoxicaciones (drogas, farmacos, alcohol etc.)",2015-04-01,3,1,4
70105,EL TORNO,intoxicaciones,"otras intoxicaciones (drogas, farmacos, alcohol etc.)",2015-04-01,8,4,12
60601,ENTRE RIOS TRJ,intoxicaciones,"otras intoxicaciones (drogas, farmacos, alcohol etc.)",2015-04-01,1,0,1
31206,ENTRE RIOS CBBA,intoxicaciones,"otras intoxicaciones (drogas, farmacos, alcohol etc.)",2015-04-01,1,0,1
20405,ESCOMA,intoxicaciones,"otras intoxicaciones (drogas, farmacos, alcohol etc.)",2015-04-01,1,2,3
41101,EUCALIPTUS,intoxicaciones,"otras intoxicaciones (drogas, farmacos, alcohol etc.)",2015-04-01,0,1,1
21601,GRAL. J.J. PEREZ (CHARAZANI),intoxicaciones,"otras intoxicaciones (drogas, farmacos, alcohol etc.)",2015-04-01,1,0,1
80202,GUAYARAMERIN,intoxicaciones,"otras intoxicaciones (drogas, farmacos, alcohol etc.)",2015-04-01,4,0,4
40701,HUANUNI,intoxicaciones,"otras intoxicaciones (drogas, farmacos, alcohol etc.)",2015-04-01,4,1,5
70104,LA GUARDIA,intoxicaciones,"otras intoxicaciones (drogas, farmacos, alcohol etc.)",2015-04-01,2,2,4
20101,LA PAZ,intoxicaciones,"otras intoxicaciones (drogas, farmacos, alcohol etc.)",2015-04-01,77,20,97
31301,MIZQUE,intoxicaciones,"otras intoxicaciones (drogas, farmacos, alcohol etc.)",2015-04-01,3,0,3
20402,MOCOMOCO,intoxicaciones,"otras intoxicaciones (drogas, farmacos, alcohol etc.)",2015-04-01,1,0,1
10501,MONTEAGUDO,intoxicaciones,"otras intoxicaciones (drogas, farmacos, alcohol etc.)",2015-04-01,1,0,1
71001,MONTERO,intoxicaciones,"otras intoxicaciones (drogas, farmacos, alcohol etc.)",2015-04-01,12,5,17
70803,MORO MORO,intoxicaciones,"otras intoxicaciones (drogas, farmacos, alcohol etc.)",2015-04-01,1,0,1
70502,PAILON,intoxicaciones,"otras intoxicaciones (drogas, farmacos, alcohol etc.)",2015-04-01,0,4,4
70902,PAMPA GRANDE,intoxicaciones,"otras intoxicaciones (drogas, farmacos, alcohol etc.)",2015-04-01,0,2,2
90102,PORVENIR,intoxicaciones,"otras intoxicaciones (drogas, farmacos, alcohol etc.)",2015-04-01,1,1,2
50101,POTOSI,intoxicaciones,"otras intoxicaciones (drogas, farmacos, alcohol etc.)",2015-04-01,17,10,27
71401,PUERTO SUAREZ,intoxicaciones,"otras intoxicaciones (drogas, farmacos, alcohol etc.)",2015-04-01,3,1,4
31205,PUERTO VILLARROEL,intoxicaciones,"otras intoxicaciones (drogas, farmacos, alcohol etc.)",2015-04-01,0,1,1
51101,PUNA,intoxicaciones,"otras intoxicaciones (drogas, farmacos, alcohol etc.)",2015-04-01,0,1,1
31401,PUNATA,intoxicaciones,"otras intoxicaciones (drogas, farmacos, alcohol etc.)",2015-04-01,1,1,2
80201,RIBERALTA,intoxicaciones,"otras intoxicaciones (drogas, farmacos, alcohol etc.)",2015-04-01,1,0,1
80304,RURRENABAQUE,intoxicaciones,"otras intoxicaciones (drogas, farmacos, alcohol etc.)",2015-04-01,0,2,2
31001,SACABA,intoxicaciones,"otras intoxicaciones (drogas, farmacos, alcohol etc.)",2015-04-01,5,2,7
70901,SAMAIPATA,intoxicaciones,"otras intoxicaciones (drogas, farmacos, alcohol etc.)",2015-04-01,1,1,2
80302,SAN BORJA,intoxicaciones,"otras intoxicaciones (drogas, farmacos, alcohol etc.)",2015-04-01,1,0,1
70402,SAN CARLOS,intoxicaciones,"otras intoxicaciones (drogas, farmacos, alcohol etc.)",2015-04-01,1,1,2
80501,SAN IGNACIO,intoxicaciones,"otras intoxicaciones (drogas, farmacos, alcohol etc.)",2015-04-01,2,0,2
70301,SAN IGNACIO DE VELASCO,intoxicaciones,"otras intoxicaciones (drogas, farmacos, alcohol etc.)",2015-04-01,6,2,8
70302,SAN MIGUEL DE VELASCO,intoxicaciones,"otras intoxicaciones (drogas, farmacos, alcohol etc.)",2015-04-01,1,0,1
80401,SANTA ANA,intoxicaciones,"otras intoxicaciones (drogas, farmacos, alcohol etc.)",2015-04-01,2,0,2
70101,SANTA CRUZ DE LA SIERRA,intoxicaciones,"otras intoxicaciones (drogas, farmacos, alcohol etc.)",2015-04-01,71,27,98
21301,SICA SICA (VILLA AROMA),intoxicaciones,"otras intoxicaciones (drogas, farmacos, alcohol etc.)",2015-04-01,1,0,1
10101,SUCRE,intoxicaciones,"otras intoxicaciones (drogas, farmacos, alcohol etc.)",2015-04-01,36,15,51
60101,TARIJA,intoxicaciones,"otras intoxicaciones (drogas, farmacos, alcohol etc.)",2015-04-01,36,4,40
20606,TIPUANI,intoxicaciones,"otras intoxicaciones (drogas, farmacos, alcohol etc.)",2015-04-01,1,0,1
30903,TIQUIPAYA,intoxicaciones,"otras intoxicaciones (drogas, farmacos, alcohol etc.)",2015-04-01,0,2,2
31601,TIRAQUE (CBBA),intoxicaciones,"otras intoxicaciones (drogas, farmacos, alcohol etc.)",2015-04-01,2,1,3
51201,UYUNI,intoxicaciones,"otras intoxicaciones (drogas, farmacos, alcohol etc.)",2015-04-01,1,1,2
70801,VALLEGRANDE,intoxicaciones,"otras intoxicaciones (drogas, farmacos, alcohol etc.)",2015-04-01,3,2,5
10704,VILLA CHARCAS,intoxicaciones,"otras intoxicaciones (drogas, farmacos, alcohol etc.)",2015-04-01,2,0,2
31003,VILLA TUNARI,intoxicaciones,"otras intoxicaciones (drogas, farmacos, alcohol etc.)",2015-04-01,6,2,8
70201,WARNES,intoxicaciones,"otras intoxicaciones (drogas, farmacos, alcohol etc.)",2015-04-01,6,3,9
60301,YACUIBA,intoxicaciones,"otras intoxicaciones (drogas, farmacos, alcohol etc.)",2015-04-01,1,2,3
10602,YAMPARAEZ,intoxicaciones,"otras intoxicaciones (drogas, farmacos, alcohol etc.)",2015-04-01,1,0,1
70403,YAPACANI,intoxicaciones,"otras intoxicaciones (drogas, farmacos, alcohol etc.)",2015-04-01,1,0,1
10102,YOTALA,intoxicaciones,"otras intoxicaciones (drogas, farmacos, alcohol etc.)",2015-04-01,0,1,1
10404,ALCALA,intoxicaciones,"otras intoxicaciones (drogas, farmacos, alcohol etc.)",2015-05-01,0,1,1
30402,ANZALDO,intoxicaciones,"otras intoxicaciones (drogas, farmacos, alcohol etc.)",2015-05-01,2,0,2
21303,AYO AYO,intoxicaciones,"otras intoxicaciones (drogas, farmacos, alcohol etc.)",2015-05-01,1,0,1
30301,AYOPAYA (V. DE INDEPENDENCIA),intoxicaciones,"otras intoxicaciones (drogas, farmacos, alcohol etc.)",2015-05-01,1,0,1
90104,BELLA FLOR,intoxicaciones,"otras intoxicaciones (drogas, farmacos, alcohol etc.)",2015-05-01,0,1,1
60202,BERMEJO,intoxicaciones,"otras intoxicaciones (drogas, farmacos, alcohol etc.)",2015-05-01,0,1,1
70707,BOYUIBE,intoxicaciones,"otras intoxicaciones (drogas, farmacos, alcohol etc.)",2015-05-01,0,2,2
21101,CHULUMANI (V. DE LA LIBERTAD),intoxicaciones,"otras intoxicaciones (drogas, farmacos, alcohol etc.)",2015-05-01,0,1,1
90101,COBIJA,intoxicaciones,"otras intoxicaciones (drogas, farmacos, alcohol etc.)",2015-05-01,10,9,19
30101,COCHABAMBA,intoxicaciones,"otras intoxicaciones (drogas, farmacos, alcohol etc.)",2015-05-01,16,15,31
30905,COLCAPIRHUA,intoxicaciones,"otras intoxicaciones (drogas, farmacos, alcohol etc.)",2015-05-01,8,1,9
21701,COPACABANA,intoxicaciones,"otras intoxicaciones (drogas, farmacos, alcohol etc.)",2015-05-01,0,1,1
21401,COROICO,intoxicaciones,"otras intoxicaciones (drogas, farmacos, alcohol etc.)",2015-05-01,2,1,3
71106,CUATRO CAÑADAS,intoxicaciones,"otras intoxicaciones (drogas, farmacos, alcohol etc.)",2015-05-01,2,0,2
20105,EL ALTO,intoxicaciones,"otras intoxicaciones (drogas, farmacos, alcohol etc.)",2015-05-01,26,9,35
71503,EL PUENTE(STC),intoxicaciones,"otras intoxicaciones (drogas, farmacos, alcohol etc.)",2015-05-01,0,1,1
70105,EL TORNO,intoxicaciones,"otras intoxicaciones (drogas, farmacos, alcohol etc.)",2015-05-01,9,5,14
80202,GUAYARAMERIN,intoxicaciones,"otras intoxicaciones (drogas, farmacos, alcohol etc.)",2015-05-01,1,1,2
40701,HUANUNI,intoxicaciones,"otras intoxicaciones (drogas, farmacos, alcohol etc.)",2015-05-01,6,3,9
21105,LA ASUNTA,intoxicaciones,"otras intoxicaciones (drogas, farmacos, alcohol etc.)",2015-05-01,7,5,12
70104,LA GUARDIA,intoxicaciones,"otras intoxicaciones (drogas, farmacos, alcohol etc.)",2015-05-01,7,1,8
20101,LA PAZ,intoxicaciones,"otras intoxicaciones (drogas, farmacos, alcohol etc.)",2015-05-01,66,24,90
70903,MAIRANA,intoxicaciones,"otras intoxicaciones (drogas, farmacos, alcohol etc.)",2015-05-01,2,0,2
31301,MIZQUE,intoxicaciones,"otras intoxicaciones (drogas, farmacos, alcohol etc.)",2015-05-01,2,0,2
10501,MONTEAGUDO,intoxicaciones,"otras intoxicaciones (drogas, farmacos, alcohol etc.)",2015-05-01,0,1,1
71001,MONTERO,intoxicaciones,"otras intoxicaciones (drogas, farmacos, alcohol etc.)",2015-05-01,14,8,22
70803,MORO MORO,intoxicaciones,"otras intoxicaciones (drogas, farmacos, alcohol etc.)",2015-05-01,1,0,1
40101,ORURO,intoxicaciones,"otras intoxicaciones (drogas, farmacos, alcohol etc.)",2015-05-01,1,2,3
10401,PADILLA,intoxicaciones,"otras intoxicaciones (drogas, farmacos, alcohol etc.)",2015-05-01,1,0,1
70502,PAILON,intoxicaciones,"otras intoxicaciones (drogas, farmacos, alcohol etc.)",2015-05-01,1,0,1
90102,PORVENIR,intoxicaciones,"otras intoxicaciones (drogas, farmacos, alcohol etc.)",2015-05-01,0,4,4
50101,POTOSI,intoxicaciones,"otras intoxicaciones (drogas, farmacos, alcohol etc.)",2015-05-01,17,8,25
20401,PUERTO ACOSTA,intoxicaciones,"otras intoxicaciones (drogas, farmacos, alcohol etc.)",2015-05-01,1,0,1
71401,PUERTO SUAREZ,intoxicaciones,"otras intoxicaciones (drogas, farmacos, alcohol etc.)",2015-05-01,1,1,2
31205,PUERTO VILLARROEL,intoxicaciones,"otras intoxicaciones (drogas, farmacos, alcohol etc.)",2015-05-01,3,1,4
31401,PUNATA,intoxicaciones,"otras intoxicaciones (drogas, farmacos, alcohol etc.)",2015-05-01,0,1,1
30901,QUILLACOLLO,intoxicaciones,"otras intoxicaciones (drogas, farmacos, alcohol etc.)",2015-05-01,0,2,2
70904,QUIRUSILLAS,intoxicaciones,"otras intoxicaciones (drogas, farmacos, alcohol etc.)",2015-05-01,1,0,1
80201,RIBERALTA,intoxicaciones,"otras intoxicaciones (drogas, farmacos, alcohol etc.)",2015-05-01,0,1,1
70503,ROBORE,intoxicaciones,"otras intoxicaciones (drogas, farmacos, alcohol etc.)",2015-05-01,2,0,2
80304,RURRENABAQUE,intoxicaciones,"otras intoxicaciones (drogas, farmacos, alcohol etc.)",2015-05-01,0,1,1
31001,SACABA,intoxicaciones,"otras intoxicaciones (drogas, farmacos, alcohol etc.)",2015-05-01,9,5,14
71302,SAIPINA,intoxicaciones,"otras intoxicaciones (drogas, farmacos, alcohol etc.)",2015-05-01,1,0,1
70901,SAMAIPATA,intoxicaciones,"otras intoxicaciones (drogas, farmacos, alcohol etc.)",2015-05-01,1,1,2
20805,SAN ANDRES DE MACHACA,intoxicaciones,"otras intoxicaciones (drogas, farmacos, alcohol etc.)",2015-05-01,0,1,1
21502,SAN BUENA VENTURA,intoxicaciones,"otras intoxicaciones (drogas, farmacos, alcohol etc.)",2015-05-01,8,0,8
70402,SAN CARLOS,intoxicaciones,"otras intoxicaciones (drogas, farmacos, alcohol etc.)",2015-05-01,1,0,1
80501,SAN IGNACIO,intoxicaciones,"otras intoxicaciones (drogas, farmacos, alcohol etc.)",2015-05-01,1,2,3
70301,SAN IGNACIO DE VELASCO,intoxicaciones,"otras intoxicaciones (drogas, farmacos, alcohol etc.)",2015-05-01,6,0,6
71201,SAN MATIAS,intoxicaciones,"otras intoxicaciones (drogas, farmacos, alcohol etc.)",2015-05-01,2,0,2
70303,SAN RAFAEL,intoxicaciones,"otras intoxicaciones (drogas, farmacos, alcohol etc.)",2015-05-01,0,1,1
80401,SANTA ANA,intoxicaciones,"otras intoxicaciones (drogas, farmacos, alcohol etc.)",2015-05-01,2,0,2
70101,SANTA CRUZ DE LA SIERRA,intoxicaciones,"otras intoxicaciones (drogas, farmacos, alcohol etc.)",2015-05-01,92,42,134
21301,SICA SICA (VILLA AROMA),intoxicaciones,"otras intoxicaciones (drogas, farmacos, alcohol etc.)",2015-05-01,1,1,2
10101,SUCRE,intoxicaciones,"otras intoxicaciones (drogas, farmacos, alcohol etc.)",2015-05-01,32,15,47
20603,TACACOMA,intoxicaciones,"otras intoxicaciones (drogas, farmacos, alcohol etc.)",2015-05-01,1,0,1
50303,TACOBAMBA,intoxicaciones,"otras intoxicaciones (drogas, farmacos, alcohol etc.)",2015-05-01,0,1,1
60101,TARIJA,intoxicaciones,"otras intoxicaciones (drogas, farmacos, alcohol etc.)",2015-05-01,53,6,59
20606,TIPUANI,intoxicaciones,"otras intoxicaciones (drogas, farmacos, alcohol etc.)",2015-05-01,1,0,1
30903,TIQUIPAYA,intoxicaciones,"otras intoxicaciones (drogas, farmacos, alcohol etc.)",2015-05-01,0,1,1
30803,TOLATA,intoxicaciones,"otras intoxicaciones (drogas, farmacos, alcohol etc.)",2015-05-01,1,0,1
31201,TOTORA(CBBA),intoxicaciones,"otras intoxicaciones (drogas, farmacos, alcohol etc.)",2015-05-01,1,0,1
51201,UYUNI,intoxicaciones,"otras intoxicaciones (drogas, farmacos, alcohol etc.)",2015-05-01,2,0,2
70801,VALLEGRANDE,intoxicaciones,"otras intoxicaciones (drogas, farmacos, alcohol etc.)",2015-05-01,2,1,3
31003,VILLA TUNARI,intoxicaciones,"otras intoxicaciones (drogas, farmacos, alcohol etc.)",2015-05-01,1,1,2
11001,VILLA VACA GUZMAN (MUYUPAMPA),intoxicaciones,"otras intoxicaciones (drogas, farmacos, alcohol etc.)",2015-05-01,0,1,1
51501,VILLAZON,intoxicaciones,"otras intoxicaciones (drogas, farmacos, alcohol etc.)",2015-05-01,2,3,5
70201,WARNES,intoxicaciones,"otras intoxicaciones (drogas, farmacos, alcohol etc.)",2015-05-01,3,4,7
60301,YACUIBA,intoxicaciones,"otras intoxicaciones (drogas, farmacos, alcohol etc.)",2015-05-01,5,5,10
70403,YAPACANI,intoxicaciones,"otras intoxicaciones (drogas, farmacos, alcohol etc.)",2015-05-01,1,1,2
10102,YOTALA,intoxicaciones,"otras intoxicaciones (drogas, farmacos, alcohol etc.)",2015-05-01,2,1,3
20701,APOLO,intoxicaciones,"otras intoxicaciones (drogas, farmacos, alcohol etc.)",2015-06-01,0,1,1
70707,BOYUIBE,intoxicaciones,"otras intoxicaciones (drogas, farmacos, alcohol etc.)",2015-06-01,0,1,1
21003,CAJUATA,intoxicaciones,"otras intoxicaciones (drogas, farmacos, alcohol etc.)",2015-06-01,1,0,1
70706,CAMIRI,intoxicaciones,"otras intoxicaciones (drogas, farmacos, alcohol etc.)",2015-06-01,3,4,7
22001,CARANAVI,intoxicaciones,"otras intoxicaciones (drogas, farmacos, alcohol etc.)",2015-06-01,1,0,1
70702,CHARAGUA,intoxicaciones,"otras intoxicaciones (drogas, farmacos, alcohol etc.)",2015-06-01,1,0,1
31204,CHIMORE,intoxicaciones,"otras intoxicaciones (drogas, farmacos, alcohol etc.)",2015-06-01,1,1,2
30801,CLIZA,intoxicaciones,"otras intoxicaciones (drogas, farmacos, alcohol etc.)",2015-06-01,1,1,2
90101,COBIJA,intoxicaciones,"otras intoxicaciones (drogas, farmacos, alcohol etc.)",2015-06-01,4,1,5
30101,COCHABAMBA,intoxicaciones,"otras intoxicaciones (drogas, farmacos, alcohol etc.)",2015-06-01,15,29,44
30905,COLCAPIRHUA,intoxicaciones,"otras intoxicaciones (drogas, farmacos, alcohol etc.)",2015-06-01,4,1,5
50901,"COLCHA ""K""",intoxicaciones,"otras intoxicaciones (drogas, farmacos, alcohol etc.)",2015-06-01,1,0,1
31002,COLOMI,intoxicaciones,"otras intoxicaciones (drogas, farmacos, alcohol etc.)",2015-06-01,1,0,1
70603,COLPA BELGICA,intoxicaciones,"otras intoxicaciones (drogas, farmacos, alcohol etc.)",2015-06-01,2,0,2
71301,COMARAPA,intoxicaciones,"otras intoxicaciones (drogas, farmacos, alcohol etc.)",2015-06-01,1,0,1
21401,COROICO,intoxicaciones,"otras intoxicaciones (drogas, farmacos, alcohol etc.)",2015-06-01,3,3,6
71106,CUATRO CAÑADAS,intoxicaciones,"otras intoxicaciones (drogas, farmacos, alcohol etc.)",2015-06-01,0,2,2
10902,CULPINA,intoxicaciones,"otras intoxicaciones (drogas, farmacos, alcohol etc.)",2015-06-01,0,1,1
20105,EL ALTO,intoxicaciones,"otras intoxicaciones (drogas, farmacos, alcohol etc.)",2015-06-01,18,21,39
71503,EL PUENTE(STC),intoxicaciones,"otras intoxicaciones (drogas, farmacos, alcohol etc.)",2015-06-01,1,0,1
70105,EL TORNO,intoxicaciones,"otras intoxicaciones (drogas, farmacos, alcohol etc.)",2015-06-01,6,2,8
80202,GUAYARAMERIN,intoxicaciones,"otras intoxicaciones (drogas, farmacos, alcohol etc.)",2015-06-01,0,4,4
40701,HUANUNI,intoxicaciones,"otras intoxicaciones (drogas, farmacos, alcohol etc.)",2015-06-01,11,5,16
70104,LA GUARDIA,intoxicaciones,"otras intoxicaciones (drogas, farmacos, alcohol etc.)",2015-06-01,3,3,6
20101,LA PAZ,intoxicaciones,"otras intoxicaciones (drogas, farmacos, alcohol etc.)",2015-06-01,61,45,106
70903,MAIRANA,intoxicaciones,"otras intoxicaciones (drogas, farmacos, alcohol etc.)",2015-06-01,3,0,3
20607,MAPIRI,intoxicaciones,"otras intoxicaciones (drogas, farmacos, alcohol etc.)",2015-06-01,0,1,1
31301,MIZQUE,intoxicaciones,"otras intoxicaciones (drogas, farmacos, alcohol etc.)",2015-06-01,1,0,1
71001,MONTERO,intoxicaciones,"otras intoxicaciones (drogas, farmacos, alcohol etc.)",2015-06-01,19,5,24
30302,MOROCHATA,intoxicaciones,"otras intoxicaciones (drogas, farmacos, alcohol etc.)",2015-06-01,0,1,1
40101,ORURO,intoxicaciones,"otras intoxicaciones (drogas, farmacos, alcohol etc.)",2015-06-01,0,1,1
70902,PAMPA GRANDE,intoxicaciones,"otras intoxicaciones (drogas, farmacos, alcohol etc.)",2015-06-01,1,0,1
40602,PAZÑA,intoxicaciones,"otras intoxicaciones (drogas, farmacos, alcohol etc.)",2015-06-01,0,1,1
70804,POSTRER VALLE,intoxicaciones,"otras intoxicaciones (drogas, farmacos, alcohol etc.)",2015-06-01,0,2,2
50101,POTOSI,intoxicaciones,"otras intoxicaciones (drogas, farmacos, alcohol etc.)",2015-06-01,26,12,38
71401,PUERTO SUAREZ,intoxicaciones,"otras intoxicaciones (drogas, farmacos, alcohol etc.)",2015-06-01,2,2,4
31205,PUERTO VILLARROEL,intoxicaciones,"otras intoxicaciones (drogas, farmacos, alcohol etc.)",2015-06-01,2,2,4
31401,PUNATA,intoxicaciones,"otras intoxicaciones (drogas, farmacos, alcohol etc.)",2015-06-01,0,1,1
50402,RAVELO,intoxicaciones,"otras intoxicaciones (drogas, farmacos, alcohol etc.)",2015-06-01,1,0,1
80201,RIBERALTA,intoxicaciones,"otras intoxicaciones (drogas, farmacos, alcohol etc.)",2015-06-01,0,1,1
80304,RURRENABAQUE,intoxicaciones,"otras intoxicaciones (drogas, farmacos, alcohol etc.)",2015-06-01,0,1,1
31001,SACABA,intoxicaciones,"otras intoxicaciones (drogas, farmacos, alcohol etc.)",2015-06-01,6,13,19
70901,SAMAIPATA,intoxicaciones,"otras intoxicaciones (drogas, farmacos, alcohol etc.)",2015-06-01,1,1,2
70402,SAN CARLOS,intoxicaciones,"otras intoxicaciones (drogas, farmacos, alcohol etc.)",2015-06-01,2,1,3
70301,SAN IGNACIO DE VELASCO,intoxicaciones,"otras intoxicaciones (drogas, farmacos, alcohol etc.)",2015-06-01,1,1,2
80102,SAN JAVIER(BNI),intoxicaciones,"otras intoxicaciones (drogas, farmacos, alcohol etc.)",2015-06-01,1,0,1
71005,SAN PEDRO,intoxicaciones,"otras intoxicaciones (drogas, farmacos, alcohol etc.)",2015-06-01,1,0,1
80401,SANTA ANA,intoxicaciones,"otras intoxicaciones (drogas, farmacos, alcohol etc.)",2015-06-01,1,1,2
70101,SANTA CRUZ DE LA SIERRA,intoxicaciones,"otras intoxicaciones (drogas, farmacos, alcohol etc.)",2015-06-01,113,36,149
10101,SUCRE,intoxicaciones,"otras intoxicaciones (drogas, farmacos, alcohol etc.)",2015-06-01,48,22,70
50303,TACOBAMBA,intoxicaciones,"otras intoxicaciones (drogas, farmacos, alcohol etc.)",2015-06-01,0,1,1
51402,TAHUA,intoxicaciones,"otras intoxicaciones (drogas, farmacos, alcohol etc.)",2015-06-01,0,1,1
31101,TAPACARI,intoxicaciones,"otras intoxicaciones (drogas, farmacos, alcohol etc.)",2015-06-01,0,1,1
60101,TARIJA,intoxicaciones,"otras intoxicaciones (drogas, farmacos, alcohol etc.)",2015-06-01,67,15,82
50102,TINGUIPAYA,intoxicaciones,"otras intoxicaciones (drogas, farmacos, alcohol etc.)",2015-06-01,1,0,1
20606,TIPUANI,intoxicaciones,"otras intoxicaciones (drogas, farmacos, alcohol etc.)",2015-06-01,1,0,1
31601,TIRAQUE (CBBA),intoxicaciones,"otras intoxicaciones (drogas, farmacos, alcohol etc.)",2015-06-01,1,1,2
31201,TOTORA(CBBA),intoxicaciones,"otras intoxicaciones (drogas, farmacos, alcohol etc.)",2015-06-01,1,1,2
70801,VALLEGRANDE,intoxicaciones,"otras intoxicaciones (drogas, farmacos, alcohol etc.)",2015-06-01,2,0,2
60303,VILLA MONTES,intoxicaciones,"otras intoxicaciones (drogas, farmacos, alcohol etc.)",2015-06-01,3,1,4
31003,VILLA TUNARI,intoxicaciones,"otras intoxicaciones (drogas, farmacos, alcohol etc.)",2015-06-01,3,3,6
70201,WARNES,intoxicaciones,"otras intoxicaciones (drogas, farmacos, alcohol etc.)",2015-06-01,4,2,6
60301,YACUIBA,intoxicaciones,"otras intoxicaciones (drogas, farmacos, alcohol etc.)",2015-06-01,10,3,13
70403,YAPACANI,intoxicaciones,"otras intoxicaciones (drogas, farmacos, alcohol etc.)",2015-06-01,0,2,2
10102,YOTALA,intoxicaciones,"otras intoxicaciones (drogas, farmacos, alcohol etc.)",2015-06-01,2,3,5
30201,AIQUILE,intoxicaciones,"otras intoxicaciones (drogas, farmacos, alcohol etc.)",2015-07-01,1,0,1
71501,ASCENCION DE GUARAYOS,intoxicaciones,"otras intoxicaciones (drogas, farmacos, alcohol etc.)",2015-07-01,2,0,2
70401,BUENA VISTA,intoxicaciones,"otras intoxicaciones (drogas, farmacos, alcohol etc.)",2015-07-01,1,0,1
70706,CAMIRI,intoxicaciones,"otras intoxicaciones (drogas, farmacos, alcohol etc.)",2015-07-01,8,1,9
60302,CARAPARI,intoxicaciones,"otras intoxicaciones (drogas, farmacos, alcohol etc.)",2015-07-01,1,0,1
31204,CHIMORE,intoxicaciones,"otras intoxicaciones (drogas, farmacos, alcohol etc.)",2015-07-01,1,2,3
90101,COBIJA,intoxicaciones,"otras intoxicaciones (drogas, farmacos, alcohol etc.)",2015-07-01,4,2,6
30101,COCHABAMBA,intoxicaciones,"otras intoxicaciones (drogas, farmacos, alcohol etc.)",2015-07-01,16,10,26
30905,COLCAPIRHUA,intoxicaciones,"otras intoxicaciones (drogas, farmacos, alcohol etc.)",2015-07-01,1,0,1
31002,COLOMI,intoxicaciones,"otras intoxicaciones (drogas, farmacos, alcohol etc.)",2015-07-01,0,2,2
70603,COLPA BELGICA,intoxicaciones,"otras intoxicaciones (drogas, farmacos, alcohol etc.)",2015-07-01,2,0,2
71301,COMARAPA,intoxicaciones,"otras intoxicaciones (drogas, farmacos, alcohol etc.)",2015-07-01,4,0,4
71101,CONCEPCION,intoxicaciones,"otras intoxicaciones (drogas, farmacos, alcohol etc.)",2015-07-01,0,1,1
21401,COROICO,intoxicaciones,"otras intoxicaciones (drogas, farmacos, alcohol etc.)",2015-07-01,1,1,2
10902,CULPINA,intoxicaciones,"otras intoxicaciones (drogas, farmacos, alcohol etc.)",2015-07-01,0,1,1
20105,EL ALTO,intoxicaciones,"otras intoxicaciones (drogas, farmacos, alcohol etc.)",2015-07-01,12,15,27
70105,EL TORNO,intoxicaciones,"otras intoxicaciones (drogas, farmacos, alcohol etc.)",2015-07-01,5,5,10
31206,ENTRE RIOS CBBA,intoxicaciones,"otras intoxicaciones (drogas, farmacos, alcohol etc.)",2015-07-01,0,2,2
40701,HUANUNI,intoxicaciones,"otras intoxicaciones (drogas, farmacos, alcohol etc.)",2015-07-01,2,3,5
70104,LA GUARDIA,intoxicaciones,"otras intoxicaciones (drogas, farmacos, alcohol etc.)",2015-07-01,10,4,14
20101,LA PAZ,intoxicaciones,"otras intoxicaciones (drogas, farmacos, alcohol etc.)",2015-07-01,62,27,89
20607,MAPIRI,intoxicaciones,"otras intoxicaciones (drogas, farmacos, alcohol etc.)",2015-07-01,1,0,1
31301,MIZQUE,intoxicaciones,"otras intoxicaciones (drogas, farmacos, alcohol etc.)",2015-07-01,1,0,1
71001,MONTERO,intoxicaciones,"otras intoxicaciones (drogas, farmacos, alcohol etc.)",2015-07-01,8,9,17
40101,ORURO,intoxicaciones,"otras intoxicaciones (drogas, farmacos, alcohol etc.)",2015-07-01,1,1,2
60201,PADCAYA,intoxicaciones,"otras intoxicaciones (drogas, farmacos, alcohol etc.)",2015-07-01,0,1,1
10401,PADILLA,intoxicaciones,"otras intoxicaciones (drogas, farmacos, alcohol etc.)",2015-07-01,1,0,1
70502,PAILON,intoxicaciones,"otras intoxicaciones (drogas, farmacos, alcohol etc.)",2015-07-01,4,1,5
70902,PAMPA GRANDE,intoxicaciones,"otras intoxicaciones (drogas, farmacos, alcohol etc.)",2015-07-01,0,1,1
40602,PAZÑA,intoxicaciones,"otras intoxicaciones (drogas, farmacos, alcohol etc.)",2015-07-01,0,1,1
70103,PORONGO,intoxicaciones,"otras intoxicaciones (drogas, farmacos, alcohol etc.)",2015-07-01,2,0,2
50101,POTOSI,intoxicaciones,"otras intoxicaciones (drogas, farmacos, alcohol etc.)",2015-07-01,13,1,14
71401,PUERTO SUAREZ,intoxicaciones,"otras intoxicaciones (drogas, farmacos, alcohol etc.)",2015-07-01,3,2,5
31205,PUERTO VILLARROEL,intoxicaciones,"otras intoxicaciones (drogas, farmacos, alcohol etc.)",2015-07-01,5,2,7
31401,PUNATA,intoxicaciones,"otras intoxicaciones (drogas, farmacos, alcohol etc.)",2015-07-01,3,4,7
30901,QUILLACOLLO,intoxicaciones,"otras intoxicaciones (drogas, farmacos, alcohol etc.)",2015-07-01,0,1,1
80201,RIBERALTA,intoxicaciones,"otras intoxicaciones (drogas, farmacos, alcohol etc.)",2015-07-01,2,0,2
70503,ROBORE,intoxicaciones,"otras intoxicaciones (drogas, farmacos, alcohol etc.)",2015-07-01,1,0,1
80304,RURRENABAQUE,intoxicaciones,"otras intoxicaciones (drogas, farmacos, alcohol etc.)",2015-07-01,1,1,2
31001,SACABA,intoxicaciones,"otras intoxicaciones (drogas, farmacos, alcohol etc.)",2015-07-01,7,5,12
70901,SAMAIPATA,intoxicaciones,"otras intoxicaciones (drogas, farmacos, alcohol etc.)",2015-07-01,1,2,3
70402,SAN CARLOS,intoxicaciones,"otras intoxicaciones (drogas, farmacos, alcohol etc.)",2015-07-01,0,1,1
80501,SAN IGNACIO,intoxicaciones,"otras intoxicaciones (drogas, farmacos, alcohol etc.)",2015-07-01,1,0,1
70301,SAN IGNACIO DE VELASCO,intoxicaciones,"otras intoxicaciones (drogas, farmacos, alcohol etc.)",2015-07-01,0,2,2
71104,SAN JULIAN,intoxicaciones,"otras intoxicaciones (drogas, farmacos, alcohol etc.)",2015-07-01,1,2,3
60501,SAN LORENZO(TJA),intoxicaciones,"otras intoxicaciones (drogas, farmacos, alcohol etc.)",2015-07-01,1,1,2
71201,SAN MATIAS,intoxicaciones,"otras intoxicaciones (drogas, farmacos, alcohol etc.)",2015-07-01,3,0,3
70302,SAN MIGUEL DE VELASCO,intoxicaciones,"otras intoxicaciones (drogas, farmacos, alcohol etc.)",2015-07-01,0,2,2
80401,SANTA ANA,intoxicaciones,"otras intoxicaciones (drogas, farmacos, alcohol etc.)",2015-07-01,0,2,2
70101,SANTA CRUZ DE LA SIERRA,intoxicaciones,"otras intoxicaciones (drogas, farmacos, alcohol etc.)",2015-07-01,95,67,162
21301,SICA SICA (VILLA AROMA),intoxicaciones,"otras intoxicaciones (drogas, farmacos, alcohol etc.)",2015-07-01,1,0,1
10101,SUCRE,intoxicaciones,"otras intoxicaciones (drogas, farmacos, alcohol etc.)",2015-07-01,33,14,47
30401,TARATA,intoxicaciones,"otras intoxicaciones (drogas, farmacos, alcohol etc.)",2015-07-01,0,1,1
60101,TARIJA,intoxicaciones,"otras intoxicaciones (drogas, farmacos, alcohol etc.)",2015-07-01,43,13,56
31201,TOTORA(CBBA),intoxicaciones,"otras intoxicaciones (drogas, farmacos, alcohol etc.)",2015-07-01,0,1,1
70801,VALLEGRANDE,intoxicaciones,"otras intoxicaciones (drogas, farmacos, alcohol etc.)",2015-07-01,1,0,1
31003,VILLA TUNARI,intoxicaciones,"otras intoxicaciones (drogas, farmacos, alcohol etc.)",2015-07-01,2,2,4
70201,WARNES,intoxicaciones,"otras intoxicaciones (drogas, farmacos, alcohol etc.)",2015-07-01,1,0,1
60301,YACUIBA,intoxicaciones,"otras intoxicaciones (drogas, farmacos, alcohol etc.)",2015-07-01,7,3,10
70403,YAPACANI,intoxicaciones,"otras intoxicaciones (drogas, farmacos, alcohol etc.)",2015-07-01,3,2,5
30201,AIQUILE,intoxicaciones,"otras intoxicaciones (drogas, farmacos, alcohol etc.)",2015-08-01,1,0,1
60202,BERMEJO,intoxicaciones,"otras intoxicaciones (drogas, farmacos, alcohol etc.)",2015-08-01,0,1,1
70706,CAMIRI,intoxicaciones,"otras intoxicaciones (drogas, farmacos, alcohol etc.)",2015-08-01,3,3,6
60302,CARAPARI,intoxicaciones,"otras intoxicaciones (drogas, farmacos, alcohol etc.)",2015-08-01,1,0,1
90101,COBIJA,intoxicaciones,"otras intoxicaciones (drogas, farmacos, alcohol etc.)",2015-08-01,5,10,15
30101,COCHABAMBA,intoxicaciones,"otras intoxicaciones (drogas, farmacos, alcohol etc.)",2015-08-01,25,19,44
30905,COLCAPIRHUA,intoxicaciones,"otras intoxicaciones (drogas, farmacos, alcohol etc.)",2015-08-01,4,2,6
31002,COLOMI,intoxicaciones,"otras intoxicaciones (drogas, farmacos, alcohol etc.)",2015-08-01,1,0,1
70603,COLPA BELGICA,intoxicaciones,"otras intoxicaciones (drogas, farmacos, alcohol etc.)",2015-08-01,1,0,1
21401,COROICO,intoxicaciones,"otras intoxicaciones (drogas, farmacos, alcohol etc.)",2015-08-01,1,2,3
71106,CUATRO CAÑADAS,intoxicaciones,"otras intoxicaciones (drogas, farmacos, alcohol etc.)",2015-08-01,2,1,3
20105,EL ALTO,intoxicaciones,"otras intoxicaciones (drogas, farmacos, alcohol etc.)",2015-08-01,18,11,29
70105,EL TORNO,intoxicaciones,"otras intoxicaciones (drogas, farmacos, alcohol etc.)",2015-08-01,7,8,15
71002,GENERAL SAAVEDRA,intoxicaciones,"otras intoxicaciones (drogas, farmacos, alcohol etc.)",2015-08-01,1,0,1
80202,GUAYARAMERIN,intoxicaciones,"otras intoxicaciones (drogas, farmacos, alcohol etc.)",2015-08-01,2,0,2
40701,HUANUNI,intoxicaciones,"otras intoxicaciones (drogas, farmacos, alcohol etc.)",2015-08-01,7,1,8
21102,IRUPANA (VILLA DE LANZA),intoxicaciones,"otras intoxicaciones (drogas, farmacos, alcohol etc.)",2015-08-01,1,0,1
70104,LA GUARDIA,intoxicaciones,"otras intoxicaciones (drogas, farmacos, alcohol etc.)",2015-08-01,19,12,31
20101,LA PAZ,intoxicaciones,"otras intoxicaciones (drogas, farmacos, alcohol etc.)",2015-08-01,57,37,94
21202,LAJA,intoxicaciones,"otras intoxicaciones (drogas, farmacos, alcohol etc.)",2015-08-01,1,0,1
70903,MAIRANA,intoxicaciones,"otras intoxicaciones (drogas, farmacos, alcohol etc.)",2015-08-01,2,2,4
31301,MIZQUE,intoxicaciones,"otras intoxicaciones (drogas, farmacos, alcohol etc.)",2015-08-01,0,1,1
20402,MOCOMOCO,intoxicaciones,"otras intoxicaciones (drogas, farmacos, alcohol etc.)",2015-08-01,1,0,1
10501,MONTEAGUDO,intoxicaciones,"otras intoxicaciones (drogas, farmacos, alcohol etc.)",2015-08-01,5,1,6
71001,MONTERO,intoxicaciones,"otras intoxicaciones (drogas, farmacos, alcohol etc.)",2015-08-01,9,9,18
40101,ORURO,intoxicaciones,"otras intoxicaciones (drogas, farmacos, alcohol etc.)",2015-08-01,1,5,6
10401,PADILLA,intoxicaciones,"otras intoxicaciones (drogas, farmacos, alcohol etc.)",2015-08-01,2,0,2
70502,PAILON,intoxicaciones,"otras intoxicaciones (drogas, farmacos, alcohol etc.)",2015-08-01,2,1,3
70103,PORONGO,intoxicaciones,"otras intoxicaciones (drogas, farmacos, alcohol etc.)",2015-08-01,2,0,2
50101,POTOSI,intoxicaciones,"otras intoxicaciones (drogas, farmacos, alcohol etc.)",2015-08-01,7,1,8
71401,PUERTO SUAREZ,intoxicaciones,"otras intoxicaciones (drogas, farmacos, alcohol etc.)",2015-08-01,3,3,6
31205,PUERTO VILLARROEL,intoxicaciones,"otras intoxicaciones (drogas, farmacos, alcohol etc.)",2015-08-01,8,1,9
31401,PUNATA,intoxicaciones,"otras intoxicaciones (drogas, farmacos, alcohol etc.)",2015-08-01,2,2,4
30901,QUILLACOLLO,intoxicaciones,"otras intoxicaciones (drogas, farmacos, alcohol etc.)",2015-08-01,1,4,5
80201,RIBERALTA,intoxicaciones,"otras intoxicaciones (drogas, farmacos, alcohol etc.)",2015-08-01,3,3,6
80304,RURRENABAQUE,intoxicaciones,"otras intoxicaciones (drogas, farmacos, alcohol etc.)",2015-08-01,2,0,2
31001,SACABA,intoxicaciones,"otras intoxicaciones (drogas, farmacos, alcohol etc.)",2015-08-01,7,4,11
70901,SAMAIPATA,intoxicaciones,"otras intoxicaciones (drogas, farmacos, alcohol etc.)",2015-08-01,2,0,2
80501,SAN IGNACIO,intoxicaciones,"otras intoxicaciones (drogas, farmacos, alcohol etc.)",2015-08-01,1,0,1
70301,SAN IGNACIO DE VELASCO,intoxicaciones,"otras intoxicaciones (drogas, farmacos, alcohol etc.)",2015-08-01,0,5,5
60501,SAN LORENZO(TJA),intoxicaciones,"otras intoxicaciones (drogas, farmacos, alcohol etc.)",2015-08-01,1,0,1
70303,SAN RAFAEL,intoxicaciones,"otras intoxicaciones (drogas, farmacos, alcohol etc.)",2015-08-01,1,0,1
70101,SANTA CRUZ DE LA SIERRA,intoxicaciones,"otras intoxicaciones (drogas, farmacos, alcohol etc.)",2015-08-01,130,62,192
70602,SANTA ROSA DEL SARA,intoxicaciones,"otras intoxicaciones (drogas, farmacos, alcohol etc.)",2015-08-01,0,1,1
31602,SHINAOTA,intoxicaciones,"otras intoxicaciones (drogas, farmacos, alcohol etc.)",2015-08-01,1,0,1
21301,SICA SICA (VILLA AROMA),intoxicaciones,"otras intoxicaciones (drogas, farmacos, alcohol etc.)",2015-08-01,2,1,3
10101,SUCRE,intoxicaciones,"otras intoxicaciones (drogas, farmacos, alcohol etc.)",2015-08-01,41,19,60
30602,TACOPAYA,intoxicaciones,"otras intoxicaciones (drogas, farmacos, alcohol etc.)",2015-08-01,1,0,1
10601,TARABUCO,intoxicaciones,"otras intoxicaciones (drogas, farmacos, alcohol etc.)",2015-08-01,0,1,1
30401,TARATA,intoxicaciones,"otras intoxicaciones (drogas, farmacos, alcohol etc.)",2015-08-01,1,1,2
60101,TARIJA,intoxicaciones,"otras intoxicaciones (drogas, farmacos, alcohol etc.)",2015-08-01,69,21,90
20803,TIAWANACU,intoxicaciones,"otras intoxicaciones (drogas, farmacos, alcohol etc.)",2015-08-01,1,0,1
31601,TIRAQUE (CBBA),intoxicaciones,"otras intoxicaciones (drogas, farmacos, alcohol etc.)",2015-08-01,1,0,1
21703,TITO YUPANQUI (PARQUIPUJIO),intoxicaciones,"otras intoxicaciones (drogas, farmacos, alcohol etc.)",2015-08-01,1,0,1
31201,TOTORA(CBBA),intoxicaciones,"otras intoxicaciones (drogas, farmacos, alcohol etc.)",2015-08-01,1,1,2
50801,TUPIZA,intoxicaciones,"otras intoxicaciones (drogas, farmacos, alcohol etc.)",2015-08-01,0,1,1
51201,UYUNI,intoxicaciones,"otras intoxicaciones (drogas, farmacos, alcohol etc.)",2015-08-01,3,0,3
70801,VALLEGRANDE,intoxicaciones,"otras intoxicaciones (drogas, farmacos, alcohol etc.)",2015-08-01,2,0,2
60303,VILLA MONTES,intoxicaciones,"otras intoxicaciones (drogas, farmacos, alcohol etc.)",2015-08-01,1,0,1
11001,VILLA VACA GUZMAN (MUYUPAMPA),intoxicaciones,"otras intoxicaciones (drogas, farmacos, alcohol etc.)",2015-08-01,2,0,2
51501,VILLAZON,intoxicaciones,"otras intoxicaciones (drogas, farmacos, alcohol etc.)",2015-08-01,1,0,1
50602,VITICHI,intoxicaciones,"otras intoxicaciones (drogas, farmacos, alcohol etc.)",2015-08-01,0,1,1
70201,WARNES,intoxicaciones,"otras intoxicaciones (drogas, farmacos, alcohol etc.)",2015-08-01,1,1,2
60301,YACUIBA,intoxicaciones,"otras intoxicaciones (drogas, farmacos, alcohol etc.)",2015-08-01,5,6,11
70403,YAPACANI,intoxicaciones,"otras intoxicaciones (drogas, farmacos, alcohol etc.)",2015-08-01,2,0,2
10102,YOTALA,intoxicaciones,"otras intoxicaciones (drogas, farmacos, alcohol etc.)",2015-08-01,0,1,1
51302,ACACIO,intoxicaciones,"otras intoxicaciones (drogas, farmacos, alcohol etc.)",2015-09-01,0,1,1
20202,ANCORAIMES,intoxicaciones,"otras intoxicaciones (drogas, farmacos, alcohol etc.)",2015-09-01,0,1,1
50802,ATOCHA,intoxicaciones,"otras intoxicaciones (drogas, farmacos, alcohol etc.)",2015-09-01,0,1,1
90104,BELLA FLOR,intoxicaciones,"otras intoxicaciones (drogas, farmacos, alcohol etc.)",2015-09-01,0,1,1
21003,CAJUATA,intoxicaciones,"otras intoxicaciones (drogas, farmacos, alcohol etc.)",2015-09-01,1,0,1
70706,CAMIRI,intoxicaciones,"otras intoxicaciones (drogas, farmacos, alcohol etc.)",2015-09-01,3,5,8
60302,CARAPARI,intoxicaciones,"otras intoxicaciones (drogas, farmacos, alcohol etc.)",2015-09-01,2,1,3
70702,CHARAGUA,intoxicaciones,"otras intoxicaciones (drogas, farmacos, alcohol etc.)",2015-09-01,1,0,1
30801,CLIZA,intoxicaciones,"otras intoxicaciones (drogas, farmacos, alcohol etc.)",2015-09-01,1,0,1
90101,COBIJA,intoxicaciones,"otras intoxicaciones (drogas, farmacos, alcohol etc.)",2015-09-01,7,4,11
30101,COCHABAMBA,intoxicaciones,"otras intoxicaciones (drogas, farmacos, alcohol etc.)",2015-09-01,22,22,44
30905,COLCAPIRHUA,intoxicaciones,"otras intoxicaciones (drogas, farmacos, alcohol etc.)",2015-09-01,2,0,2
70603,COLPA BELGICA,intoxicaciones,"otras intoxicaciones (drogas, farmacos, alcohol etc.)",2015-09-01,2,0,2
50401,COLQUECHACA,intoxicaciones,"otras intoxicaciones (drogas, farmacos, alcohol etc.)",2015-09-01,0,1,1
71101,CONCEPCION,intoxicaciones,"otras intoxicaciones (drogas, farmacos, alcohol etc.)",2015-09-01,3,1,4
21401,COROICO,intoxicaciones,"otras intoxicaciones (drogas, farmacos, alcohol etc.)",2015-09-01,1,1,2
71106,CUATRO CAÑADAS,intoxicaciones,"otras intoxicaciones (drogas, farmacos, alcohol etc.)",2015-09-01,1,0,1
20105,EL ALTO,intoxicaciones,"otras intoxicaciones (drogas, farmacos, alcohol etc.)",2015-09-01,19,18,37
70105,EL TORNO,intoxicaciones,"otras intoxicaciones (drogas, farmacos, alcohol etc.)",2015-09-01,7,5,12
20405,ESCOMA,intoxicaciones,"otras intoxicaciones (drogas, farmacos, alcohol etc.)",2015-09-01,1,0,1
71002,GENERAL SAAVEDRA,intoxicaciones,"otras intoxicaciones (drogas, farmacos, alcohol etc.)",2015-09-01,1,0,1
80202,GUAYARAMERIN,intoxicaciones,"otras intoxicaciones (drogas, farmacos, alcohol etc.)",2015-09-01,4,0,4
40701,HUANUNI,intoxicaciones,"otras intoxicaciones (drogas, farmacos, alcohol etc.)",2015-09-01,11,2,13
41601,HUAYLLAMARCA,intoxicaciones,"otras intoxicaciones (drogas, farmacos, alcohol etc.)",2015-09-01,1,0,1
21102,IRUPANA (VILLA DE LANZA),intoxicaciones,"otras intoxicaciones (drogas, farmacos, alcohol etc.)",2015-09-01,0,1,1
70104,LA GUARDIA,intoxicaciones,"otras intoxicaciones (drogas, farmacos, alcohol etc.)",2015-09-01,4,1,5
20101,LA PAZ,intoxicaciones,"otras intoxicaciones (drogas, farmacos, alcohol etc.)",2015-09-01,45,17,62
70701,LAGUNILLAS,intoxicaciones,"otras intoxicaciones (drogas, farmacos, alcohol etc.)",2015-09-01,3,1,4
70903,MAIRANA,intoxicaciones,"otras intoxicaciones (drogas, farmacos, alcohol etc.)",2015-09-01,2,0,2
31301,MIZQUE,intoxicaciones,"otras intoxicaciones (drogas, farmacos, alcohol etc.)",2015-09-01,4,1,5
10501,MONTEAGUDO,intoxicaciones,"otras intoxicaciones (drogas, farmacos, alcohol etc.)",2015-09-01,2,0,2
71001,MONTERO,intoxicaciones,"otras intoxicaciones (drogas, farmacos, alcohol etc.)",2015-09-01,2,1,3
40101,ORURO,intoxicaciones,"otras intoxicaciones (drogas, farmacos, alcohol etc.)",2015-09-01,4,1,5
31202,POJO (CBBA),intoxicaciones,"otras intoxicaciones (drogas, farmacos, alcohol etc.)",2015-09-01,1,0,1
10103,POROMA,intoxicaciones,"otras intoxicaciones (drogas, farmacos, alcohol etc.)",2015-09-01,0,1,1
50101,POTOSI,intoxicaciones,"otras intoxicaciones (drogas, farmacos, alcohol etc.)",2015-09-01,0,5,5
90301,PUERTO GONZALO MORENO,intoxicaciones,"otras intoxicaciones (drogas, farmacos, alcohol etc.)",2015-09-01,0,1,1
71401,PUERTO SUAREZ,intoxicaciones,"otras intoxicaciones (drogas, farmacos, alcohol etc.)",2015-09-01,3,2,5
31205,PUERTO VILLARROEL,intoxicaciones,"otras intoxicaciones (drogas, farmacos, alcohol etc.)",2015-09-01,7,3,10
31401,PUNATA,intoxicaciones,"otras intoxicaciones (drogas, farmacos, alcohol etc.)",2015-09-01,2,1,3
30901,QUILLACOLLO,intoxicaciones,"otras intoxicaciones (drogas, farmacos, alcohol etc.)",2015-09-01,0,1,1
80201,RIBERALTA,intoxicaciones,"otras intoxicaciones (drogas, farmacos, alcohol etc.)",2015-09-01,1,1,2
70503,ROBORE,intoxicaciones,"otras intoxicaciones (drogas, farmacos, alcohol etc.)",2015-09-01,1,0,1
80304,RURRENABAQUE,intoxicaciones,"otras intoxicaciones (drogas, farmacos, alcohol etc.)",2015-09-01,2,0,2
31001,SACABA,intoxicaciones,"otras intoxicaciones (drogas, farmacos, alcohol etc.)",2015-09-01,5,7,12
70901,SAMAIPATA,intoxicaciones,"otras intoxicaciones (drogas, farmacos, alcohol etc.)",2015-09-01,2,0,2
70402,SAN CARLOS,intoxicaciones,"otras intoxicaciones (drogas, farmacos, alcohol etc.)",2015-09-01,1,0,1
80501,SAN IGNACIO,intoxicaciones,"otras intoxicaciones (drogas, farmacos, alcohol etc.)",2015-09-01,1,0,1
70501,SAN JOSE DE CHIQUITOS,intoxicaciones,"otras intoxicaciones (drogas, farmacos, alcohol etc.)",2015-09-01,1,0,1
60501,SAN LORENZO(TJA),intoxicaciones,"otras intoxicaciones (drogas, farmacos, alcohol etc.)",2015-09-01,1,0,1
71201,SAN MATIAS,intoxicaciones,"otras intoxicaciones (drogas, farmacos, alcohol etc.)",2015-09-01,2,2,4
70303,SAN RAFAEL,intoxicaciones,"otras intoxicaciones (drogas, farmacos, alcohol etc.)",2015-09-01,1,1,2
70101,SANTA CRUZ DE LA SIERRA,intoxicaciones,"otras intoxicaciones (drogas, farmacos, alcohol etc.)",2015-09-01,89,37,126
80303,SANTA ROSA,intoxicaciones,"otras intoxicaciones (drogas, farmacos, alcohol etc.)",2015-09-01,1,0,1
70602,SANTA ROSA DEL SARA,intoxicaciones,"otras intoxicaciones (drogas, farmacos, alcohol etc.)",2015-09-01,0,1,1
10101,SUCRE,intoxicaciones,"otras intoxicaciones (drogas, farmacos, alcohol etc.)",2015-09-01,24,19,43
30401,TARATA,intoxicaciones,"otras intoxicaciones (drogas, farmacos, alcohol etc.)",2015-09-01,0,1,1
60101,TARIJA,intoxicaciones,"otras intoxicaciones (drogas, farmacos, alcohol etc.)",2015-09-01,67,29,96
30903,TIQUIPAYA,intoxicaciones,"otras intoxicaciones (drogas, farmacos, alcohol etc.)",2015-09-01,3,0,3
31201,TOTORA(CBBA),intoxicaciones,"otras intoxicaciones (drogas, farmacos, alcohol etc.)",2015-09-01,1,0,1
41301,TOTORA(ORR),intoxicaciones,"otras intoxicaciones (drogas, farmacos, alcohol etc.)",2015-09-01,1,1,2
80101,TRINIDAD,intoxicaciones,"otras intoxicaciones (drogas, farmacos, alcohol etc.)",2015-09-01,1,0,1
51201,UYUNI,intoxicaciones,"otras intoxicaciones (drogas, farmacos, alcohol etc.)",2015-09-01,1,1,2
70801,VALLEGRANDE,intoxicaciones,"otras intoxicaciones (drogas, farmacos, alcohol etc.)",2015-09-01,4,0,4
31003,VILLA TUNARI,intoxicaciones,"otras intoxicaciones (drogas, farmacos, alcohol etc.)",2015-09-01,2,1,3
11001,VILLA VACA GUZMAN (MUYUPAMPA),intoxicaciones,"otras intoxicaciones (drogas, farmacos, alcohol etc.)",2015-09-01,1,0,1
51501,VILLAZON,intoxicaciones,"otras intoxicaciones (drogas, farmacos, alcohol etc.)",2015-09-01,0,1,1
60301,YACUIBA,intoxicaciones,"otras intoxicaciones (drogas, farmacos, alcohol etc.)",2015-09-01,4,4,8
70403,YAPACANI,intoxicaciones,"otras intoxicaciones (drogas, farmacos, alcohol etc.)",2015-09-01,2,0,2
20201,ACHACACHI,intoxicaciones,"otras intoxicaciones (drogas, farmacos, alcohol etc.)",2015-10-01,0,1,1
30201,AIQUILE,intoxicaciones,"otras intoxicaciones (drogas, farmacos, alcohol etc.)",2015-10-01,1,0,1
71501,ASCENCION DE GUARAYOS,intoxicaciones,"otras intoxicaciones (drogas, farmacos, alcohol etc.)",2015-10-01,1,0,1
60202,BERMEJO,intoxicaciones,"otras intoxicaciones (drogas, farmacos, alcohol etc.)",2015-10-01,0,2,2
10701,CAMARGO,intoxicaciones,"otras intoxicaciones (drogas, farmacos, alcohol etc.)",2015-10-01,1,0,1
70706,CAMIRI,intoxicaciones,"otras intoxicaciones (drogas, farmacos, alcohol etc.)",2015-10-01,2,2,4
60302,CARAPARI,intoxicaciones,"otras intoxicaciones (drogas, farmacos, alcohol etc.)",2015-10-01,2,1,3
30801,CLIZA,intoxicaciones,"otras intoxicaciones (drogas, farmacos, alcohol etc.)",2015-10-01,1,0,1
90101,COBIJA,intoxicaciones,"otras intoxicaciones (drogas, farmacos, alcohol etc.)",2015-10-01,5,0,5
30101,COCHABAMBA,intoxicaciones,"otras intoxicaciones (drogas, farmacos, alcohol etc.)",2015-10-01,8,7,15
30905,COLCAPIRHUA,intoxicaciones,"otras intoxicaciones (drogas, farmacos, alcohol etc.)",2015-10-01,0,2,2
31002,COLOMI,intoxicaciones,"otras intoxicaciones (drogas, farmacos, alcohol etc.)",2015-10-01,2,0,2
70603,COLPA BELGICA,intoxicaciones,"otras intoxicaciones (drogas, farmacos, alcohol etc.)",2015-10-01,2,1,3
71301,COMARAPA,intoxicaciones,"otras intoxicaciones (drogas, farmacos, alcohol etc.)",2015-10-01,1,0,1
71101,CONCEPCION,intoxicaciones,"otras intoxicaciones (drogas, farmacos, alcohol etc.)",2015-10-01,3,0,3
21401,COROICO,intoxicaciones,"otras intoxicaciones (drogas, farmacos, alcohol etc.)",2015-10-01,0,1,1
71106,CUATRO CAÑADAS,intoxicaciones,"otras intoxicaciones (drogas, farmacos, alcohol etc.)",2015-10-01,1,0,1
20105,EL ALTO,intoxicaciones,"otras intoxicaciones (drogas, farmacos, alcohol etc.)",2015-10-01,12,2,14
71503,EL PUENTE(STC),intoxicaciones,"otras intoxicaciones (drogas, farmacos, alcohol etc.)",2015-10-01,1,0,1
70105,EL TORNO,intoxicaciones,"otras intoxicaciones (drogas, farmacos, alcohol etc.)",2015-10-01,7,4,11
90203,FILADELFIA,intoxicaciones,"otras intoxicaciones (drogas, farmacos, alcohol etc.)",2015-10-01,0,1,1
40701,HUANUNI,intoxicaciones,"otras intoxicaciones (drogas, farmacos, alcohol etc.)",2015-10-01,12,6,18
10703,INCAHUASI,intoxicaciones,"otras intoxicaciones (drogas, farmacos, alcohol etc.)",2015-10-01,1,0,1
21102,IRUPANA (VILLA DE LANZA),intoxicaciones,"otras intoxicaciones (drogas, farmacos, alcohol etc.)",2015-10-01,2,0,2
70104,LA GUARDIA,intoxicaciones,"otras intoxicaciones (drogas, farmacos, alcohol etc.)",2015-10-01,6,0,6
20101,LA PAZ,intoxicaciones,"otras intoxicaciones (drogas, farmacos, alcohol etc.)",2015-10-01,72,35,107
50203,LLALLAGUA,intoxicaciones,"otras intoxicaciones (drogas, farmacos, alcohol etc.)",2015-10-01,2,0,2
20402,MOCOMOCO,intoxicaciones,"otras intoxicaciones (drogas, farmacos, alcohol etc.)",2015-10-01,1,0,1
10501,MONTEAGUDO,intoxicaciones,"otras intoxicaciones (drogas, farmacos, alcohol etc.)",2015-10-01,1,1,2
71001,MONTERO,intoxicaciones,"otras intoxicaciones (drogas, farmacos, alcohol etc.)",2015-10-01,1,0,1
40101,ORURO,intoxicaciones,"otras intoxicaciones (drogas, farmacos, alcohol etc.)",2015-10-01,4,1,5
60201,PADCAYA,intoxicaciones,"otras intoxicaciones (drogas, farmacos, alcohol etc.)",2015-10-01,0,1,1
70502,PAILON,intoxicaciones,"otras intoxicaciones (drogas, farmacos, alcohol etc.)",2015-10-01,5,1,6
70902,PAMPA GRANDE,intoxicaciones,"otras intoxicaciones (drogas, farmacos, alcohol etc.)",2015-10-01,0,1,1
70601,PORTACHUELO,intoxicaciones,"otras intoxicaciones (drogas, farmacos, alcohol etc.)",2015-10-01,1,0,1
90102,PORVENIR,intoxicaciones,"otras intoxicaciones (drogas, farmacos, alcohol etc.)",2015-10-01,1,0,1
50101,POTOSI,intoxicaciones,"otras intoxicaciones (drogas, farmacos, alcohol etc.)",2015-10-01,7,1,8
20403,PUERTO CARABUCO,intoxicaciones,"otras intoxicaciones (drogas, farmacos, alcohol etc.)",2015-10-01,1,0,1
71401,PUERTO SUAREZ,intoxicaciones,"otras intoxicaciones (drogas, farmacos, alcohol etc.)",2015-10-01,2,2,4
31205,PUERTO VILLARROEL,intoxicaciones,"otras intoxicaciones (drogas, farmacos, alcohol etc.)",2015-10-01,1,1,2
31401,PUNATA,intoxicaciones,"otras intoxicaciones (drogas, farmacos, alcohol etc.)",2015-10-01,2,3,5
30901,QUILLACOLLO,intoxicaciones,"otras intoxicaciones (drogas, farmacos, alcohol etc.)",2015-10-01,2,1,3
70503,ROBORE,intoxicaciones,"otras intoxicaciones (drogas, farmacos, alcohol etc.)",2015-10-01,0,1,1
31001,SACABA,intoxicaciones,"otras intoxicaciones (drogas, farmacos, alcohol etc.)",2015-10-01,4,2,6
70901,SAMAIPATA,intoxicaciones,"otras intoxicaciones (drogas, farmacos, alcohol etc.)",2015-10-01,2,0,2
80302,SAN BORJA,intoxicaciones,"otras intoxicaciones (drogas, farmacos, alcohol etc.)",2015-10-01,1,0,1
80501,SAN IGNACIO,intoxicaciones,"otras intoxicaciones (drogas, farmacos, alcohol etc.)",2015-10-01,1,0,1
70301,SAN IGNACIO DE VELASCO,intoxicaciones,"otras intoxicaciones (drogas, farmacos, alcohol etc.)",2015-10-01,3,2,5
71104,SAN JULIAN,intoxicaciones,"otras intoxicaciones (drogas, farmacos, alcohol etc.)",2015-10-01,1,0,1
71005,SAN PEDRO,intoxicaciones,"otras intoxicaciones (drogas, farmacos, alcohol etc.)",2015-10-01,1,0,1
70303,SAN RAFAEL,intoxicaciones,"otras intoxicaciones (drogas, farmacos, alcohol etc.)",2015-10-01,1,0,1
80401,SANTA ANA,intoxicaciones,"otras intoxicaciones (drogas, farmacos, alcohol etc.)",2015-10-01,1,0,1
70101,SANTA CRUZ DE LA SIERRA,intoxicaciones,"otras intoxicaciones (drogas, farmacos, alcohol etc.)",2015-10-01,64,41,105
31602,SHINAOTA,intoxicaciones,"otras intoxicaciones (drogas, farmacos, alcohol etc.)",2015-10-01,0,1,1
10101,SUCRE,intoxicaciones,"otras intoxicaciones (drogas, farmacos, alcohol etc.)",2015-10-01,36,22,58
10601,TARABUCO,intoxicaciones,"otras intoxicaciones (drogas, farmacos, alcohol etc.)",2015-10-01,7,3,10
60101,TARIJA,intoxicaciones,"otras intoxicaciones (drogas, farmacos, alcohol etc.)",2015-10-01,66,19,85
50102,TINGUIPAYA,intoxicaciones,"otras intoxicaciones (drogas, farmacos, alcohol etc.)",2015-10-01,1,1,2
51201,UYUNI,intoxicaciones,"otras intoxicaciones (drogas, farmacos, alcohol etc.)",2015-10-01,0,1,1
70801,VALLEGRANDE,intoxicaciones,"otras intoxicaciones (drogas, farmacos, alcohol etc.)",2015-10-01,1,0,1
31003,VILLA TUNARI,intoxicaciones,"otras intoxicaciones (drogas, farmacos, alcohol etc.)",2015-10-01,2,0,2
51501,VILLAZON,intoxicaciones,"otras intoxicaciones (drogas, farmacos, alcohol etc.)",2015-10-01,0,1,1
30904,VINTO,intoxicaciones,"otras intoxicaciones (drogas, farmacos, alcohol etc.)",2015-10-01,2,0,2
70201,WARNES,intoxicaciones,"otras intoxicaciones (drogas, farmacos, alcohol etc.)",2015-10-01,1,0,1
60301,YACUIBA,intoxicaciones,"otras intoxicaciones (drogas, farmacos, alcohol etc.)",2015-10-01,6,7,13
70403,YAPACANI,intoxicaciones,"otras intoxicaciones (drogas, farmacos, alcohol etc.)",2015-10-01,1,4,5
30201,AIQUILE,intoxicaciones,"otras intoxicaciones (drogas, farmacos, alcohol etc.)",2015-11-01,2,1,3
20701,APOLO,intoxicaciones,"otras intoxicaciones (drogas, farmacos, alcohol etc.)",2015-11-01,0,1,1
71501,ASCENCION DE GUARAYOS,intoxicaciones,"otras intoxicaciones (drogas, farmacos, alcohol etc.)",2015-11-01,1,0,1
21203,BATALLAS,intoxicaciones,"otras intoxicaciones (drogas, farmacos, alcohol etc.)",2015-11-01,0,1,1
60202,BERMEJO,intoxicaciones,"otras intoxicaciones (drogas, farmacos, alcohol etc.)",2015-11-01,1,0,1
10701,CAMARGO,intoxicaciones,"otras intoxicaciones (drogas, farmacos, alcohol etc.)",2015-11-01,3,2,5
70706,CAMIRI,intoxicaciones,"otras intoxicaciones (drogas, farmacos, alcohol etc.)",2015-11-01,6,3,9
60302,CARAPARI,intoxicaciones,"otras intoxicaciones (drogas, farmacos, alcohol etc.)",2015-11-01,6,2,8
70702,CHARAGUA,intoxicaciones,"otras intoxicaciones (drogas, farmacos, alcohol etc.)",2015-11-01,1,0,1
90101,COBIJA,intoxicaciones,"otras intoxicaciones (drogas, farmacos, alcohol etc.)",2015-11-01,2,1,3
30101,COCHABAMBA,intoxicaciones,"otras intoxicaciones (drogas, farmacos, alcohol etc.)",2015-11-01,11,24,35
31002,COLOMI,intoxicaciones,"otras intoxicaciones (drogas, farmacos, alcohol etc.)",2015-11-01,0,2,2
70603,COLPA BELGICA,intoxicaciones,"otras intoxicaciones (drogas, farmacos, alcohol etc.)",2015-11-01,0,2,2
71101,CONCEPCION,intoxicaciones,"otras intoxicaciones (drogas, farmacos, alcohol etc.)",2015-11-01,1,0,1
20105,EL ALTO,intoxicaciones,"otras intoxicaciones (drogas, farmacos, alcohol etc.)",2015-11-01,7,5,12
71503,EL PUENTE(STC),intoxicaciones,"otras intoxicaciones (drogas, farmacos, alcohol etc.)",2015-11-01,1,0,1
70105,EL TORNO,intoxicaciones,"otras intoxicaciones (drogas, farmacos, alcohol etc.)",2015-11-01,0,4,4
60601,ENTRE RIOS TRJ,intoxicaciones,"otras intoxicaciones (drogas, farmacos, alcohol etc.)",2015-11-01,1,1,2
31206,ENTRE RIOS CBBA,intoxicaciones,"otras intoxicaciones (drogas, farmacos, alcohol etc.)",2015-11-01,1,0,1
71002,GENERAL SAAVEDRA,intoxicaciones,"otras intoxicaciones (drogas, farmacos, alcohol etc.)",2015-11-01,1,0,1
80202,GUAYARAMERIN,intoxicaciones,"otras intoxicaciones (drogas, farmacos, alcohol etc.)",2015-11-01,1,0,1
40701,HUANUNI,intoxicaciones,"otras intoxicaciones (drogas, farmacos, alcohol etc.)",2015-11-01,7,2,9
70104,LA GUARDIA,intoxicaciones,"otras intoxicaciones (drogas, farmacos, alcohol etc.)",2015-11-01,5,2,7
20101,LA PAZ,intoxicaciones,"otras intoxicaciones (drogas, farmacos, alcohol etc.)",2015-11-01,49,20,69
51401,LLICA,intoxicaciones,"otras intoxicaciones (drogas, farmacos, alcohol etc.)",2015-11-01,1,0,1
70903,MAIRANA,intoxicaciones,"otras intoxicaciones (drogas, farmacos, alcohol etc.)",2015-11-01,0,1,1
20402,MOCOMOCO,intoxicaciones,"otras intoxicaciones (drogas, farmacos, alcohol etc.)",2015-11-01,2,0,2
71001,MONTERO,intoxicaciones,"otras intoxicaciones (drogas, farmacos, alcohol etc.)",2015-11-01,3,1,4
30302,MOROCHATA,intoxicaciones,"otras intoxicaciones (drogas, farmacos, alcohol etc.)",2015-11-01,0,2,2
40101,ORURO,intoxicaciones,"otras intoxicaciones (drogas, farmacos, alcohol etc.)",2015-11-01,2,1,3
70103,PORONGO,intoxicaciones,"otras intoxicaciones (drogas, farmacos, alcohol etc.)",2015-11-01,1,0,1
50101,POTOSI,intoxicaciones,"otras intoxicaciones (drogas, farmacos, alcohol etc.)",2015-11-01,7,1,8
71401,PUERTO SUAREZ,intoxicaciones,"otras intoxicaciones (drogas, farmacos, alcohol etc.)",2015-11-01,2,0,2
31401,PUNATA,intoxicaciones,"otras intoxicaciones (drogas, farmacos, alcohol etc.)",2015-11-01,1,2,3
30901,QUILLACOLLO,intoxicaciones,"otras intoxicaciones (drogas, farmacos, alcohol etc.)",2015-11-01,2,0,2
80201,RIBERALTA,intoxicaciones,"otras intoxicaciones (drogas, farmacos, alcohol etc.)",2015-11-01,1,1,2
70503,ROBORE,intoxicaciones,"otras intoxicaciones (drogas, farmacos, alcohol etc.)",2015-11-01,1,0,1
80304,RURRENABAQUE,intoxicaciones,"otras intoxicaciones (drogas, farmacos, alcohol etc.)",2015-11-01,0,1,1
31001,SACABA,intoxicaciones,"otras intoxicaciones (drogas, farmacos, alcohol etc.)",2015-11-01,13,10,23
80602,SAN ANDRES,intoxicaciones,"otras intoxicaciones (drogas, farmacos, alcohol etc.)",2015-11-01,1,0,1
70402,SAN CARLOS,intoxicaciones,"otras intoxicaciones (drogas, farmacos, alcohol etc.)",2015-11-01,1,0,1
70301,SAN IGNACIO DE VELASCO,intoxicaciones,"otras intoxicaciones (drogas, farmacos, alcohol etc.)",2015-11-01,2,1,3
70404,SAN JUAN DE YAPACANI,intoxicaciones,"otras intoxicaciones (drogas, farmacos, alcohol etc.)",2015-11-01,1,0,1
10702,SAN LUCAS,intoxicaciones,"otras intoxicaciones (drogas, farmacos, alcohol etc.)",2015-11-01,1,0,1
71201,SAN MATIAS,intoxicaciones,"otras intoxicaciones (drogas, farmacos, alcohol etc.)",2015-11-01,2,0,2
70302,SAN MIGUEL DE VELASCO,intoxicaciones,"otras intoxicaciones (drogas, farmacos, alcohol etc.)",2015-11-01,0,1,1
50501,SAN PEDRO DE BUENA VISTA,intoxicaciones,"otras intoxicaciones (drogas, farmacos, alcohol etc.)",2015-11-01,1,0,1
70101,SANTA CRUZ DE LA SIERRA,intoxicaciones,"otras intoxicaciones (drogas, farmacos, alcohol etc.)",2015-11-01,92,39,131
31602,SHINAOTA,intoxicaciones,"otras intoxicaciones (drogas, farmacos, alcohol etc.)",2015-11-01,1,1,2
21301,SICA SICA (VILLA AROMA),intoxicaciones,"otras intoxicaciones (drogas, farmacos, alcohol etc.)",2015-11-01,2,0,2
10101,SUCRE,intoxicaciones,"otras intoxicaciones (drogas, farmacos, alcohol etc.)",2015-11-01,44,21,65
10601,TARABUCO,intoxicaciones,"otras intoxicaciones (drogas, farmacos, alcohol etc.)",2015-11-01,6,5,11
60101,TARIJA,intoxicaciones,"otras intoxicaciones (drogas, farmacos, alcohol etc.)",2015-11-01,66,26,92
30803,TOLATA,intoxicaciones,"otras intoxicaciones (drogas, farmacos, alcohol etc.)",2015-11-01,1,0,1
50201,UNCIA,intoxicaciones,"otras intoxicaciones (drogas, farmacos, alcohol etc.)",2015-11-01,1,0,1
60401,URIONDO (A. CONCEPCION),intoxicaciones,"otras intoxicaciones (drogas, farmacos, alcohol etc.)",2015-11-01,0,1,1
70801,VALLEGRANDE,intoxicaciones,"otras intoxicaciones (drogas, farmacos, alcohol etc.)",2015-11-01,3,0,3
11001,VILLA VACA GUZMAN (MUYUPAMPA),intoxicaciones,"otras intoxicaciones (drogas, farmacos, alcohol etc.)",2015-11-01,1,0,1
30904,VINTO,intoxicaciones,"otras intoxicaciones (drogas, farmacos, alcohol etc.)",2015-11-01,0,3,3
70201,WARNES,intoxicaciones,"otras intoxicaciones (drogas, farmacos, alcohol etc.)",2015-11-01,2,0,2
60301,YACUIBA,intoxicaciones,"otras intoxicaciones (drogas, farmacos, alcohol etc.)",2015-11-01,3,2,5
70403,YAPACANI,intoxicaciones,"otras intoxicaciones (drogas, farmacos, alcohol etc.)",2015-11-01,5,2,7
60402,YUNCHARA,intoxicaciones,"otras intoxicaciones (drogas, farmacos, alcohol etc.)",2015-11-01,1,0,1
10301,ZUDAÑEZ,intoxicaciones,"otras intoxicaciones (drogas, farmacos, alcohol etc.)",2015-11-01,1,0,1
10404,ALCALA,intoxicaciones,"otras intoxicaciones (drogas, farmacos, alcohol etc.)",2015-12-01,1,0,1
71501,ASCENCION DE GUARAYOS,intoxicaciones,"otras intoxicaciones (drogas, farmacos, alcohol etc.)",2015-12-01,0,1,1
60202,BERMEJO,intoxicaciones,"otras intoxicaciones (drogas, farmacos, alcohol etc.)",2015-12-01,1,1,2
10701,CAMARGO,intoxicaciones,"otras intoxicaciones (drogas, farmacos, alcohol etc.)",2015-12-01,1,0,1
70706,CAMIRI,intoxicaciones,"otras intoxicaciones (drogas, farmacos, alcohol etc.)",2015-12-01,10,6,16
40102,CARACOLLO,intoxicaciones,"otras intoxicaciones (drogas, farmacos, alcohol etc.)",2015-12-01,0,3,3
60302,CARAPARI,intoxicaciones,"otras intoxicaciones (drogas, farmacos, alcohol etc.)",2015-12-01,2,1,3
21101,CHULUMANI (V. DE LA LIBERTAD),intoxicaciones,"otras intoxicaciones (drogas, farmacos, alcohol etc.)",2015-12-01,1,2,3
90101,COBIJA,intoxicaciones,"otras intoxicaciones (drogas, farmacos, alcohol etc.)",2015-12-01,1,0,1
30101,COCHABAMBA,intoxicaciones,"otras intoxicaciones (drogas, farmacos, alcohol etc.)",2015-12-01,8,17,25
30905,COLCAPIRHUA,intoxicaciones,"otras intoxicaciones (drogas, farmacos, alcohol etc.)",2015-12-01,2,1,3
50401,COLQUECHACA,intoxicaciones,"otras intoxicaciones (drogas, farmacos, alcohol etc.)",2015-12-01,1,0,1
71301,COMARAPA,intoxicaciones,"otras intoxicaciones (drogas, farmacos, alcohol etc.)",2015-12-01,2,0,2
71101,CONCEPCION,intoxicaciones,"otras intoxicaciones (drogas, farmacos, alcohol etc.)",2015-12-01,1,0,1
21401,COROICO,intoxicaciones,"otras intoxicaciones (drogas, farmacos, alcohol etc.)",2015-12-01,1,2,3
71106,CUATRO CAÑADAS,intoxicaciones,"otras intoxicaciones (drogas, farmacos, alcohol etc.)",2015-12-01,0,2,2
40401,CURAHUARA DE CARANGAS,intoxicaciones,"otras intoxicaciones (drogas, farmacos, alcohol etc.)",2015-12-01,1,0,1
20105,EL ALTO,intoxicaciones,"otras intoxicaciones (drogas, farmacos, alcohol etc.)",2015-12-01,31,15,46
70105,EL TORNO,intoxicaciones,"otras intoxicaciones (drogas, farmacos, alcohol etc.)",2015-12-01,4,2,6
20405,ESCOMA,intoxicaciones,"otras intoxicaciones (drogas, farmacos, alcohol etc.)",2015-12-01,0,1,1
71004,FERNANDEZ ALONSO,intoxicaciones,"otras intoxicaciones (drogas, farmacos, alcohol etc.)",2015-12-01,1,0,1
71002,GENERAL SAAVEDRA,intoxicaciones,"otras intoxicaciones (drogas, farmacos, alcohol etc.)",2015-12-01,1,0,1
40701,HUANUNI,intoxicaciones,"otras intoxicaciones (drogas, farmacos, alcohol etc.)",2015-12-01,10,6,16
10304,ICLA,intoxicaciones,"otras intoxicaciones (drogas, farmacos, alcohol etc.)",2015-12-01,1,0,1
70104,LA GUARDIA,intoxicaciones,"otras intoxicaciones (drogas, farmacos, alcohol etc.)",2015-12-01,9,3,12
20101,LA PAZ,intoxicaciones,"otras intoxicaciones (drogas, farmacos, alcohol etc.)",2015-12-01,60,20,80
70903,MAIRANA,intoxicaciones,"otras intoxicaciones (drogas, farmacos, alcohol etc.)",2015-12-01,6,1,7
31301,MIZQUE,intoxicaciones,"otras intoxicaciones (drogas, farmacos, alcohol etc.)",2015-12-01,1,7,8
20402,MOCOMOCO,intoxicaciones,"otras intoxicaciones (drogas, farmacos, alcohol etc.)",2015-12-01,1,0,1
30302,MOROCHATA,intoxicaciones,"otras intoxicaciones (drogas, farmacos, alcohol etc.)",2015-12-01,1,0,1
30203,OMEREQUE,intoxicaciones,"otras intoxicaciones (drogas, farmacos, alcohol etc.)",2015-12-01,1,1,2
40101,ORURO,intoxicaciones,"otras intoxicaciones (drogas, farmacos, alcohol etc.)",2015-12-01,8,8,16
10401,PADILLA,intoxicaciones,"otras intoxicaciones (drogas, farmacos, alcohol etc.)",2015-12-01,2,2,4
70502,PAILON,intoxicaciones,"otras intoxicaciones (drogas, farmacos, alcohol etc.)",2015-12-01,2,0,2
70902,PAMPA GRANDE,intoxicaciones,"otras intoxicaciones (drogas, farmacos, alcohol etc.)",2015-12-01,0,2,2
70103,PORONGO,intoxicaciones,"otras intoxicaciones (drogas, farmacos, alcohol etc.)",2015-12-01,1,0,1
50101,POTOSI,intoxicaciones,"otras intoxicaciones (drogas, farmacos, alcohol etc.)",2015-12-01,5,7,12
70805,PUCARA,intoxicaciones,"otras intoxicaciones (drogas, farmacos, alcohol etc.)",2015-12-01,1,0,1
90301,PUERTO GONZALO MORENO,intoxicaciones,"otras intoxicaciones (drogas, farmacos, alcohol etc.)",2015-12-01,1,0,1
90201,PUERTO RICO,intoxicaciones,"otras intoxicaciones (drogas, farmacos, alcohol etc.)",2015-12-01,0,1,1
71401,PUERTO SUAREZ,intoxicaciones,"otras intoxicaciones (drogas, farmacos, alcohol etc.)",2015-12-01,5,0,5
31205,PUERTO VILLARROEL,intoxicaciones,"otras intoxicaciones (drogas, farmacos, alcohol etc.)",2015-12-01,2,3,5
31401,PUNATA,intoxicaciones,"otras intoxicaciones (drogas, farmacos, alcohol etc.)",2015-12-01,0,2,2
80304,RURRENABAQUE,intoxicaciones,"otras intoxicaciones (drogas, farmacos, alcohol etc.)",2015-12-01,2,3,5
31001,SACABA,intoxicaciones,"otras intoxicaciones (drogas, farmacos, alcohol etc.)",2015-12-01,11,23,34
71302,SAIPINA,intoxicaciones,"otras intoxicaciones (drogas, farmacos, alcohol etc.)",2015-12-01,1,0,1
70901,SAMAIPATA,intoxicaciones,"otras intoxicaciones (drogas, farmacos, alcohol etc.)",2015-12-01,1,1,2
21502,SAN BUENA VENTURA,intoxicaciones,"otras intoxicaciones (drogas, farmacos, alcohol etc.)",2015-12-01,9,0,9
70402,SAN CARLOS,intoxicaciones,"otras intoxicaciones (drogas, farmacos, alcohol etc.)",2015-12-01,2,0,2
70301,SAN IGNACIO DE VELASCO,intoxicaciones,"otras intoxicaciones (drogas, farmacos, alcohol etc.)",2015-12-01,1,0,1
70501,SAN JOSE DE CHIQUITOS,intoxicaciones,"otras intoxicaciones (drogas, farmacos, alcohol etc.)",2015-12-01,4,0,4
71104,SAN JULIAN,intoxicaciones,"otras intoxicaciones (drogas, farmacos, alcohol etc.)",2015-12-01,0,1,1
60501,SAN LORENZO(TJA),intoxicaciones,"otras intoxicaciones (drogas, farmacos, alcohol etc.)",2015-12-01,0,1,1
71201,SAN MATIAS,intoxicaciones,"otras intoxicaciones (drogas, farmacos, alcohol etc.)",2015-12-01,1,1,2
21702,SAN PEDRO DE TIQUINA,intoxicaciones,"otras intoxicaciones (drogas, farmacos, alcohol etc.)",2015-12-01,1,0,1
70101,SANTA CRUZ DE LA SIERRA,intoxicaciones,"otras intoxicaciones (drogas, farmacos, alcohol etc.)",2015-12-01,142,83,225
20902,SAPAHAQUI,intoxicaciones,"otras intoxicaciones (drogas, farmacos, alcohol etc.)",2015-12-01,0,1,1
21301,SICA SICA (VILLA AROMA),intoxicaciones,"otras intoxicaciones (drogas, farmacos, alcohol etc.)",2015-12-01,1,1,2
10101,SUCRE,intoxicaciones,"otras intoxicaciones (drogas, farmacos, alcohol etc.)",2015-12-01,52,21,73
60101,TARIJA,intoxicaciones,"otras intoxicaciones (drogas, farmacos, alcohol etc.)",2015-12-01,43,10,53
10202,TARVITA,intoxicaciones,"otras intoxicaciones (drogas, farmacos, alcohol etc.)",2015-12-01,1,0,1
50102,TINGUIPAYA,intoxicaciones,"otras intoxicaciones (drogas, farmacos, alcohol etc.)",2015-12-01,1,0,1
31601,TIRAQUE (CBBA),intoxicaciones,"otras intoxicaciones (drogas, farmacos, alcohol etc.)",2015-12-01,1,0,1
80101,TRINIDAD,intoxicaciones,"otras intoxicaciones (drogas, farmacos, alcohol etc.)",2015-12-01,0,1,1
60401,URIONDO (A. CONCEPCION),intoxicaciones,"otras intoxicaciones (drogas, farmacos, alcohol etc.)",2015-12-01,0,1,1
51201,UYUNI,intoxicaciones,"otras intoxicaciones (drogas, farmacos, alcohol etc.)",2015-12-01,0,1,1
70801,VALLEGRANDE,intoxicaciones,"otras intoxicaciones (drogas, farmacos, alcohol etc.)",2015-12-01,0,1,1
20801,VIACHA,intoxicaciones,"otras intoxicaciones (drogas, farmacos, alcohol etc.)",2015-12-01,1,0,1
11001,VILLA VACA GUZMAN (MUYUPAMPA),intoxicaciones,"otras intoxicaciones (drogas, farmacos, alcohol etc.)",2015-12-01,1,0,1
30904,VINTO,intoxicaciones,"otras intoxicaciones (drogas, farmacos, alcohol etc.)",2015-12-01,1,0,1
70201,WARNES,intoxicaciones,"otras intoxicaciones (drogas, farmacos, alcohol etc.)",2015-12-01,7,2,9
60301,YACUIBA,intoxicaciones,"otras intoxicaciones (drogas, farmacos, alcohol etc.)",2015-12-01,7,5,12
70403,YAPACANI,intoxicaciones,"otras intoxicaciones (drogas, farmacos, alcohol etc.)",2015-12-01,3,5,8
10102,YOTALA,intoxicaciones,"otras intoxicaciones (drogas, farmacos, alcohol etc.)",2015-12-01,1,0,1
60402,YUNCHARA,intoxicaciones,"otras intoxicaciones (drogas, farmacos, alcohol etc.)",2015-12-01,1,0,1
