codigo_municipio,municipio,grupo,variable,mes,dentro de establecimientos hombres,dentro de establecimientos mujeres,fuera de establecimientos hombres,fuera de establecimientos mujeres,hombres total,mujeres total,total
30701,CAPINOTA,"mortalidad perinatal, neonatal e infantil",muerte neonatal  temprana (0-6 dias) confirmada,2015-01-01,1,0,0,0,1,0,1
22001,CARANAVI,"mortalidad perinatal, neonatal e infantil",muerte neonatal  temprana (0-6 dias) confirmada,2015-01-01,1,0,0,0,1,0,1
21101,CHULUMANI (V. DE LA LIBERTAD),"mortalidad perinatal, neonatal e infantil",muerte neonatal  temprana (0-6 dias) confirmada,2015-01-01,0,2,0,0,0,2,2
90101,COBIJA,"mortalidad perinatal, neonatal e infantil",muerte neonatal  temprana (0-6 dias) confirmada,2015-01-01,1,0,0,0,1,0,1
30101,COCHABAMBA,"mortalidad perinatal, neonatal e infantil",muerte neonatal  temprana (0-6 dias) confirmada,2015-01-01,1,0,0,0,1,0,1
40301,CORQUE,"mortalidad perinatal, neonatal e infantil",muerte neonatal  temprana (0-6 dias) confirmada,2015-01-01,0,0,1,0,1,0,1
20105,EL ALTO,"mortalidad perinatal, neonatal e infantil",muerte neonatal  temprana (0-6 dias) confirmada,2015-01-01,1,1,0,1,1,2,3
11002,HUACAYA (VILLA DE HUACAYA),"mortalidad perinatal, neonatal e infantil",muerte neonatal  temprana (0-6 dias) confirmada,2015-01-01,0,0,0,1,0,1,1
20101,LA PAZ,"mortalidad perinatal, neonatal e infantil",muerte neonatal  temprana (0-6 dias) confirmada,2015-01-01,2,3,0,2,2,5,7
31301,MIZQUE,"mortalidad perinatal, neonatal e infantil",muerte neonatal  temprana (0-6 dias) confirmada,2015-01-01,0,1,0,0,0,1,1
10501,MONTEAGUDO,"mortalidad perinatal, neonatal e infantil",muerte neonatal  temprana (0-6 dias) confirmada,2015-01-01,0,1,1,0,1,1,2
40101,ORURO,"mortalidad perinatal, neonatal e infantil",muerte neonatal  temprana (0-6 dias) confirmada,2015-01-01,4,2,0,0,4,2,6
50101,POTOSI,"mortalidad perinatal, neonatal e infantil",muerte neonatal  temprana (0-6 dias) confirmada,2015-01-01,3,3,0,0,3,3,6
30901,QUILLACOLLO,"mortalidad perinatal, neonatal e infantil",muerte neonatal  temprana (0-6 dias) confirmada,2015-01-01,0,0,1,0,1,0,1
80201,RIBERALTA,"mortalidad perinatal, neonatal e infantil",muerte neonatal  temprana (0-6 dias) confirmada,2015-01-01,1,1,0,0,1,1,2
10702,SAN LUCAS,"mortalidad perinatal, neonatal e infantil",muerte neonatal  temprana (0-6 dias) confirmada,2015-01-01,1,0,0,0,1,0,1
70101,SANTA CRUZ DE LA SIERRA,"mortalidad perinatal, neonatal e infantil",muerte neonatal  temprana (0-6 dias) confirmada,2015-01-01,11,2,0,0,11,2,13
10101,SUCRE,"mortalidad perinatal, neonatal e infantil",muerte neonatal  temprana (0-6 dias) confirmada,2015-01-01,0,1,0,0,0,1,1
60101,TARIJA,"mortalidad perinatal, neonatal e infantil",muerte neonatal  temprana (0-6 dias) confirmada,2015-01-01,0,2,0,0,0,2,2
80101,TRINIDAD,"mortalidad perinatal, neonatal e infantil",muerte neonatal  temprana (0-6 dias) confirmada,2015-01-01,3,1,0,0,3,1,4
50201,UNCIA,"mortalidad perinatal, neonatal e infantil",muerte neonatal  temprana (0-6 dias) confirmada,2015-01-01,0,0,1,0,1,0,1
60303,VILLA MONTES,"mortalidad perinatal, neonatal e infantil",muerte neonatal  temprana (0-6 dias) confirmada,2015-01-01,1,0,0,0,1,0,1
60301,YACUIBA,"mortalidad perinatal, neonatal e infantil",muerte neonatal  temprana (0-6 dias) confirmada,2015-01-01,1,1,0,0,1,1,2
21103,YANACACHI,"mortalidad perinatal, neonatal e infantil",muerte neonatal  temprana (0-6 dias) confirmada,2015-01-01,1,0,0,0,1,0,1
41201,ANDAMARCA,"mortalidad perinatal, neonatal e infantil",muerte neonatal  temprana (0-6 dias) confirmada,2015-02-01,0,0,1,0,1,0,1
10201,AZURDUY,"mortalidad perinatal, neonatal e infantil",muerte neonatal  temprana (0-6 dias) confirmada,2015-02-01,0,0,1,0,1,0,1
40201,CHALLAPATA,"mortalidad perinatal, neonatal e infantil",muerte neonatal  temprana (0-6 dias) confirmada,2015-02-01,0,1,0,0,0,1,1
30101,COCHABAMBA,"mortalidad perinatal, neonatal e infantil",muerte neonatal  temprana (0-6 dias) confirmada,2015-02-01,2,1,1,1,3,2,5
50901,"COLCHA ""K""","mortalidad perinatal, neonatal e infantil",muerte neonatal  temprana (0-6 dias) confirmada,2015-02-01,0,0,1,0,1,0,1
20105,EL ALTO,"mortalidad perinatal, neonatal e infantil",muerte neonatal  temprana (0-6 dias) confirmada,2015-02-01,3,1,1,1,4,2,6
20405,ESCOMA,"mortalidad perinatal, neonatal e infantil",muerte neonatal  temprana (0-6 dias) confirmada,2015-02-01,0,1,0,0,0,1,1
41601,HUAYLLAMARCA,"mortalidad perinatal, neonatal e infantil",muerte neonatal  temprana (0-6 dias) confirmada,2015-02-01,0,0,1,0,1,0,1
20101,LA PAZ,"mortalidad perinatal, neonatal e infantil",muerte neonatal  temprana (0-6 dias) confirmada,2015-02-01,9,7,0,0,9,7,16
50404,OCURI,"mortalidad perinatal, neonatal e infantil",muerte neonatal  temprana (0-6 dias) confirmada,2015-02-01,0,1,0,0,0,1,1
40101,ORURO,"mortalidad perinatal, neonatal e infantil",muerte neonatal  temprana (0-6 dias) confirmada,2015-02-01,2,4,0,0,2,4,6
50101,POTOSI,"mortalidad perinatal, neonatal e infantil",muerte neonatal  temprana (0-6 dias) confirmada,2015-02-01,1,2,1,0,2,2,4
31401,PUNATA,"mortalidad perinatal, neonatal e infantil",muerte neonatal  temprana (0-6 dias) confirmada,2015-02-01,0,1,0,0,0,1,1
30901,QUILLACOLLO,"mortalidad perinatal, neonatal e infantil",muerte neonatal  temprana (0-6 dias) confirmada,2015-02-01,0,0,0,1,0,1,1
80201,RIBERALTA,"mortalidad perinatal, neonatal e infantil",muerte neonatal  temprana (0-6 dias) confirmada,2015-02-01,1,2,0,0,1,2,3
80302,SAN BORJA,"mortalidad perinatal, neonatal e infantil",muerte neonatal  temprana (0-6 dias) confirmada,2015-02-01,1,0,0,0,1,0,1
80401,SANTA ANA,"mortalidad perinatal, neonatal e infantil",muerte neonatal  temprana (0-6 dias) confirmada,2015-02-01,0,1,0,0,0,1,1
70101,SANTA CRUZ DE LA SIERRA,"mortalidad perinatal, neonatal e infantil",muerte neonatal  temprana (0-6 dias) confirmada,2015-02-01,2,3,0,0,2,3,5
10101,SUCRE,"mortalidad perinatal, neonatal e infantil",muerte neonatal  temprana (0-6 dias) confirmada,2015-02-01,5,1,0,0,5,1,6
60101,TARIJA,"mortalidad perinatal, neonatal e infantil",muerte neonatal  temprana (0-6 dias) confirmada,2015-02-01,2,1,0,0,2,1,3
80101,TRINIDAD,"mortalidad perinatal, neonatal e infantil",muerte neonatal  temprana (0-6 dias) confirmada,2015-02-01,2,0,0,0,2,0,2
60303,VILLA MONTES,"mortalidad perinatal, neonatal e infantil",muerte neonatal  temprana (0-6 dias) confirmada,2015-02-01,0,1,0,0,0,1,1
60301,YACUIBA,"mortalidad perinatal, neonatal e infantil",muerte neonatal  temprana (0-6 dias) confirmada,2015-02-01,0,1,0,0,0,1,1
30301,AYOPAYA (V. DE INDEPENDENCIA),"mortalidad perinatal, neonatal e infantil",muerte neonatal  temprana (0-6 dias) confirmada,2015-03-01,0,1,0,0,0,1,1
10701,CAMARGO,"mortalidad perinatal, neonatal e infantil",muerte neonatal  temprana (0-6 dias) confirmada,2015-03-01,0,1,0,0,0,1,1
31204,CHIMORE,"mortalidad perinatal, neonatal e infantil",muerte neonatal  temprana (0-6 dias) confirmada,2015-03-01,0,0,1,0,1,0,1
90101,COBIJA,"mortalidad perinatal, neonatal e infantil",muerte neonatal  temprana (0-6 dias) confirmada,2015-03-01,1,0,0,0,1,0,1
30101,COCHABAMBA,"mortalidad perinatal, neonatal e infantil",muerte neonatal  temprana (0-6 dias) confirmada,2015-03-01,5,5,0,0,5,5,10
20105,EL ALTO,"mortalidad perinatal, neonatal e infantil",muerte neonatal  temprana (0-6 dias) confirmada,2015-03-01,2,4,1,4,3,8,11
21501,IXIAMAS,"mortalidad perinatal, neonatal e infantil",muerte neonatal  temprana (0-6 dias) confirmada,2015-03-01,1,0,0,0,1,0,1
20101,LA PAZ,"mortalidad perinatal, neonatal e infantil",muerte neonatal  temprana (0-6 dias) confirmada,2015-03-01,17,8,0,0,17,8,25
40101,ORURO,"mortalidad perinatal, neonatal e infantil",muerte neonatal  temprana (0-6 dias) confirmada,2015-03-01,2,0,0,0,2,0,2
10103,POROMA,"mortalidad perinatal, neonatal e infantil",muerte neonatal  temprana (0-6 dias) confirmada,2015-03-01,0,0,1,0,1,0,1
70601,PORTACHUELO,"mortalidad perinatal, neonatal e infantil",muerte neonatal  temprana (0-6 dias) confirmada,2015-03-01,1,0,0,0,1,0,1
50101,POTOSI,"mortalidad perinatal, neonatal e infantil",muerte neonatal  temprana (0-6 dias) confirmada,2015-03-01,2,1,0,0,2,1,3
50402,RAVELO,"mortalidad perinatal, neonatal e infantil",muerte neonatal  temprana (0-6 dias) confirmada,2015-03-01,0,0,0,1,0,1,1
80301,REYES,"mortalidad perinatal, neonatal e infantil",muerte neonatal  temprana (0-6 dias) confirmada,2015-03-01,1,0,0,0,1,0,1
80201,RIBERALTA,"mortalidad perinatal, neonatal e infantil",muerte neonatal  temprana (0-6 dias) confirmada,2015-03-01,1,1,0,0,1,1,2
71104,SAN JULIAN,"mortalidad perinatal, neonatal e infantil",muerte neonatal  temprana (0-6 dias) confirmada,2015-03-01,0,0,1,0,1,0,1
10702,SAN LUCAS,"mortalidad perinatal, neonatal e infantil",muerte neonatal  temprana (0-6 dias) confirmada,2015-03-01,0,0,1,0,1,0,1
80401,SANTA ANA,"mortalidad perinatal, neonatal e infantil",muerte neonatal  temprana (0-6 dias) confirmada,2015-03-01,1,0,0,0,1,0,1
70101,SANTA CRUZ DE LA SIERRA,"mortalidad perinatal, neonatal e infantil",muerte neonatal  temprana (0-6 dias) confirmada,2015-03-01,8,7,3,0,11,7,18
10101,SUCRE,"mortalidad perinatal, neonatal e infantil",muerte neonatal  temprana (0-6 dias) confirmada,2015-03-01,3,3,0,0,3,3,6
60101,TARIJA,"mortalidad perinatal, neonatal e infantil",muerte neonatal  temprana (0-6 dias) confirmada,2015-03-01,2,2,0,1,2,3,5
80101,TRINIDAD,"mortalidad perinatal, neonatal e infantil",muerte neonatal  temprana (0-6 dias) confirmada,2015-03-01,4,4,0,0,4,4,8
60303,VILLA MONTES,"mortalidad perinatal, neonatal e infantil",muerte neonatal  temprana (0-6 dias) confirmada,2015-03-01,1,0,0,0,1,0,1
51501,VILLAZON,"mortalidad perinatal, neonatal e infantil",muerte neonatal  temprana (0-6 dias) confirmada,2015-03-01,0,1,0,0,0,1,1
60301,YACUIBA,"mortalidad perinatal, neonatal e infantil",muerte neonatal  temprana (0-6 dias) confirmada,2015-03-01,3,0,0,0,3,0,3
21304,CALAMARCA,"mortalidad perinatal, neonatal e infantil",muerte neonatal  temprana (0-6 dias) confirmada,2015-04-01,0,0,1,0,1,0,1
22001,CARANAVI,"mortalidad perinatal, neonatal e infantil",muerte neonatal  temprana (0-6 dias) confirmada,2015-04-01,1,0,0,0,1,0,1
90101,COBIJA,"mortalidad perinatal, neonatal e infantil",muerte neonatal  temprana (0-6 dias) confirmada,2015-04-01,2,0,0,0,2,0,2
30101,COCHABAMBA,"mortalidad perinatal, neonatal e infantil",muerte neonatal  temprana (0-6 dias) confirmada,2015-04-01,8,2,0,0,8,2,10
20105,EL ALTO,"mortalidad perinatal, neonatal e infantil",muerte neonatal  temprana (0-6 dias) confirmada,2015-04-01,1,1,1,3,2,4,6
20101,LA PAZ,"mortalidad perinatal, neonatal e infantil",muerte neonatal  temprana (0-6 dias) confirmada,2015-04-01,8,8,0,0,8,8,16
71001,MONTERO,"mortalidad perinatal, neonatal e infantil",muerte neonatal  temprana (0-6 dias) confirmada,2015-04-01,1,0,0,0,1,0,1
40101,ORURO,"mortalidad perinatal, neonatal e infantil",muerte neonatal  temprana (0-6 dias) confirmada,2015-04-01,3,3,0,0,3,3,6
70601,PORTACHUELO,"mortalidad perinatal, neonatal e infantil",muerte neonatal  temprana (0-6 dias) confirmada,2015-04-01,1,0,0,0,1,0,1
50101,POTOSI,"mortalidad perinatal, neonatal e infantil",muerte neonatal  temprana (0-6 dias) confirmada,2015-04-01,3,2,0,0,3,2,5
50402,RAVELO,"mortalidad perinatal, neonatal e infantil",muerte neonatal  temprana (0-6 dias) confirmada,2015-04-01,2,0,0,0,2,0,2
80201,RIBERALTA,"mortalidad perinatal, neonatal e infantil",muerte neonatal  temprana (0-6 dias) confirmada,2015-04-01,1,0,0,0,1,0,1
80304,RURRENABAQUE,"mortalidad perinatal, neonatal e infantil",muerte neonatal  temprana (0-6 dias) confirmada,2015-04-01,1,0,0,0,1,0,1
80302,SAN BORJA,"mortalidad perinatal, neonatal e infantil",muerte neonatal  temprana (0-6 dias) confirmada,2015-04-01,1,1,0,0,1,1,2
70301,SAN IGNACIO DE VELASCO,"mortalidad perinatal, neonatal e infantil",muerte neonatal  temprana (0-6 dias) confirmada,2015-04-01,1,1,0,0,1,1,2
70101,SANTA CRUZ DE LA SIERRA,"mortalidad perinatal, neonatal e infantil",muerte neonatal  temprana (0-6 dias) confirmada,2015-04-01,3,5,0,0,3,5,8
70602,SANTA ROSA DEL SARA,"mortalidad perinatal, neonatal e infantil",muerte neonatal  temprana (0-6 dias) confirmada,2015-04-01,0,1,0,0,0,1,1
10101,SUCRE,"mortalidad perinatal, neonatal e infantil",muerte neonatal  temprana (0-6 dias) confirmada,2015-04-01,1,3,0,0,1,3,4
80101,TRINIDAD,"mortalidad perinatal, neonatal e infantil",muerte neonatal  temprana (0-6 dias) confirmada,2015-04-01,0,1,0,0,0,1,1
50201,UNCIA,"mortalidad perinatal, neonatal e infantil",muerte neonatal  temprana (0-6 dias) confirmada,2015-04-01,0,0,0,2,0,2,2
60303,VILLA MONTES,"mortalidad perinatal, neonatal e infantil",muerte neonatal  temprana (0-6 dias) confirmada,2015-04-01,0,1,0,0,0,1,1
51501,VILLAZON,"mortalidad perinatal, neonatal e infantil",muerte neonatal  temprana (0-6 dias) confirmada,2015-04-01,0,1,0,0,0,1,1
60301,YACUIBA,"mortalidad perinatal, neonatal e infantil",muerte neonatal  temprana (0-6 dias) confirmada,2015-04-01,1,0,0,0,1,0,1
20201,ACHACACHI,"mortalidad perinatal, neonatal e infantil",muerte neonatal  temprana (0-6 dias) confirmada,2015-05-01,0,0,1,0,1,0,1
20502,AYATA,"mortalidad perinatal, neonatal e infantil",muerte neonatal  temprana (0-6 dias) confirmada,2015-05-01,0,0,0,1,0,1,1
22001,CARANAVI,"mortalidad perinatal, neonatal e infantil",muerte neonatal  temprana (0-6 dias) confirmada,2015-05-01,0,0,0,1,0,1,1
90101,COBIJA,"mortalidad perinatal, neonatal e infantil",muerte neonatal  temprana (0-6 dias) confirmada,2015-05-01,1,1,0,0,1,1,2
30101,COCHABAMBA,"mortalidad perinatal, neonatal e infantil",muerte neonatal  temprana (0-6 dias) confirmada,2015-05-01,3,2,0,0,3,2,5
50401,COLQUECHACA,"mortalidad perinatal, neonatal e infantil",muerte neonatal  temprana (0-6 dias) confirmada,2015-05-01,0,0,1,0,1,0,1
71301,COMARAPA,"mortalidad perinatal, neonatal e infantil",muerte neonatal  temprana (0-6 dias) confirmada,2015-05-01,1,0,0,0,1,0,1
20105,EL ALTO,"mortalidad perinatal, neonatal e infantil",muerte neonatal  temprana (0-6 dias) confirmada,2015-05-01,1,1,3,2,4,3,7
10703,INCAHUASI,"mortalidad perinatal, neonatal e infantil",muerte neonatal  temprana (0-6 dias) confirmada,2015-05-01,0,0,1,0,1,0,1
21105,LA ASUNTA,"mortalidad perinatal, neonatal e infantil",muerte neonatal  temprana (0-6 dias) confirmada,2015-05-01,1,2,0,0,1,2,3
20101,LA PAZ,"mortalidad perinatal, neonatal e infantil",muerte neonatal  temprana (0-6 dias) confirmada,2015-05-01,2,3,0,0,2,3,5
31301,MIZQUE,"mortalidad perinatal, neonatal e infantil",muerte neonatal  temprana (0-6 dias) confirmada,2015-05-01,0,0,1,0,1,0,1
50404,OCURI,"mortalidad perinatal, neonatal e infantil",muerte neonatal  temprana (0-6 dias) confirmada,2015-05-01,0,0,1,0,1,0,1
40101,ORURO,"mortalidad perinatal, neonatal e infantil",muerte neonatal  temprana (0-6 dias) confirmada,2015-05-01,7,2,0,0,7,2,9
21305,PATACAMAYA,"mortalidad perinatal, neonatal e infantil",muerte neonatal  temprana (0-6 dias) confirmada,2015-05-01,0,0,1,0,1,0,1
50101,POTOSI,"mortalidad perinatal, neonatal e infantil",muerte neonatal  temprana (0-6 dias) confirmada,2015-05-01,4,3,1,0,5,3,8
31205,PUERTO VILLARROEL,"mortalidad perinatal, neonatal e infantil",muerte neonatal  temprana (0-6 dias) confirmada,2015-05-01,1,0,0,0,1,0,1
51101,PUNA,"mortalidad perinatal, neonatal e infantil",muerte neonatal  temprana (0-6 dias) confirmada,2015-05-01,1,0,0,0,1,0,1
80301,REYES,"mortalidad perinatal, neonatal e infantil",muerte neonatal  temprana (0-6 dias) confirmada,2015-05-01,1,0,0,0,1,0,1
70101,SANTA CRUZ DE LA SIERRA,"mortalidad perinatal, neonatal e infantil",muerte neonatal  temprana (0-6 dias) confirmada,2015-05-01,3,0,0,0,3,0,3
10101,SUCRE,"mortalidad perinatal, neonatal e infantil",muerte neonatal  temprana (0-6 dias) confirmada,2015-05-01,1,4,0,0,1,4,5
60101,TARIJA,"mortalidad perinatal, neonatal e infantil",muerte neonatal  temprana (0-6 dias) confirmada,2015-05-01,0,1,0,0,0,1,1
80101,TRINIDAD,"mortalidad perinatal, neonatal e infantil",muerte neonatal  temprana (0-6 dias) confirmada,2015-05-01,1,1,0,0,1,1,2
50801,TUPIZA,"mortalidad perinatal, neonatal e infantil",muerte neonatal  temprana (0-6 dias) confirmada,2015-05-01,1,0,0,0,1,0,1
50201,UNCIA,"mortalidad perinatal, neonatal e infantil",muerte neonatal  temprana (0-6 dias) confirmada,2015-05-01,0,0,0,4,0,4,4
51201,UYUNI,"mortalidad perinatal, neonatal e infantil",muerte neonatal  temprana (0-6 dias) confirmada,2015-05-01,0,1,0,0,0,1,1
60303,VILLA MONTES,"mortalidad perinatal, neonatal e infantil",muerte neonatal  temprana (0-6 dias) confirmada,2015-05-01,0,2,0,0,0,2,2
51501,VILLAZON,"mortalidad perinatal, neonatal e infantil",muerte neonatal  temprana (0-6 dias) confirmada,2015-05-01,1,0,0,0,1,0,1
60301,YACUIBA,"mortalidad perinatal, neonatal e infantil",muerte neonatal  temprana (0-6 dias) confirmada,2015-05-01,1,1,0,0,1,1,2
51302,ACACIO,"mortalidad perinatal, neonatal e infantil",muerte neonatal  temprana (0-6 dias) confirmada,2015-06-01,0,0,0,1,0,1,1
70706,CAMIRI,"mortalidad perinatal, neonatal e infantil",muerte neonatal  temprana (0-6 dias) confirmada,2015-06-01,0,0,1,0,1,0,1
30101,COCHABAMBA,"mortalidad perinatal, neonatal e infantil",muerte neonatal  temprana (0-6 dias) confirmada,2015-06-01,9,4,0,0,9,4,13
20105,EL ALTO,"mortalidad perinatal, neonatal e infantil",muerte neonatal  temprana (0-6 dias) confirmada,2015-06-01,4,6,3,3,7,9,16
70705,GUTIERREZ,"mortalidad perinatal, neonatal e infantil",muerte neonatal  temprana (0-6 dias) confirmada,2015-06-01,0,0,0,1,0,1,1
20101,LA PAZ,"mortalidad perinatal, neonatal e infantil",muerte neonatal  temprana (0-6 dias) confirmada,2015-06-01,3,5,1,0,4,5,9
40101,ORURO,"mortalidad perinatal, neonatal e infantil",muerte neonatal  temprana (0-6 dias) confirmada,2015-06-01,2,3,0,0,2,3,5
50101,POTOSI,"mortalidad perinatal, neonatal e infantil",muerte neonatal  temprana (0-6 dias) confirmada,2015-06-01,1,4,0,0,1,4,5
50402,RAVELO,"mortalidad perinatal, neonatal e infantil",muerte neonatal  temprana (0-6 dias) confirmada,2015-06-01,0,0,0,1,0,1,1
80301,REYES,"mortalidad perinatal, neonatal e infantil",muerte neonatal  temprana (0-6 dias) confirmada,2015-06-01,1,0,0,0,1,0,1
80201,RIBERALTA,"mortalidad perinatal, neonatal e infantil",muerte neonatal  temprana (0-6 dias) confirmada,2015-06-01,1,0,0,0,1,0,1
80302,SAN BORJA,"mortalidad perinatal, neonatal e infantil",muerte neonatal  temprana (0-6 dias) confirmada,2015-06-01,0,1,0,0,0,1,1
21502,SAN BUENA VENTURA,"mortalidad perinatal, neonatal e infantil",muerte neonatal  temprana (0-6 dias) confirmada,2015-06-01,1,0,0,0,1,0,1
70301,SAN IGNACIO DE VELASCO,"mortalidad perinatal, neonatal e infantil",muerte neonatal  temprana (0-6 dias) confirmada,2015-06-01,0,0,1,0,1,0,1
10702,SAN LUCAS,"mortalidad perinatal, neonatal e infantil",muerte neonatal  temprana (0-6 dias) confirmada,2015-06-01,1,0,0,0,1,0,1
50501,SAN PEDRO DE BUENA VISTA,"mortalidad perinatal, neonatal e infantil",muerte neonatal  temprana (0-6 dias) confirmada,2015-06-01,0,1,0,0,0,1,1
70101,SANTA CRUZ DE LA SIERRA,"mortalidad perinatal, neonatal e infantil",muerte neonatal  temprana (0-6 dias) confirmada,2015-06-01,2,1,0,0,2,1,3
10101,SUCRE,"mortalidad perinatal, neonatal e infantil",muerte neonatal  temprana (0-6 dias) confirmada,2015-06-01,4,0,0,0,4,0,4
80101,TRINIDAD,"mortalidad perinatal, neonatal e infantil",muerte neonatal  temprana (0-6 dias) confirmada,2015-06-01,6,1,0,0,6,1,7
50201,UNCIA,"mortalidad perinatal, neonatal e infantil",muerte neonatal  temprana (0-6 dias) confirmada,2015-06-01,0,0,1,1,1,1,2
60303,VILLA MONTES,"mortalidad perinatal, neonatal e infantil",muerte neonatal  temprana (0-6 dias) confirmada,2015-06-01,0,1,0,0,0,1,1
60301,YACUIBA,"mortalidad perinatal, neonatal e infantil",muerte neonatal  temprana (0-6 dias) confirmada,2015-06-01,0,1,0,0,0,1,1
70706,CAMIRI,"mortalidad perinatal, neonatal e infantil",muerte neonatal  temprana (0-6 dias) confirmada,2015-07-01,1,0,0,0,1,0,1
22001,CARANAVI,"mortalidad perinatal, neonatal e infantil",muerte neonatal  temprana (0-6 dias) confirmada,2015-07-01,0,1,0,0,0,1,1
50202,CHAYANTA,"mortalidad perinatal, neonatal e infantil",muerte neonatal  temprana (0-6 dias) confirmada,2015-07-01,0,1,0,0,0,1,1
90101,COBIJA,"mortalidad perinatal, neonatal e infantil",muerte neonatal  temprana (0-6 dias) confirmada,2015-07-01,1,0,0,0,1,0,1
30303,COCAPATA,"mortalidad perinatal, neonatal e infantil",muerte neonatal  temprana (0-6 dias) confirmada,2015-07-01,0,0,1,0,1,0,1
30101,COCHABAMBA,"mortalidad perinatal, neonatal e infantil",muerte neonatal  temprana (0-6 dias) confirmada,2015-07-01,11,3,0,0,11,3,14
20105,EL ALTO,"mortalidad perinatal, neonatal e infantil",muerte neonatal  temprana (0-6 dias) confirmada,2015-07-01,10,6,0,1,10,7,17
20101,LA PAZ,"mortalidad perinatal, neonatal e infantil",muerte neonatal  temprana (0-6 dias) confirmada,2015-07-01,4,3,0,0,4,3,7
50203,LLALLAGUA,"mortalidad perinatal, neonatal e infantil",muerte neonatal  temprana (0-6 dias) confirmada,2015-07-01,1,0,0,0,1,0,1
10303,MOJOCOYA,"mortalidad perinatal, neonatal e infantil",muerte neonatal  temprana (0-6 dias) confirmada,2015-07-01,0,0,1,0,1,0,1
30203,OMEREQUE,"mortalidad perinatal, neonatal e infantil",muerte neonatal  temprana (0-6 dias) confirmada,2015-07-01,1,0,0,0,1,0,1
40101,ORURO,"mortalidad perinatal, neonatal e infantil",muerte neonatal  temprana (0-6 dias) confirmada,2015-07-01,8,2,0,0,8,2,10
50101,POTOSI,"mortalidad perinatal, neonatal e infantil",muerte neonatal  temprana (0-6 dias) confirmada,2015-07-01,4,3,0,0,4,3,7
10302,PRESTO,"mortalidad perinatal, neonatal e infantil",muerte neonatal  temprana (0-6 dias) confirmada,2015-07-01,0,0,0,1,0,1,1
80201,RIBERALTA,"mortalidad perinatal, neonatal e infantil",muerte neonatal  temprana (0-6 dias) confirmada,2015-07-01,2,1,0,0,2,1,3
70101,SANTA CRUZ DE LA SIERRA,"mortalidad perinatal, neonatal e infantil",muerte neonatal  temprana (0-6 dias) confirmada,2015-07-01,8,3,0,0,8,3,11
10101,SUCRE,"mortalidad perinatal, neonatal e infantil",muerte neonatal  temprana (0-6 dias) confirmada,2015-07-01,5,0,0,0,5,0,5
60101,TARIJA,"mortalidad perinatal, neonatal e infantil",muerte neonatal  temprana (0-6 dias) confirmada,2015-07-01,0,1,0,0,0,1,1
80101,TRINIDAD,"mortalidad perinatal, neonatal e infantil",muerte neonatal  temprana (0-6 dias) confirmada,2015-07-01,1,2,0,0,1,2,3
50201,UNCIA,"mortalidad perinatal, neonatal e infantil",muerte neonatal  temprana (0-6 dias) confirmada,2015-07-01,0,0,0,1,0,1,1
51201,UYUNI,"mortalidad perinatal, neonatal e infantil",muerte neonatal  temprana (0-6 dias) confirmada,2015-07-01,1,1,0,0,1,1,2
60303,VILLA MONTES,"mortalidad perinatal, neonatal e infantil",muerte neonatal  temprana (0-6 dias) confirmada,2015-07-01,1,0,0,0,1,0,1
60301,YACUIBA,"mortalidad perinatal, neonatal e infantil",muerte neonatal  temprana (0-6 dias) confirmada,2015-07-01,1,1,0,0,1,1,2
10701,CAMARGO,"mortalidad perinatal, neonatal e infantil",muerte neonatal  temprana (0-6 dias) confirmada,2015-08-01,0,1,0,0,0,1,1
22001,CARANAVI,"mortalidad perinatal, neonatal e infantil",muerte neonatal  temprana (0-6 dias) confirmada,2015-08-01,1,0,0,0,1,0,1
51103,CKOCHAS,"mortalidad perinatal, neonatal e infantil",muerte neonatal  temprana (0-6 dias) confirmada,2015-08-01,0,0,1,0,1,0,1
90101,COBIJA,"mortalidad perinatal, neonatal e infantil",muerte neonatal  temprana (0-6 dias) confirmada,2015-08-01,0,1,0,0,0,1,1
30101,COCHABAMBA,"mortalidad perinatal, neonatal e infantil",muerte neonatal  temprana (0-6 dias) confirmada,2015-08-01,5,4,0,0,5,4,9
50401,COLQUECHACA,"mortalidad perinatal, neonatal e infantil",muerte neonatal  temprana (0-6 dias) confirmada,2015-08-01,0,0,1,0,1,0,1
20301,CORO CORO,"mortalidad perinatal, neonatal e infantil",muerte neonatal  temprana (0-6 dias) confirmada,2015-08-01,0,2,0,0,0,2,2
20105,EL ALTO,"mortalidad perinatal, neonatal e infantil",muerte neonatal  temprana (0-6 dias) confirmada,2015-08-01,3,2,6,2,9,4,13
20405,ESCOMA,"mortalidad perinatal, neonatal e infantil",muerte neonatal  temprana (0-6 dias) confirmada,2015-08-01,0,0,1,0,1,0,1
20101,LA PAZ,"mortalidad perinatal, neonatal e infantil",muerte neonatal  temprana (0-6 dias) confirmada,2015-08-01,7,6,0,0,7,6,13
30302,MOROCHATA,"mortalidad perinatal, neonatal e infantil",muerte neonatal  temprana (0-6 dias) confirmada,2015-08-01,0,0,1,0,1,0,1
40101,ORURO,"mortalidad perinatal, neonatal e infantil",muerte neonatal  temprana (0-6 dias) confirmada,2015-08-01,3,0,0,0,3,0,3
50101,POTOSI,"mortalidad perinatal, neonatal e infantil",muerte neonatal  temprana (0-6 dias) confirmada,2015-08-01,6,3,0,0,6,3,9
50402,RAVELO,"mortalidad perinatal, neonatal e infantil",muerte neonatal  temprana (0-6 dias) confirmada,2015-08-01,0,0,1,0,1,0,1
80201,RIBERALTA,"mortalidad perinatal, neonatal e infantil",muerte neonatal  temprana (0-6 dias) confirmada,2015-08-01,2,0,0,0,2,0,2
80304,RURRENABAQUE,"mortalidad perinatal, neonatal e infantil",muerte neonatal  temprana (0-6 dias) confirmada,2015-08-01,1,0,0,0,1,0,1
21502,SAN BUENA VENTURA,"mortalidad perinatal, neonatal e infantil",muerte neonatal  temprana (0-6 dias) confirmada,2015-08-01,1,0,0,0,1,0,1
70101,SANTA CRUZ DE LA SIERRA,"mortalidad perinatal, neonatal e infantil",muerte neonatal  temprana (0-6 dias) confirmada,2015-08-01,9,7,0,0,9,7,16
20601,SORATA,"mortalidad perinatal, neonatal e infantil",muerte neonatal  temprana (0-6 dias) confirmada,2015-08-01,0,1,0,0,0,1,1
10101,SUCRE,"mortalidad perinatal, neonatal e infantil",muerte neonatal  temprana (0-6 dias) confirmada,2015-08-01,3,2,0,0,3,2,5
80101,TRINIDAD,"mortalidad perinatal, neonatal e infantil",muerte neonatal  temprana (0-6 dias) confirmada,2015-08-01,1,1,0,0,1,1,2
50201,UNCIA,"mortalidad perinatal, neonatal e infantil",muerte neonatal  temprana (0-6 dias) confirmada,2015-08-01,0,0,0,3,0,3,3
10704,VILLA CHARCAS,"mortalidad perinatal, neonatal e infantil",muerte neonatal  temprana (0-6 dias) confirmada,2015-08-01,0,0,1,0,1,0,1
60303,VILLA MONTES,"mortalidad perinatal, neonatal e infantil",muerte neonatal  temprana (0-6 dias) confirmada,2015-08-01,0,1,0,0,0,1,1
10301,ZUDAÑEZ,"mortalidad perinatal, neonatal e infantil",muerte neonatal  temprana (0-6 dias) confirmada,2015-08-01,1,0,0,0,1,0,1
20201,ACHACACHI,"mortalidad perinatal, neonatal e infantil",muerte neonatal  temprana (0-6 dias) confirmada,2015-09-01,1,0,0,0,1,0,1
21304,CALAMARCA,"mortalidad perinatal, neonatal e infantil",muerte neonatal  temprana (0-6 dias) confirmada,2015-09-01,0,0,2,0,2,0,2
70706,CAMIRI,"mortalidad perinatal, neonatal e infantil",muerte neonatal  temprana (0-6 dias) confirmada,2015-09-01,2,0,0,0,2,0,2
30101,COCHABAMBA,"mortalidad perinatal, neonatal e infantil",muerte neonatal  temprana (0-6 dias) confirmada,2015-09-01,8,1,0,0,8,1,9
71301,COMARAPA,"mortalidad perinatal, neonatal e infantil",muerte neonatal  temprana (0-6 dias) confirmada,2015-09-01,1,0,0,0,1,0,1
20105,EL ALTO,"mortalidad perinatal, neonatal e infantil",muerte neonatal  temprana (0-6 dias) confirmada,2015-09-01,3,2,3,0,6,2,8
20101,LA PAZ,"mortalidad perinatal, neonatal e infantil",muerte neonatal  temprana (0-6 dias) confirmada,2015-09-01,9,4,1,0,10,4,14
40101,ORURO,"mortalidad perinatal, neonatal e infantil",muerte neonatal  temprana (0-6 dias) confirmada,2015-09-01,0,1,0,0,0,1,1
21104,PALOS BLANCOS,"mortalidad perinatal, neonatal e infantil",muerte neonatal  temprana (0-6 dias) confirmada,2015-09-01,0,0,1,0,1,0,1
50403,POCOATA,"mortalidad perinatal, neonatal e infantil",muerte neonatal  temprana (0-6 dias) confirmada,2015-09-01,0,0,1,0,1,0,1
50101,POTOSI,"mortalidad perinatal, neonatal e infantil",muerte neonatal  temprana (0-6 dias) confirmada,2015-09-01,0,2,0,0,0,2,2
10302,PRESTO,"mortalidad perinatal, neonatal e infantil",muerte neonatal  temprana (0-6 dias) confirmada,2015-09-01,0,0,0,1,0,1,1
21204,PUERTO PEREZ,"mortalidad perinatal, neonatal e infantil",muerte neonatal  temprana (0-6 dias) confirmada,2015-09-01,0,0,0,1,0,1,1
31205,PUERTO VILLARROEL,"mortalidad perinatal, neonatal e infantil",muerte neonatal  temprana (0-6 dias) confirmada,2015-09-01,1,1,0,0,1,1,2
80304,RURRENABAQUE,"mortalidad perinatal, neonatal e infantil",muerte neonatal  temprana (0-6 dias) confirmada,2015-09-01,2,1,0,0,2,1,3
80302,SAN BORJA,"mortalidad perinatal, neonatal e infantil",muerte neonatal  temprana (0-6 dias) confirmada,2015-09-01,1,0,0,0,1,0,1
70301,SAN IGNACIO DE VELASCO,"mortalidad perinatal, neonatal e infantil",muerte neonatal  temprana (0-6 dias) confirmada,2015-09-01,1,1,0,0,1,1,2
90302,SAN LORENZO(PND),"mortalidad perinatal, neonatal e infantil",muerte neonatal  temprana (0-6 dias) confirmada,2015-09-01,0,0,1,0,1,0,1
70101,SANTA CRUZ DE LA SIERRA,"mortalidad perinatal, neonatal e infantil",muerte neonatal  temprana (0-6 dias) confirmada,2015-09-01,7,4,0,0,7,4,11
10101,SUCRE,"mortalidad perinatal, neonatal e infantil",muerte neonatal  temprana (0-6 dias) confirmada,2015-09-01,4,3,0,0,4,3,7
50102,TINGUIPAYA,"mortalidad perinatal, neonatal e infantil",muerte neonatal  temprana (0-6 dias) confirmada,2015-09-01,0,0,1,0,1,0,1
80101,TRINIDAD,"mortalidad perinatal, neonatal e infantil",muerte neonatal  temprana (0-6 dias) confirmada,2015-09-01,0,2,0,0,0,2,2
60301,YACUIBA,"mortalidad perinatal, neonatal e infantil",muerte neonatal  temprana (0-6 dias) confirmada,2015-09-01,1,3,0,0,1,3,4
22001,CARANAVI,"mortalidad perinatal, neonatal e infantil",muerte neonatal  temprana (0-6 dias) confirmada,2015-10-01,0,1,0,0,0,1,1
30101,COCHABAMBA,"mortalidad perinatal, neonatal e infantil",muerte neonatal  temprana (0-6 dias) confirmada,2015-10-01,2,6,0,0,2,6,8
50401,COLQUECHACA,"mortalidad perinatal, neonatal e infantil",muerte neonatal  temprana (0-6 dias) confirmada,2015-10-01,0,1,1,0,1,1,2
10902,CULPINA,"mortalidad perinatal, neonatal e infantil",muerte neonatal  temprana (0-6 dias) confirmada,2015-10-01,1,0,0,0,1,0,1
20105,EL ALTO,"mortalidad perinatal, neonatal e infantil",muerte neonatal  temprana (0-6 dias) confirmada,2015-10-01,1,4,5,0,6,4,10
20101,LA PAZ,"mortalidad perinatal, neonatal e infantil",muerte neonatal  temprana (0-6 dias) confirmada,2015-10-01,8,3,1,1,9,4,13
40101,ORURO,"mortalidad perinatal, neonatal e infantil",muerte neonatal  temprana (0-6 dias) confirmada,2015-10-01,1,1,0,0,1,1,2
50101,POTOSI,"mortalidad perinatal, neonatal e infantil",muerte neonatal  temprana (0-6 dias) confirmada,2015-10-01,2,4,0,0,2,4,6
31205,PUERTO VILLARROEL,"mortalidad perinatal, neonatal e infantil",muerte neonatal  temprana (0-6 dias) confirmada,2015-10-01,1,0,0,0,1,0,1
31401,PUNATA,"mortalidad perinatal, neonatal e infantil",muerte neonatal  temprana (0-6 dias) confirmada,2015-10-01,0,1,0,0,0,1,1
80201,RIBERALTA,"mortalidad perinatal, neonatal e infantil",muerte neonatal  temprana (0-6 dias) confirmada,2015-10-01,2,1,0,0,2,1,3
51601,SAN AGUSTIN,"mortalidad perinatal, neonatal e infantil",muerte neonatal  temprana (0-6 dias) confirmada,2015-10-01,0,0,1,0,1,0,1
80501,SAN IGNACIO,"mortalidad perinatal, neonatal e infantil",muerte neonatal  temprana (0-6 dias) confirmada,2015-10-01,1,0,0,0,1,0,1
70101,SANTA CRUZ DE LA SIERRA,"mortalidad perinatal, neonatal e infantil",muerte neonatal  temprana (0-6 dias) confirmada,2015-10-01,4,2,0,0,4,2,6
10101,SUCRE,"mortalidad perinatal, neonatal e infantil",muerte neonatal  temprana (0-6 dias) confirmada,2015-10-01,3,1,0,0,3,1,4
20803,TIAWANACU,"mortalidad perinatal, neonatal e infantil",muerte neonatal  temprana (0-6 dias) confirmada,2015-10-01,0,0,1,0,1,0,1
50801,TUPIZA,"mortalidad perinatal, neonatal e infantil",muerte neonatal  temprana (0-6 dias) confirmada,2015-10-01,3,0,0,0,3,0,3
22001,CARANAVI,"mortalidad perinatal, neonatal e infantil",muerte neonatal  temprana (0-6 dias) confirmada,2015-11-01,0,1,0,0,0,1,1
30101,COCHABAMBA,"mortalidad perinatal, neonatal e infantil",muerte neonatal  temprana (0-6 dias) confirmada,2015-11-01,2,8,0,0,2,8,10
71101,CONCEPCION,"mortalidad perinatal, neonatal e infantil",muerte neonatal  temprana (0-6 dias) confirmada,2015-11-01,1,0,0,0,1,0,1
20105,EL ALTO,"mortalidad perinatal, neonatal e infantil",muerte neonatal  temprana (0-6 dias) confirmada,2015-11-01,2,0,0,2,2,2,4
20101,LA PAZ,"mortalidad perinatal, neonatal e infantil",muerte neonatal  temprana (0-6 dias) confirmada,2015-11-01,12,6,1,3,13,9,22
20901,LURIBAY,"mortalidad perinatal, neonatal e infantil",muerte neonatal  temprana (0-6 dias) confirmada,2015-11-01,0,0,1,0,1,0,1
40101,ORURO,"mortalidad perinatal, neonatal e infantil",muerte neonatal  temprana (0-6 dias) confirmada,2015-11-01,1,1,0,0,1,1,2
50101,POTOSI,"mortalidad perinatal, neonatal e infantil",muerte neonatal  temprana (0-6 dias) confirmada,2015-11-01,0,2,0,0,0,2,2
31205,PUERTO VILLARROEL,"mortalidad perinatal, neonatal e infantil",muerte neonatal  temprana (0-6 dias) confirmada,2015-11-01,0,1,0,0,0,1,1
50402,RAVELO,"mortalidad perinatal, neonatal e infantil",muerte neonatal  temprana (0-6 dias) confirmada,2015-11-01,0,0,1,0,1,0,1
80201,RIBERALTA,"mortalidad perinatal, neonatal e infantil",muerte neonatal  temprana (0-6 dias) confirmada,2015-11-01,0,1,0,0,0,1,1
70301,SAN IGNACIO DE VELASCO,"mortalidad perinatal, neonatal e infantil",muerte neonatal  temprana (0-6 dias) confirmada,2015-11-01,1,1,0,0,1,1,2
70501,SAN JOSE DE CHIQUITOS,"mortalidad perinatal, neonatal e infantil",muerte neonatal  temprana (0-6 dias) confirmada,2015-11-01,1,0,0,0,1,0,1
80401,SANTA ANA,"mortalidad perinatal, neonatal e infantil",muerte neonatal  temprana (0-6 dias) confirmada,2015-11-01,1,0,0,0,1,0,1
70101,SANTA CRUZ DE LA SIERRA,"mortalidad perinatal, neonatal e infantil",muerte neonatal  temprana (0-6 dias) confirmada,2015-11-01,5,3,0,0,5,3,8
10403,SOPACHUY,"mortalidad perinatal, neonatal e infantil",muerte neonatal  temprana (0-6 dias) confirmada,2015-11-01,0,0,1,0,1,0,1
10101,SUCRE,"mortalidad perinatal, neonatal e infantil",muerte neonatal  temprana (0-6 dias) confirmada,2015-11-01,4,1,0,0,4,1,5
50303,TACOBAMBA,"mortalidad perinatal, neonatal e infantil",muerte neonatal  temprana (0-6 dias) confirmada,2015-11-01,0,0,1,0,1,0,1
80101,TRINIDAD,"mortalidad perinatal, neonatal e infantil",muerte neonatal  temprana (0-6 dias) confirmada,2015-11-01,2,2,0,0,2,2,4
60303,VILLA MONTES,"mortalidad perinatal, neonatal e infantil",muerte neonatal  temprana (0-6 dias) confirmada,2015-11-01,1,0,0,0,1,0,1
31003,VILLA TUNARI,"mortalidad perinatal, neonatal e infantil",muerte neonatal  temprana (0-6 dias) confirmada,2015-11-01,1,0,0,0,1,0,1
50301,BETANZOS,"mortalidad perinatal, neonatal e infantil",muerte neonatal  temprana (0-6 dias) confirmada,2015-12-01,0,1,0,1,0,2,2
22001,CARANAVI,"mortalidad perinatal, neonatal e infantil",muerte neonatal  temprana (0-6 dias) confirmada,2015-12-01,0,2,0,0,0,2,2
50702,CARIPUYO,"mortalidad perinatal, neonatal e infantil",muerte neonatal  temprana (0-6 dias) confirmada,2015-12-01,0,0,1,0,1,0,1
30101,COCHABAMBA,"mortalidad perinatal, neonatal e infantil",muerte neonatal  temprana (0-6 dias) confirmada,2015-12-01,6,27,0,0,6,27,33
20301,CORO CORO,"mortalidad perinatal, neonatal e infantil",muerte neonatal  temprana (0-6 dias) confirmada,2015-12-01,0,0,1,0,1,0,1
20105,EL ALTO,"mortalidad perinatal, neonatal e infantil",muerte neonatal  temprana (0-6 dias) confirmada,2015-12-01,1,0,1,2,2,2,4
40701,HUANUNI,"mortalidad perinatal, neonatal e infantil",muerte neonatal  temprana (0-6 dias) confirmada,2015-12-01,0,1,0,0,0,1,1
20101,LA PAZ,"mortalidad perinatal, neonatal e infantil",muerte neonatal  temprana (0-6 dias) confirmada,2015-12-01,6,2,0,0,6,2,8
50203,LLALLAGUA,"mortalidad perinatal, neonatal e infantil",muerte neonatal  temprana (0-6 dias) confirmada,2015-12-01,0,0,0,1,0,1,1
40101,ORURO,"mortalidad perinatal, neonatal e infantil",muerte neonatal  temprana (0-6 dias) confirmada,2015-12-01,1,0,0,0,1,0,1
21104,PALOS BLANCOS,"mortalidad perinatal, neonatal e infantil",muerte neonatal  temprana (0-6 dias) confirmada,2015-12-01,1,0,0,0,1,0,1
50101,POTOSI,"mortalidad perinatal, neonatal e infantil",muerte neonatal  temprana (0-6 dias) confirmada,2015-12-01,0,1,0,0,0,1,1
31205,PUERTO VILLARROEL,"mortalidad perinatal, neonatal e infantil",muerte neonatal  temprana (0-6 dias) confirmada,2015-12-01,0,0,1,0,1,0,1
80301,REYES,"mortalidad perinatal, neonatal e infantil",muerte neonatal  temprana (0-6 dias) confirmada,2015-12-01,0,0,0,1,0,1,1
80201,RIBERALTA,"mortalidad perinatal, neonatal e infantil",muerte neonatal  temprana (0-6 dias) confirmada,2015-12-01,0,1,0,0,0,1,1
50701,SACACA,"mortalidad perinatal, neonatal e infantil",muerte neonatal  temprana (0-6 dias) confirmada,2015-12-01,0,1,0,0,0,1,1
21502,SAN BUENA VENTURA,"mortalidad perinatal, neonatal e infantil",muerte neonatal  temprana (0-6 dias) confirmada,2015-12-01,0,1,0,0,0,1,1
70301,SAN IGNACIO DE VELASCO,"mortalidad perinatal, neonatal e infantil",muerte neonatal  temprana (0-6 dias) confirmada,2015-12-01,0,1,0,0,0,1,1
10702,SAN LUCAS,"mortalidad perinatal, neonatal e infantil",muerte neonatal  temprana (0-6 dias) confirmada,2015-12-01,0,0,1,0,1,0,1
80702,SAN RAMON BENI,"mortalidad perinatal, neonatal e infantil",muerte neonatal  temprana (0-6 dias) confirmada,2015-12-01,1,0,0,0,1,0,1
70101,SANTA CRUZ DE LA SIERRA,"mortalidad perinatal, neonatal e infantil",muerte neonatal  temprana (0-6 dias) confirmada,2015-12-01,3,3,0,0,3,3,6
10101,SUCRE,"mortalidad perinatal, neonatal e infantil",muerte neonatal  temprana (0-6 dias) confirmada,2015-12-01,1,1,0,0,1,1,2
80101,TRINIDAD,"mortalidad perinatal, neonatal e infantil",muerte neonatal  temprana (0-6 dias) confirmada,2015-12-01,1,3,0,0,1,3,4
50801,TUPIZA,"mortalidad perinatal, neonatal e infantil",muerte neonatal  temprana (0-6 dias) confirmada,2015-12-01,1,1,0,0,1,1,2
50201,UNCIA,"mortalidad perinatal, neonatal e infantil",muerte neonatal  temprana (0-6 dias) confirmada,2015-12-01,0,0,1,0,1,0,1
31003,VILLA TUNARI,"mortalidad perinatal, neonatal e infantil",muerte neonatal  temprana (0-6 dias) confirmada,2015-12-01,0,2,0,0,0,2,2
