codigo_municipio,municipio,grupo,variable,mes,TOTAL-M
30201,AIQUILE,intoxicaciones,alcohol,2001-01-01,1
50802,ATOCHA,intoxicaciones,alcohol,2001-01-01,1
50301,BETANZOS,intoxicaciones,alcohol,2001-01-01,1
70707,BOYUIBE,intoxicaciones,alcohol,2001-01-01,1
10701,CAMARGO,intoxicaciones,alcohol,2001-01-01,2
70706,CAMIRI,intoxicaciones,alcohol,2001-01-01,2
40102,CARACOLLO,intoxicaciones,alcohol,2001-01-01,1
30101,COCHABAMBA,intoxicaciones,alcohol,2001-01-01,13
20804,DESAGUADERO,intoxicaciones,alcohol,2001-01-01,1
20105,EL ALTO,intoxicaciones,alcohol,2001-01-01,13
10405,EL VILLAR,intoxicaciones,alcohol,2001-01-01,2
60601,ENTRE RIOS,intoxicaciones,alcohol,2001-01-01,1
10502,HUACARETA,intoxicaciones,alcohol,2001-01-01,1
70104,LA GUARDIA,intoxicaciones,alcohol,2001-01-01,2
20101,LA PAZ,intoxicaciones,alcohol,2001-01-01,51
21202,LAJA,intoxicaciones,alcohol,2001-01-01,1
11003,MACHARETI,intoxicaciones,alcohol,2001-01-01,5
20402,MOCOMOCO,intoxicaciones,alcohol,2001-01-01,1
10501,MONTEAGUDO,intoxicaciones,alcohol,2001-01-01,2
70803,MORO MORO,intoxicaciones,alcohol,2001-01-01,1
60201,PADCAYA,intoxicaciones,alcohol,2001-01-01,5
10103,POROMA,intoxicaciones,alcohol,2001-01-01,2
50101,POTOSI,intoxicaciones,alcohol,2001-01-01,22
21204,PUERTO PEREZ,intoxicaciones,alcohol,2001-01-01,1
31401,PUNATA,intoxicaciones,alcohol,2001-01-01,2
80201,RIBERALTA,intoxicaciones,alcohol,2001-01-01,4
31001,SACABA,intoxicaciones,alcohol,2001-01-01,1
60501,SAN LORENZO(TJA),intoxicaciones,alcohol,2001-01-01,1
70302,SAN MIGUEL DE VELASCO,intoxicaciones,alcohol,2001-01-01,1
20601,SORATA,intoxicaciones,alcohol,2001-01-01,2
10101,SUCRE,intoxicaciones,alcohol,2001-01-01,16
10601,TARABUCO,intoxicaciones,alcohol,2001-01-01,1
30401,TARATA,intoxicaciones,alcohol,2001-01-01,3
60101,TARIJA,intoxicaciones,alcohol,2001-01-01,19
30903,TIQUIPAYA,intoxicaciones,alcohol,2001-01-01,1
70802,TRIGAL,intoxicaciones,alcohol,2001-01-01,1
50801,TUPIZA,intoxicaciones,alcohol,2001-01-01,2
60401,URIONDO (A. CONCEPCION),intoxicaciones,alcohol,2001-01-01,2
70801,VALLEGRANDE,intoxicaciones,alcohol,2001-01-01,1
10801,VILLA SERRANO,intoxicaciones,alcohol,2001-01-01,3
11001,VILLA VACA GUZMAN (MUYUPAMPA),intoxicaciones,alcohol,2001-01-01,1
51501,VILLAZON,intoxicaciones,alcohol,2001-01-01,1
60301,YACUIBA,intoxicaciones,alcohol,2001-01-01,1
10102,YOTALA,intoxicaciones,alcohol,2001-01-01,1
60402,YUNCHARA,intoxicaciones,alcohol,2001-01-01,1
10301,ZUDAÑEZ,intoxicaciones,alcohol,2001-01-01,1
50802,ATOCHA,intoxicaciones,alcohol,2001-02-01,1
60202,BERMEJO,intoxicaciones,alcohol,2001-02-01,1
50301,BETANZOS,intoxicaciones,alcohol,2001-02-01,1
10701,CAMARGO,intoxicaciones,alcohol,2001-02-01,4
30701,CAPINOTA,intoxicaciones,alcohol,2001-02-01,1
70702,CHARAGUA,intoxicaciones,alcohol,2001-02-01,1
30101,COCHABAMBA,intoxicaciones,alcohol,2001-02-01,12
70603,COLPA BELGICA,intoxicaciones,alcohol,2001-02-01,1
20301,CORO CORO,intoxicaciones,alcohol,2001-02-01,1
40301,CORQUE,intoxicaciones,alcohol,2001-02-01,1
50601,COTAGAITA,intoxicaciones,alcohol,2001-02-01,2
70704,CUEVO,intoxicaciones,alcohol,2001-02-01,1
10902,CULPINA,intoxicaciones,alcohol,2001-02-01,1
20105,EL ALTO,intoxicaciones,alcohol,2001-02-01,5
80202,GUAYARAMERIN,intoxicaciones,alcohol,2001-02-01,1
10502,HUACARETA,intoxicaciones,alcohol,2001-02-01,2
40701,HUANUNI,intoxicaciones,alcohol,2001-02-01,2
21005,ICHOCA,intoxicaciones,alcohol,2001-02-01,1
20101,LA PAZ,intoxicaciones,alcohol,2001-02-01,27
21202,LAJA,intoxicaciones,alcohol,2001-02-01,2
10903,LAS CARRERAS,intoxicaciones,alcohol,2001-02-01,1
40702,MACHACAMARCA,intoxicaciones,alcohol,2001-02-01,1
71003,MINEROS,intoxicaciones,alcohol,2001-02-01,1
71001,MONTERO,intoxicaciones,alcohol,2001-02-01,1
40101,ORURO,intoxicaciones,alcohol,2001-02-01,3
60201,PADCAYA,intoxicaciones,alcohol,2001-02-01,1
50101,POTOSI,intoxicaciones,alcohol,2001-02-01,9
71401,PUERTO SUAREZ,intoxicaciones,alcohol,2001-02-01,1
51101,PUNA,intoxicaciones,alcohol,2001-02-01,1
40801,SALINAS DE GARCI MENDOZA,intoxicaciones,alcohol,2001-02-01,1
70901,SAMAIPATA,intoxicaciones,alcohol,2001-02-01,1
80302,SAN BORJA,intoxicaciones,alcohol,2001-02-01,1
70301,SAN IGNACIO DE VELASCO,intoxicaciones,alcohol,2001-02-01,2
71104,SAN JULIAN,intoxicaciones,alcohol,2001-02-01,1
71201,SAN MATIAS,intoxicaciones,alcohol,2001-02-01,1
70101,SANTA CRUZ DE LA SIERRA,intoxicaciones,alcohol,2001-02-01,2
30902,SIPE SIPE,intoxicaciones,alcohol,2001-02-01,1
10101,SUCRE,intoxicaciones,alcohol,2001-02-01,2
10601,TARABUCO,intoxicaciones,alcohol,2001-02-01,2
60101,TARIJA,intoxicaciones,alcohol,2001-02-01,9
31601,TIRAQUE (CBBA),intoxicaciones,alcohol,2001-02-01,1
50801,TUPIZA,intoxicaciones,alcohol,2001-02-01,2
70801,VALLEGRANDE,intoxicaciones,alcohol,2001-02-01,7
60303,VILLA MONTES,intoxicaciones,alcohol,2001-02-01,2
51501,VILLAZON,intoxicaciones,alcohol,2001-02-01,5
50602,VITICHI,intoxicaciones,alcohol,2001-02-01,1
60402,YUNCHARA,intoxicaciones,alcohol,2001-02-01,1
30501,ARANI,intoxicaciones,alcohol,2001-03-01,1
50802,ATOCHA,intoxicaciones,alcohol,2001-03-01,1
60202,BERMEJO,intoxicaciones,alcohol,2001-03-01,2
70401,BUENA VISTA,intoxicaciones,alcohol,2001-03-01,1
70703,CABEZAS,intoxicaciones,alcohol,2001-03-01,1
10701,CAMARGO,intoxicaciones,alcohol,2001-03-01,3
50702,CARIPUYO,intoxicaciones,alcohol,2001-03-01,1
30101,COCHABAMBA,intoxicaciones,alcohol,2001-03-01,7
31002,COLOMI,intoxicaciones,alcohol,2001-03-01,3
70704,CUEVO,intoxicaciones,alcohol,2001-03-01,1
20105,EL ALTO,intoxicaciones,alcohol,2001-03-01,5
70105,EL TORNO,intoxicaciones,alcohol,2001-03-01,1
60601,ENTRE RIOS,intoxicaciones,alcohol,2001-03-01,3
21601,GRAL. J.J. PEREZ (CHARAZANI),intoxicaciones,alcohol,2001-03-01,1
80202,GUAYARAMERIN,intoxicaciones,alcohol,2001-03-01,1
10502,HUACARETA,intoxicaciones,alcohol,2001-03-01,2
70104,LA GUARDIA,intoxicaciones,alcohol,2001-03-01,2
20101,LA PAZ,intoxicaciones,alcohol,2001-03-01,37
70701,LAGUNILLAS,intoxicaciones,alcohol,2001-03-01,1
21202,LAJA,intoxicaciones,alcohol,2001-03-01,1
40101,ORURO,intoxicaciones,alcohol,2001-03-01,5
60201,PADCAYA,intoxicaciones,alcohol,2001-03-01,1
10401,PADILLA,intoxicaciones,alcohol,2001-03-01,1
70502,PAILON,intoxicaciones,alcohol,2001-03-01,2
21104,PALOS BLANCOS,intoxicaciones,alcohol,2001-03-01,1
50101,POTOSI,intoxicaciones,alcohol,2001-03-01,6
71401,PUERTO SUAREZ,intoxicaciones,alcohol,2001-03-01,1
31205,PUERTO VILLARROEL,intoxicaciones,alcohol,2001-03-01,1
31401,PUNATA,intoxicaciones,alcohol,2001-03-01,3
80201,RIBERALTA,intoxicaciones,alcohol,2001-03-01,4
70503,ROBORE,intoxicaciones,alcohol,2001-03-01,1
31001,SACABA,intoxicaciones,alcohol,2001-03-01,3
51601,SAN AGUSTIN,intoxicaciones,alcohol,2001-03-01,1
71104,SAN JULIAN,intoxicaciones,alcohol,2001-03-01,1
60501,SAN LORENZO(TJA),intoxicaciones,alcohol,2001-03-01,1
71201,SAN MATIAS,intoxicaciones,alcohol,2001-03-01,1
21702,SAN PEDRO DE TIQUINA,intoxicaciones,alcohol,2001-03-01,1
70101,SANTA CRUZ DE LA SIERRA,intoxicaciones,alcohol,2001-03-01,3
10101,SUCRE,intoxicaciones,alcohol,2001-03-01,3
60101,TARIJA,intoxicaciones,alcohol,2001-03-01,14
80101,TRINIDAD,intoxicaciones,alcohol,2001-03-01,2
50801,TUPIZA,intoxicaciones,alcohol,2001-03-01,2
60401,URIONDO (A. CONCEPCION),intoxicaciones,alcohol,2001-03-01,3
70801,VALLEGRANDE,intoxicaciones,alcohol,2001-03-01,1
51501,VILLAZON,intoxicaciones,alcohol,2001-03-01,3
70403,YAPACANI,intoxicaciones,alcohol,2001-03-01,1
60202,BERMEJO,intoxicaciones,alcohol,2001-04-01,1
30701,CAPINOTA,intoxicaciones,alcohol,2001-04-01,2
30101,COCHABAMBA,intoxicaciones,alcohol,2001-04-01,15
21701,COPACABANA,intoxicaciones,alcohol,2001-04-01,2
70704,CUEVO,intoxicaciones,alcohol,2001-04-01,1
20105,EL ALTO,intoxicaciones,alcohol,2001-04-01,9
60502,EL PUENTE(TJA),intoxicaciones,alcohol,2001-04-01,2
70105,EL TORNO,intoxicaciones,alcohol,2001-04-01,1
80202,GUAYARAMERIN,intoxicaciones,alcohol,2001-04-01,1
10502,HUACARETA,intoxicaciones,alcohol,2001-04-01,2
40701,HUANUNI,intoxicaciones,alcohol,2001-04-01,2
20101,LA PAZ,intoxicaciones,alcohol,2001-04-01,34
10501,MONTEAGUDO,intoxicaciones,alcohol,2001-04-01,2
71001,MONTERO,intoxicaciones,alcohol,2001-04-01,4
50404,OCURI,intoxicaciones,alcohol,2001-04-01,1
40101,ORURO,intoxicaciones,alcohol,2001-04-01,2
21305,PATACAMAYA,intoxicaciones,alcohol,2001-04-01,1
50101,POTOSI,intoxicaciones,alcohol,2001-04-01,2
21002,QUIME,intoxicaciones,alcohol,2001-04-01,3
30404,SACABAMBA,intoxicaciones,alcohol,2001-04-01,3
70301,SAN IGNACIO DE VELASCO,intoxicaciones,alcohol,2001-04-01,2
71102,SAN JAVIER(STC),intoxicaciones,alcohol,2001-04-01,1
70302,SAN MIGUEL DE VELASCO,intoxicaciones,alcohol,2001-04-01,1
70303,SAN RAFAEL,intoxicaciones,alcohol,2001-04-01,1
70101,SANTA CRUZ DE LA SIERRA,intoxicaciones,alcohol,2001-04-01,5
70602,SANTA ROSA DEL SARA,intoxicaciones,alcohol,2001-04-01,1
30902,SIPE SIPE,intoxicaciones,alcohol,2001-04-01,1
20601,SORATA,intoxicaciones,alcohol,2001-04-01,3
10101,SUCRE,intoxicaciones,alcohol,2001-04-01,5
31101,TAPACARI,intoxicaciones,alcohol,2001-04-01,1
60101,TARIJA,intoxicaciones,alcohol,2001-04-01,10
30803,TOLATA,intoxicaciones,alcohol,2001-04-01,1
51202,TOMAVE,intoxicaciones,alcohol,2001-04-01,3
80101,TRINIDAD,intoxicaciones,alcohol,2001-04-01,3
50801,TUPIZA,intoxicaciones,alcohol,2001-04-01,3
60401,URIONDO (A. CONCEPCION),intoxicaciones,alcohol,2001-04-01,1
70801,VALLEGRANDE,intoxicaciones,alcohol,2001-04-01,1
51501,VILLAZON,intoxicaciones,alcohol,2001-04-01,3
50602,VITICHI,intoxicaciones,alcohol,2001-04-01,2
30201,AIQUILE,intoxicaciones,alcohol,2001-05-01,1
50802,ATOCHA,intoxicaciones,alcohol,2001-05-01,1
20502,AYATA,intoxicaciones,alcohol,2001-05-01,2
80802,BAURES,intoxicaciones,alcohol,2001-05-01,1
60202,BERMEJO,intoxicaciones,alcohol,2001-05-01,3
70707,BOYUIBE,intoxicaciones,alcohol,2001-05-01,1
70401,BUENA VISTA,intoxicaciones,alcohol,2001-05-01,1
21003,CAJUATA,intoxicaciones,alcohol,2001-05-01,1
70706,CAMIRI,intoxicaciones,alcohol,2001-05-01,2
90101,COBIJA,intoxicaciones,alcohol,2001-05-01,5
30101,COCHABAMBA,intoxicaciones,alcohol,2001-05-01,8
31002,COLOMI,intoxicaciones,alcohol,2001-05-01,1
21701,COPACABANA,intoxicaciones,alcohol,2001-05-01,2
20301,CORO CORO,intoxicaciones,alcohol,2001-05-01,1
70704,CUEVO,intoxicaciones,alcohol,2001-05-01,1
10902,CULPINA,intoxicaciones,alcohol,2001-05-01,1
20804,DESAGUADERO,intoxicaciones,alcohol,2001-05-01,1
20105,EL ALTO,intoxicaciones,alcohol,2001-05-01,5
80202,GUAYARAMERIN,intoxicaciones,alcohol,2001-05-01,1
10502,HUACARETA,intoxicaciones,alcohol,2001-05-01,1
40701,HUANUNI,intoxicaciones,alcohol,2001-05-01,1
20101,LA PAZ,intoxicaciones,alcohol,2001-05-01,29
10501,MONTEAGUDO,intoxicaciones,alcohol,2001-05-01,2
71001,MONTERO,intoxicaciones,alcohol,2001-05-01,3
40101,ORURO,intoxicaciones,alcohol,2001-05-01,3
60201,PADCAYA,intoxicaciones,alcohol,2001-05-01,1
10401,PADILLA,intoxicaciones,alcohol,2001-05-01,2
50101,POTOSI,intoxicaciones,alcohol,2001-05-01,4
21201,PUCARANI,intoxicaciones,alcohol,2001-05-01,1
21002,QUIME,intoxicaciones,alcohol,2001-05-01,2
80201,RIBERALTA,intoxicaciones,alcohol,2001-05-01,1
70301,SAN IGNACIO DE VELASCO,intoxicaciones,alcohol,2001-05-01,10
71104,SAN JULIAN,intoxicaciones,alcohol,2001-05-01,1
60501,SAN LORENZO(TJA),intoxicaciones,alcohol,2001-05-01,1
71201,SAN MATIAS,intoxicaciones,alcohol,2001-05-01,3
70101,SANTA CRUZ DE LA SIERRA,intoxicaciones,alcohol,2001-05-01,3
41401,SANTIAGO DE HUARI,intoxicaciones,alcohol,2001-05-01,1
30902,SIPE SIPE,intoxicaciones,alcohol,2001-05-01,1
10101,SUCRE,intoxicaciones,alcohol,2001-05-01,2
60101,TARIJA,intoxicaciones,alcohol,2001-05-01,22
31601,TIRAQUE (CBBA),intoxicaciones,alcohol,2001-05-01,1
80101,TRINIDAD,intoxicaciones,alcohol,2001-05-01,4
60401,URIONDO (A. CONCEPCION),intoxicaciones,alcohol,2001-05-01,1
51501,VILLAZON,intoxicaciones,alcohol,2001-05-01,3
60202,BERMEJO,intoxicaciones,alcohol,2001-06-01,1
50301,BETANZOS,intoxicaciones,alcohol,2001-06-01,1
51102,"CAIZA ""D""",intoxicaciones,alcohol,2001-06-01,1
10701,CAMARGO,intoxicaciones,alcohol,2001-06-01,1
10901,CAMATAQUI (C. VILLA ABECIA),intoxicaciones,alcohol,2001-06-01,2
22001,CARANAVI,intoxicaciones,alcohol,2001-06-01,1
60302,CARAPARI,intoxicaciones,alcohol,2001-06-01,1
30101,COCHABAMBA,intoxicaciones,alcohol,2001-06-01,12
31002,COLOMI,intoxicaciones,alcohol,2001-06-01,1
70704,CUEVO,intoxicaciones,alcohol,2001-06-01,1
10902,CULPINA,intoxicaciones,alcohol,2001-06-01,1
20105,EL ALTO,intoxicaciones,alcohol,2001-06-01,12
60502,EL PUENTE(TJA),intoxicaciones,alcohol,2001-06-01,1
60601,ENTRE RIOS,intoxicaciones,alcohol,2001-06-01,2
21601,GRAL. J.J. PEREZ (CHARAZANI),intoxicaciones,alcohol,2001-06-01,2
20101,LA PAZ,intoxicaciones,alcohol,2001-06-01,29
50203,LLALLAGUA,intoxicaciones,alcohol,2001-06-01,1
31301,MIZQUE,intoxicaciones,alcohol,2001-06-01,6
71001,MONTERO,intoxicaciones,alcohol,2001-06-01,1
40101,ORURO,intoxicaciones,alcohol,2001-06-01,1
10401,PADILLA,intoxicaciones,alcohol,2001-06-01,1
21305,PATACAMAYA,intoxicaciones,alcohol,2001-06-01,1
10103,POROMA,intoxicaciones,alcohol,2001-06-01,3
70601,PORTACHUELO,intoxicaciones,alcohol,2001-06-01,2
50101,POTOSI,intoxicaciones,alcohol,2001-06-01,7
71401,PUERTO SUAREZ,intoxicaciones,alcohol,2001-06-01,1
80201,RIBERALTA,intoxicaciones,alcohol,2001-06-01,1
30404,SACABAMBA,intoxicaciones,alcohol,2001-06-01,1
80302,SAN BORJA,intoxicaciones,alcohol,2001-06-01,1
80501,SAN IGNACIO,intoxicaciones,alcohol,2001-06-01,1
70301,SAN IGNACIO DE VELASCO,intoxicaciones,alcohol,2001-06-01,3
10702,SAN LUCAS,intoxicaciones,alcohol,2001-06-01,1
71201,SAN MATIAS,intoxicaciones,alcohol,2001-06-01,2
70303,SAN RAFAEL,intoxicaciones,alcohol,2001-06-01,1
70101,SANTA CRUZ DE LA SIERRA,intoxicaciones,alcohol,2001-06-01,3
60101,TARIJA,intoxicaciones,alcohol,2001-06-01,15
20803,TIAWANACU,intoxicaciones,alcohol,2001-06-01,1
71502,URUBICHA,intoxicaciones,alcohol,2001-06-01,1
20201,ACHACACHI,intoxicaciones,alcohol,2001-07-01,1
10404,ALCALA,intoxicaciones,alcohol,2001-07-01,1
40603,ANTEQUERA,intoxicaciones,alcohol,2001-07-01,1
20701,APOLO,intoxicaciones,alcohol,2001-07-01,1
60202,BERMEJO,intoxicaciones,alcohol,2001-07-01,5
50301,BETANZOS,intoxicaciones,alcohol,2001-07-01,1
70707,BOYUIBE,intoxicaciones,alcohol,2001-07-01,1
51102,"CAIZA ""D""",intoxicaciones,alcohol,2001-07-01,1
10701,CAMARGO,intoxicaciones,alcohol,2001-07-01,1
70706,CAMIRI,intoxicaciones,alcohol,2001-07-01,1
90101,COBIJA,intoxicaciones,alcohol,2001-07-01,2
30101,COCHABAMBA,intoxicaciones,alcohol,2001-07-01,5
31002,COLOMI,intoxicaciones,alcohol,2001-07-01,1
20301,CORO CORO,intoxicaciones,alcohol,2001-07-01,1
70704,CUEVO,intoxicaciones,alcohol,2001-07-01,1
20105,EL ALTO,intoxicaciones,alcohol,2001-07-01,7
60601,ENTRE RIOS,intoxicaciones,alcohol,2001-07-01,3
10502,HUACARETA,intoxicaciones,alcohol,2001-07-01,1
40701,HUANUNI,intoxicaciones,alcohol,2001-07-01,2
10703,INCAHUASI,intoxicaciones,alcohol,2001-07-01,1
20101,LA PAZ,intoxicaciones,alcohol,2001-07-01,44
70701,LAGUNILLAS,intoxicaciones,alcohol,2001-07-01,2
20901,LURIBAY,intoxicaciones,alcohol,2001-07-01,1
31301,MIZQUE,intoxicaciones,alcohol,2001-07-01,1
10501,MONTEAGUDO,intoxicaciones,alcohol,2001-07-01,1
71001,MONTERO,intoxicaciones,alcohol,2001-07-01,3
60201,PADCAYA,intoxicaciones,alcohol,2001-07-01,1
70502,PAILON,intoxicaciones,alcohol,2001-07-01,1
21305,PATACAMAYA,intoxicaciones,alcohol,2001-07-01,1
10103,POROMA,intoxicaciones,alcohol,2001-07-01,1
70601,PORTACHUELO,intoxicaciones,alcohol,2001-07-01,2
50101,POTOSI,intoxicaciones,alcohol,2001-07-01,5
21201,PUCARANI,intoxicaciones,alcohol,2001-07-01,1
71401,PUERTO SUAREZ,intoxicaciones,alcohol,2001-07-01,2
51101,PUNA,intoxicaciones,alcohol,2001-07-01,2
31001,SACABA,intoxicaciones,alcohol,2001-07-01,1
80302,SAN BORJA,intoxicaciones,alcohol,2001-07-01,1
70301,SAN IGNACIO DE VELASCO,intoxicaciones,alcohol,2001-07-01,1
10702,SAN LUCAS,intoxicaciones,alcohol,2001-07-01,1
50501,SAN PEDRO DE BUENA VISTA,intoxicaciones,alcohol,2001-07-01,2
70101,SANTA CRUZ DE LA SIERRA,intoxicaciones,alcohol,2001-07-01,4
10101,SUCRE,intoxicaciones,alcohol,2001-07-01,4
10601,TARABUCO,intoxicaciones,alcohol,2001-07-01,1
60101,TARIJA,intoxicaciones,alcohol,2001-07-01,18
10402,TOMINA,intoxicaciones,alcohol,2001-07-01,1
80101,TRINIDAD,intoxicaciones,alcohol,2001-07-01,1
71502,URUBICHA,intoxicaciones,alcohol,2001-07-01,1
60303,VILLA MONTES,intoxicaciones,alcohol,2001-07-01,1
31003,VILLA TUNARI,intoxicaciones,alcohol,2001-07-01,1
51501,VILLAZON,intoxicaciones,alcohol,2001-07-01,1
70201,WARNES,intoxicaciones,alcohol,2001-07-01,1
60202,BERMEJO,intoxicaciones,alcohol,2001-08-01,2
50301,BETANZOS,intoxicaciones,alcohol,2001-08-01,1
70707,BOYUIBE,intoxicaciones,alcohol,2001-08-01,1
70401,BUENA VISTA,intoxicaciones,alcohol,2001-08-01,2
51102,"CAIZA ""D""",intoxicaciones,alcohol,2001-08-01,3
10701,CAMARGO,intoxicaciones,alcohol,2001-08-01,5
70706,CAMIRI,intoxicaciones,alcohol,2001-08-01,1
60302,CARAPARI,intoxicaciones,alcohol,2001-08-01,1
90101,COBIJA,intoxicaciones,alcohol,2001-08-01,2
30101,COCHABAMBA,intoxicaciones,alcohol,2001-08-01,5
21401,COROICO,intoxicaciones,alcohol,2001-08-01,1
50601,COTAGAITA,intoxicaciones,alcohol,2001-08-01,2
70102,COTOCA,intoxicaciones,alcohol,2001-08-01,1
20105,EL ALTO,intoxicaciones,alcohol,2001-08-01,5
40701,HUANUNI,intoxicaciones,alcohol,2001-08-01,2
20101,LA PAZ,intoxicaciones,alcohol,2001-08-01,50
10501,MONTEAGUDO,intoxicaciones,alcohol,2001-08-01,2
71001,MONTERO,intoxicaciones,alcohol,2001-08-01,8
30302,MOROCHATA,intoxicaciones,alcohol,2001-08-01,1
30203,OMEREQUE,intoxicaciones,alcohol,2001-08-01,1
40101,ORURO,intoxicaciones,alcohol,2001-08-01,5
10401,PADILLA,intoxicaciones,alcohol,2001-08-01,4
20102,PALCA,intoxicaciones,alcohol,2001-08-01,3
21104,PALOS BLANCOS,intoxicaciones,alcohol,2001-08-01,2
10103,POROMA,intoxicaciones,alcohol,2001-08-01,2
50101,POTOSI,intoxicaciones,alcohol,2001-08-01,6
21201,PUCARANI,intoxicaciones,alcohol,2001-08-01,1
71402,PUERTO QUIJARRO,intoxicaciones,alcohol,2001-08-01,1
31205,PUERTO VILLARROEL,intoxicaciones,alcohol,2001-08-01,4
70503,ROBORE,intoxicaciones,alcohol,2001-08-01,1
70901,SAMAIPATA,intoxicaciones,alcohol,2001-08-01,2
70301,SAN IGNACIO DE VELASCO,intoxicaciones,alcohol,2001-08-01,4
71104,SAN JULIAN,intoxicaciones,alcohol,2001-08-01,2
60501,SAN LORENZO(TJA),intoxicaciones,alcohol,2001-08-01,1
71201,SAN MATIAS,intoxicaciones,alcohol,2001-08-01,2
70302,SAN MIGUEL DE VELASCO,intoxicaciones,alcohol,2001-08-01,1
70101,SANTA CRUZ DE LA SIERRA,intoxicaciones,alcohol,2001-08-01,6
30902,SIPE SIPE,intoxicaciones,alcohol,2001-08-01,1
10101,SUCRE,intoxicaciones,alcohol,2001-08-01,7
60101,TARIJA,intoxicaciones,alcohol,2001-08-01,33
31601,TIRAQUE (CBBA),intoxicaciones,alcohol,2001-08-01,1
70801,VALLEGRANDE,intoxicaciones,alcohol,2001-08-01,1
31003,VILLA TUNARI,intoxicaciones,alcohol,2001-08-01,2
51501,VILLAZON,intoxicaciones,alcohol,2001-08-01,2
70403,YAPACANI,intoxicaciones,alcohol,2001-08-01,1
20701,APOLO,intoxicaciones,alcohol,2001-09-01,1
21203,BATALLAS,intoxicaciones,alcohol,2001-09-01,2
60202,BERMEJO,intoxicaciones,alcohol,2001-09-01,2
21003,CAJUATA,intoxicaciones,alcohol,2001-09-01,1
10701,CAMARGO,intoxicaciones,alcohol,2001-09-01,2
50202,CHAYANTA,intoxicaciones,alcohol,2001-09-01,1
21101,CHULUMANI (V. DE LA LIBERTAD),intoxicaciones,alcohol,2001-09-01,1
30801,CLIZA,intoxicaciones,alcohol,2001-09-01,1
30101,COCHABAMBA,intoxicaciones,alcohol,2001-09-01,4
31002,COLOMI,intoxicaciones,alcohol,2001-09-01,1
21701,COPACABANA,intoxicaciones,alcohol,2001-09-01,2
21402,CORIPATA,intoxicaciones,alcohol,2001-09-01,1
50601,COTAGAITA,intoxicaciones,alcohol,2001-09-01,3
70102,COTOCA,intoxicaciones,alcohol,2001-09-01,3
70704,CUEVO,intoxicaciones,alcohol,2001-09-01,1
20105,EL ALTO,intoxicaciones,alcohol,2001-09-01,5
60502,EL PUENTE(TJA),intoxicaciones,alcohol,2001-09-01,1
60601,ENTRE RIOS,intoxicaciones,alcohol,2001-09-01,1
80402,EXALTACION,intoxicaciones,alcohol,2001-09-01,1
40701,HUANUNI,intoxicaciones,alcohol,2001-09-01,1
20101,LA PAZ,intoxicaciones,alcohol,2001-09-01,81
10501,MONTEAGUDO,intoxicaciones,alcohol,2001-09-01,2
71001,MONTERO,intoxicaciones,alcohol,2001-09-01,4
40101,ORURO,intoxicaciones,alcohol,2001-09-01,5
60201,PADCAYA,intoxicaciones,alcohol,2001-09-01,1
40602,PAZÑA,intoxicaciones,alcohol,2001-09-01,1
10103,POROMA,intoxicaciones,alcohol,2001-09-01,2
50101,POTOSI,intoxicaciones,alcohol,2001-09-01,5
71401,PUERTO SUAREZ,intoxicaciones,alcohol,2001-09-01,1
31401,PUNATA,intoxicaciones,alcohol,2001-09-01,1
30901,QUILLACOLLO,intoxicaciones,alcohol,2001-09-01,1
21002,QUIME,intoxicaciones,alcohol,2001-09-01,1
80201,RIBERALTA,intoxicaciones,alcohol,2001-09-01,1
70503,ROBORE,intoxicaciones,alcohol,2001-09-01,1
70901,SAMAIPATA,intoxicaciones,alcohol,2001-09-01,2
80302,SAN BORJA,intoxicaciones,alcohol,2001-09-01,2
70402,SAN CARLOS,intoxicaciones,alcohol,2001-09-01,1
70301,SAN IGNACIO DE VELASCO,intoxicaciones,alcohol,2001-09-01,2
71102,SAN JAVIER(STC),intoxicaciones,alcohol,2001-09-01,1
60501,SAN LORENZO(TJA),intoxicaciones,alcohol,2001-09-01,1
10702,SAN LUCAS,intoxicaciones,alcohol,2001-09-01,1
70303,SAN RAFAEL,intoxicaciones,alcohol,2001-09-01,1
70101,SANTA CRUZ DE LA SIERRA,intoxicaciones,alcohol,2001-09-01,6
70602,SANTA ROSA DEL SARA,intoxicaciones,alcohol,2001-09-01,1
10101,SUCRE,intoxicaciones,alcohol,2001-09-01,10
60101,TARIJA,intoxicaciones,alcohol,2001-09-01,18
20803,TIAWANACU,intoxicaciones,alcohol,2001-09-01,1
50102,TINGUIPAYA,intoxicaciones,alcohol,2001-09-01,1
31201,TOTORA(CBBA),intoxicaciones,alcohol,2001-09-01,1
50801,TUPIZA,intoxicaciones,alcohol,2001-09-01,2
60401,URIONDO (A. CONCEPCION),intoxicaciones,alcohol,2001-09-01,1
31003,VILLA TUNARI,intoxicaciones,alcohol,2001-09-01,2
70403,YAPACANI,intoxicaciones,alcohol,2001-09-01,1
20201,ACHACACHI,intoxicaciones,alcohol,2001-10-01,1
20701,APOLO,intoxicaciones,alcohol,2001-10-01,2
20503,AUCAPATA,intoxicaciones,alcohol,2001-10-01,1
30301,AYOPAYA (V. DE INDEPENDENCIA),intoxicaciones,alcohol,2001-10-01,1
60202,BERMEJO,intoxicaciones,alcohol,2001-10-01,3
10901,CAMATAQUI (C. VILLA ABECIA),intoxicaciones,alcohol,2001-10-01,1
70706,CAMIRI,intoxicaciones,alcohol,2001-10-01,3
50202,CHAYANTA,intoxicaciones,alcohol,2001-10-01,1
30101,COCHABAMBA,intoxicaciones,alcohol,2001-10-01,20
31002,COLOMI,intoxicaciones,alcohol,2001-10-01,2
70603,COLPA BELGICA,intoxicaciones,alcohol,2001-10-01,1
21701,COPACABANA,intoxicaciones,alcohol,2001-10-01,3
50601,COTAGAITA,intoxicaciones,alcohol,2001-10-01,1
20804,DESAGUADERO,intoxicaciones,alcohol,2001-10-01,2
20105,EL ALTO,intoxicaciones,alcohol,2001-10-01,13
60502,EL PUENTE(TJA),intoxicaciones,alcohol,2001-10-01,1
60601,ENTRE RIOS,intoxicaciones,alcohol,2001-10-01,1
10502,HUACARETA,intoxicaciones,alcohol,2001-10-01,1
20101,LA PAZ,intoxicaciones,alcohol,2001-10-01,97
70701,LAGUNILLAS,intoxicaciones,alcohol,2001-10-01,2
80801,MAGDALENA,intoxicaciones,alcohol,2001-10-01,1
71003,MINEROS,intoxicaciones,alcohol,2001-10-01,1
71001,MONTERO,intoxicaciones,alcohol,2001-10-01,5
40101,ORURO,intoxicaciones,alcohol,2001-10-01,5
10401,PADILLA,intoxicaciones,alcohol,2001-10-01,1
31202,POJO (CBBA),intoxicaciones,alcohol,2001-10-01,1
70804,POSTRER VALLE,intoxicaciones,alcohol,2001-10-01,1
50101,POTOSI,intoxicaciones,alcohol,2001-10-01,29
71401,PUERTO SUAREZ,intoxicaciones,alcohol,2001-10-01,2
51101,PUNA,intoxicaciones,alcohol,2001-10-01,1
31401,PUNATA,intoxicaciones,alcohol,2001-10-01,1
31001,SACABA,intoxicaciones,alcohol,2001-10-01,1
30404,SACABAMBA,intoxicaciones,alcohol,2001-10-01,1
51601,SAN AGUSTIN,intoxicaciones,alcohol,2001-10-01,1
80302,SAN BORJA,intoxicaciones,alcohol,2001-10-01,3
70301,SAN IGNACIO DE VELASCO,intoxicaciones,alcohol,2001-10-01,1
70302,SAN MIGUEL DE VELASCO,intoxicaciones,alcohol,2001-10-01,1
70101,SANTA CRUZ DE LA SIERRA,intoxicaciones,alcohol,2001-10-01,22
30902,SIPE SIPE,intoxicaciones,alcohol,2001-10-01,1
20601,SORATA,intoxicaciones,alcohol,2001-10-01,1
10101,SUCRE,intoxicaciones,alcohol,2001-10-01,13
10601,TARABUCO,intoxicaciones,alcohol,2001-10-01,1
60101,TARIJA,intoxicaciones,alcohol,2001-10-01,47
31601,TIRAQUE (CBBA),intoxicaciones,alcohol,2001-10-01,1
41001,TOLEDO,intoxicaciones,alcohol,2001-10-01,1
50801,TUPIZA,intoxicaciones,alcohol,2001-10-01,1
60401,URIONDO (A. CONCEPCION),intoxicaciones,alcohol,2001-10-01,3
31402,VILLA RIVERO,intoxicaciones,alcohol,2001-10-01,1
31003,VILLA TUNARI,intoxicaciones,alcohol,2001-10-01,1
11001,VILLA VACA GUZMAN (MUYUPAMPA),intoxicaciones,alcohol,2001-10-01,1
30904,VINTO,intoxicaciones,alcohol,2001-10-01,1
70201,WARNES,intoxicaciones,alcohol,2001-10-01,1
60301,YACUIBA,intoxicaciones,alcohol,2001-10-01,1
10602,YAMPARAEZ,intoxicaciones,alcohol,2001-10-01,1
70403,YAPACANI,intoxicaciones,alcohol,2001-10-01,1
20201,ACHACACHI,intoxicaciones,alcohol,2001-11-01,1
30301,AYOPAYA (V. DE INDEPENDENCIA),intoxicaciones,alcohol,2001-11-01,1
60202,BERMEJO,intoxicaciones,alcohol,2001-11-01,1
10701,CAMARGO,intoxicaciones,alcohol,2001-11-01,3
70706,CAMIRI,intoxicaciones,alcohol,2001-11-01,3
21101,CHULUMANI (V. DE LA LIBERTAD),intoxicaciones,alcohol,2001-11-01,1
30101,COCHABAMBA,intoxicaciones,alcohol,2001-11-01,15
31002,COLOMI,intoxicaciones,alcohol,2001-11-01,2
21701,COPACABANA,intoxicaciones,alcohol,2001-11-01,3
21401,COROICO,intoxicaciones,alcohol,2001-11-01,1
50601,COTAGAITA,intoxicaciones,alcohol,2001-11-01,1
20804,DESAGUADERO,intoxicaciones,alcohol,2001-11-01,2
20105,EL ALTO,intoxicaciones,alcohol,2001-11-01,14
60502,EL PUENTE(TJA),intoxicaciones,alcohol,2001-11-01,1
60601,ENTRE RIOS,intoxicaciones,alcohol,2001-11-01,1
40701,HUANUNI,intoxicaciones,alcohol,2001-11-01,1
21005,ICHOCA,intoxicaciones,alcohol,2001-11-01,1
20101,LA PAZ,intoxicaciones,alcohol,2001-11-01,70
50203,LLALLAGUA,intoxicaciones,alcohol,2001-11-01,2
71003,MINEROS,intoxicaciones,alcohol,2001-11-01,1
20402,MOCOMOCO,intoxicaciones,alcohol,2001-11-01,1
71001,MONTERO,intoxicaciones,alcohol,2001-11-01,1
40101,ORURO,intoxicaciones,alcohol,2001-11-01,5
10401,PADILLA,intoxicaciones,alcohol,2001-11-01,1
70502,PAILON,intoxicaciones,alcohol,2001-11-01,1
21305,PATACAMAYA,intoxicaciones,alcohol,2001-11-01,1
40602,PAZÑA,intoxicaciones,alcohol,2001-11-01,1
50403,POCOATA,intoxicaciones,alcohol,2001-11-01,1
40601,POOPO,intoxicaciones,alcohol,2001-11-01,2
50101,POTOSI,intoxicaciones,alcohol,2001-11-01,11
71402,PUERTO QUIJARRO,intoxicaciones,alcohol,2001-11-01,1
71401,PUERTO SUAREZ,intoxicaciones,alcohol,2001-11-01,2
31401,PUNATA,intoxicaciones,alcohol,2001-11-01,1
50402,RAVELO,intoxicaciones,alcohol,2001-11-01,1
80201,RIBERALTA,intoxicaciones,alcohol,2001-11-01,1
70901,SAMAIPATA,intoxicaciones,alcohol,2001-11-01,1
70301,SAN IGNACIO DE VELASCO,intoxicaciones,alcohol,2001-11-01,5
60501,SAN LORENZO(TJA),intoxicaciones,alcohol,2001-11-01,1
71201,SAN MATIAS,intoxicaciones,alcohol,2001-11-01,2
80702,SAN RAMON,intoxicaciones,alcohol,2001-11-01,1
70101,SANTA CRUZ DE LA SIERRA,intoxicaciones,alcohol,2001-11-01,13
70602,SANTA ROSA DEL SARA,intoxicaciones,alcohol,2001-11-01,1
20601,SORATA,intoxicaciones,alcohol,2001-11-01,1
10101,SUCRE,intoxicaciones,alcohol,2001-11-01,3
20603,TACACOMA,intoxicaciones,alcohol,2001-11-01,2
60101,TARIJA,intoxicaciones,alcohol,2001-11-01,48
60301,YACUIBA,intoxicaciones,alcohol,2001-11-01,1
20201,ACHACACHI,intoxicaciones,alcohol,2001-12-01,3
51301,ARAMPAMPA,intoxicaciones,alcohol,2001-12-01,1
21303,AYO AYO,intoxicaciones,alcohol,2001-12-01,1
60202,BERMEJO,intoxicaciones,alcohol,2001-12-01,4
70401,BUENA VISTA,intoxicaciones,alcohol,2001-12-01,1
10701,CAMARGO,intoxicaciones,alcohol,2001-12-01,2
70706,CAMIRI,intoxicaciones,alcohol,2001-12-01,1
90101,COBIJA,intoxicaciones,alcohol,2001-12-01,3
30101,COCHABAMBA,intoxicaciones,alcohol,2001-12-01,21
50901,"COLCHA ""K""",intoxicaciones,alcohol,2001-12-01,1
31002,COLOMI,intoxicaciones,alcohol,2001-12-01,3
21402,CORIPATA,intoxicaciones,alcohol,2001-12-01,1
10902,CULPINA,intoxicaciones,alcohol,2001-12-01,3
20105,EL ALTO,intoxicaciones,alcohol,2001-12-01,27
40501,HUACHACALLA,intoxicaciones,alcohol,2001-12-01,1
40701,HUANUNI,intoxicaciones,alcohol,2001-12-01,1
10703,INCAHUASI,intoxicaciones,alcohol,2001-12-01,2
20101,LA PAZ,intoxicaciones,alcohol,2001-12-01,51
50203,LLALLAGUA,intoxicaciones,alcohol,2001-12-01,4
71003,MINEROS,intoxicaciones,alcohol,2001-12-01,1
71001,MONTERO,intoxicaciones,alcohol,2001-12-01,3
40101,ORURO,intoxicaciones,alcohol,2001-12-01,4
60201,PADCAYA,intoxicaciones,alcohol,2001-12-01,2
10103,POROMA,intoxicaciones,alcohol,2001-12-01,1
70601,PORTACHUELO,intoxicaciones,alcohol,2001-12-01,1
50101,POTOSI,intoxicaciones,alcohol,2001-12-01,16
21204,PUERTO PEREZ,intoxicaciones,alcohol,2001-12-01,1
71402,PUERTO QUIJARRO,intoxicaciones,alcohol,2001-12-01,1
71401,PUERTO SUAREZ,intoxicaciones,alcohol,2001-12-01,3
80201,RIBERALTA,intoxicaciones,alcohol,2001-12-01,2
31001,SACABA,intoxicaciones,alcohol,2001-12-01,2
70901,SAMAIPATA,intoxicaciones,alcohol,2001-12-01,1
70402,SAN CARLOS,intoxicaciones,alcohol,2001-12-01,1
70301,SAN IGNACIO DE VELASCO,intoxicaciones,alcohol,2001-12-01,3
71201,SAN MATIAS,intoxicaciones,alcohol,2001-12-01,2
80702,SAN RAMON,intoxicaciones,alcohol,2001-12-01,1
10101,SUCRE,intoxicaciones,alcohol,2001-12-01,5
60101,TARIJA,intoxicaciones,alcohol,2001-12-01,21
31201,TOTORA(CBBA),intoxicaciones,alcohol,2001-12-01,2
80101,TRINIDAD,intoxicaciones,alcohol,2001-12-01,4
60401,URIONDO (A. CONCEPCION),intoxicaciones,alcohol,2001-12-01,4
20801,VIACHA,intoxicaciones,alcohol,2001-12-01,1
31003,VILLA TUNARI,intoxicaciones,alcohol,2001-12-01,1
11001,VILLA VACA GUZMAN (MUYUPAMPA),intoxicaciones,alcohol,2001-12-01,1
20201,ACHACACHI,intoxicaciones,alcohol,2002-01-01,1
60202,BERMEJO,intoxicaciones,alcohol,2002-01-01,4
10701,CAMARGO,intoxicaciones,alcohol,2002-01-01,1
10901,CAMATAQUI (C. VILLA ABECIA),intoxicaciones,alcohol,2002-01-01,2
70706,CAMIRI,intoxicaciones,alcohol,2002-01-01,1
31204,CHIMORE,intoxicaciones,alcohol,2002-01-01,5
90101,COBIJA,intoxicaciones,alcohol,2002-01-01,1
30101,COCHABAMBA,intoxicaciones,alcohol,2002-01-01,16
31002,COLOMI,intoxicaciones,alcohol,2002-01-01,1
71301,COMARAPA,intoxicaciones,alcohol,2002-01-01,1
70102,COTOCA,intoxicaciones,alcohol,2002-01-01,2
20804,DESAGUADERO,intoxicaciones,alcohol,2002-01-01,1
20105,EL ALTO,intoxicaciones,alcohol,2002-01-01,24
71503,EL PUENTE(STC),intoxicaciones,alcohol,2002-01-01,1
60502,EL PUENTE(TJA),intoxicaciones,alcohol,2002-01-01,1
70105,EL TORNO,intoxicaciones,alcohol,2002-01-01,1
21601,GRAL. J.J. PEREZ (CHARAZANI),intoxicaciones,alcohol,2002-01-01,1
40701,HUANUNI,intoxicaciones,alcohol,2002-01-01,3
21105,LA ASUNTA,intoxicaciones,alcohol,2002-01-01,1
70104,LA GUARDIA,intoxicaciones,alcohol,2002-01-01,1
20101,LA PAZ,intoxicaciones,alcohol,2002-01-01,98
31301,MIZQUE,intoxicaciones,alcohol,2002-01-01,1
71001,MONTERO,intoxicaciones,alcohol,2002-01-01,6
50404,OCURI,intoxicaciones,alcohol,2002-01-01,1
40101,ORURO,intoxicaciones,alcohol,2002-01-01,4
31202,POJO (CBBA),intoxicaciones,alcohol,2002-01-01,2
50101,POTOSI,intoxicaciones,alcohol,2002-01-01,11
20403,PUERTO CARABUCO,intoxicaciones,alcohol,2002-01-01,2
71402,PUERTO QUIJARRO,intoxicaciones,alcohol,2002-01-01,3
71401,PUERTO SUAREZ,intoxicaciones,alcohol,2002-01-01,5
31205,PUERTO VILLARROEL,intoxicaciones,alcohol,2002-01-01,1
30901,QUILLACOLLO,intoxicaciones,alcohol,2002-01-01,1
80201,RIBERALTA,intoxicaciones,alcohol,2002-01-01,2
31001,SACABA,intoxicaciones,alcohol,2002-01-01,1
70301,SAN IGNACIO DE VELASCO,intoxicaciones,alcohol,2002-01-01,4
71104,SAN JULIAN,intoxicaciones,alcohol,2002-01-01,1
60501,SAN LORENZO(TJA),intoxicaciones,alcohol,2002-01-01,1
71201,SAN MATIAS,intoxicaciones,alcohol,2002-01-01,2
70101,SANTA CRUZ DE LA SIERRA,intoxicaciones,alcohol,2002-01-01,7
10101,SUCRE,intoxicaciones,alcohol,2002-01-01,5
30401,TARATA,intoxicaciones,alcohol,2002-01-01,1
60101,TARIJA,intoxicaciones,alcohol,2002-01-01,26
31601,TIRAQUE (CBBA),intoxicaciones,alcohol,2002-01-01,2
70802,TRIGAL,intoxicaciones,alcohol,2002-01-01,1
50201,UNCIA,intoxicaciones,alcohol,2002-01-01,2
60401,URIONDO (A. CONCEPCION),intoxicaciones,alcohol,2002-01-01,5
20801,VIACHA,intoxicaciones,alcohol,2002-01-01,1
60303,VILLA MONTES,intoxicaciones,alcohol,2002-01-01,1
51501,VILLAZON,intoxicaciones,alcohol,2002-01-01,4
20903,YACO,intoxicaciones,alcohol,2002-01-01,1
60301,YACUIBA,intoxicaciones,alcohol,2002-01-01,1
70403,YAPACANI,intoxicaciones,alcohol,2002-01-01,1
60402,YUNCHARA,intoxicaciones,alcohol,2002-01-01,1
20201,ACHACACHI,intoxicaciones,alcohol,2002-02-01,1
10404,ALCALA,intoxicaciones,alcohol,2002-02-01,2
60202,BERMEJO,intoxicaciones,alcohol,2002-02-01,6
21003,CAJUATA,intoxicaciones,alcohol,2002-02-01,1
10701,CAMARGO,intoxicaciones,alcohol,2002-02-01,1
70706,CAMIRI,intoxicaciones,alcohol,2002-02-01,1
22001,CARANAVI,intoxicaciones,alcohol,2002-02-01,1
90101,COBIJA,intoxicaciones,alcohol,2002-02-01,3
30101,COCHABAMBA,intoxicaciones,alcohol,2002-02-01,8
50901,"COLCHA ""K""",intoxicaciones,alcohol,2002-02-01,1
31002,COLOMI,intoxicaciones,alcohol,2002-02-01,1
21701,COPACABANA,intoxicaciones,alcohol,2002-02-01,5
20301,CORO CORO,intoxicaciones,alcohol,2002-02-01,2
70102,COTOCA,intoxicaciones,alcohol,2002-02-01,4
20105,EL ALTO,intoxicaciones,alcohol,2002-02-01,14
60601,ENTRE RIOS,intoxicaciones,alcohol,2002-02-01,2
10502,HUACARETA,intoxicaciones,alcohol,2002-02-01,1
10703,INCAHUASI,intoxicaciones,alcohol,2002-02-01,1
20101,LA PAZ,intoxicaciones,alcohol,2002-02-01,39
70701,LAGUNILLAS,intoxicaciones,alcohol,2002-02-01,1
21202,LAJA,intoxicaciones,alcohol,2002-02-01,1
40101,ORURO,intoxicaciones,alcohol,2002-02-01,10
60201,PADCAYA,intoxicaciones,alcohol,2002-02-01,3
20102,PALCA,intoxicaciones,alcohol,2002-02-01,2
40602,PAZÑA,intoxicaciones,alcohol,2002-02-01,1
10103,POROMA,intoxicaciones,alcohol,2002-02-01,1
70601,PORTACHUELO,intoxicaciones,alcohol,2002-02-01,2
70804,POSTRER VALLE,intoxicaciones,alcohol,2002-02-01,1
50101,POTOSI,intoxicaciones,alcohol,2002-02-01,7
71402,PUERTO QUIJARRO,intoxicaciones,alcohol,2002-02-01,1
71401,PUERTO SUAREZ,intoxicaciones,alcohol,2002-02-01,1
31205,PUERTO VILLARROEL,intoxicaciones,alcohol,2002-02-01,1
51101,PUNA,intoxicaciones,alcohol,2002-02-01,1
30901,QUILLACOLLO,intoxicaciones,alcohol,2002-02-01,2
21002,QUIME,intoxicaciones,alcohol,2002-02-01,2
80201,RIBERALTA,intoxicaciones,alcohol,2002-02-01,1
31001,SACABA,intoxicaciones,alcohol,2002-02-01,5
70901,SAMAIPATA,intoxicaciones,alcohol,2002-02-01,1
80302,SAN BORJA,intoxicaciones,alcohol,2002-02-01,1
70301,SAN IGNACIO DE VELASCO,intoxicaciones,alcohol,2002-02-01,9
60501,SAN LORENZO(TJA),intoxicaciones,alcohol,2002-02-01,2
71201,SAN MATIAS,intoxicaciones,alcohol,2002-02-01,1
70101,SANTA CRUZ DE LA SIERRA,intoxicaciones,alcohol,2002-02-01,2
10101,SUCRE,intoxicaciones,alcohol,2002-02-01,13
60101,TARIJA,intoxicaciones,alcohol,2002-02-01,24
20803,TIAWANACU,intoxicaciones,alcohol,2002-02-01,1
31601,TIRAQUE (CBBA),intoxicaciones,alcohol,2002-02-01,1
70802,TRIGAL,intoxicaciones,alcohol,2002-02-01,2
50201,UNCIA,intoxicaciones,alcohol,2002-02-01,1
60401,URIONDO (A. CONCEPCION),intoxicaciones,alcohol,2002-02-01,5
31003,VILLA TUNARI,intoxicaciones,alcohol,2002-02-01,1
10602,YAMPARAEZ,intoxicaciones,alcohol,2002-02-01,1
70403,YAPACANI,intoxicaciones,alcohol,2002-02-01,1
10102,YOTALA,intoxicaciones,alcohol,2002-02-01,1
60202,BERMEJO,intoxicaciones,alcohol,2002-03-01,4
10901,CAMATAQUI (C. VILLA ABECIA),intoxicaciones,alcohol,2002-03-01,2
90101,COBIJA,intoxicaciones,alcohol,2002-03-01,2
30101,COCHABAMBA,intoxicaciones,alcohol,2002-03-01,17
31002,COLOMI,intoxicaciones,alcohol,2002-03-01,1
20105,EL ALTO,intoxicaciones,alcohol,2002-03-01,18
40103,EL CHORO,intoxicaciones,alcohol,2002-03-01,2
60502,EL PUENTE(TJA),intoxicaciones,alcohol,2002-03-01,2
60601,ENTRE RIOS,intoxicaciones,alcohol,2002-03-01,1
40701,HUANUNI,intoxicaciones,alcohol,2002-03-01,1
20101,LA PAZ,intoxicaciones,alcohol,2002-03-01,79
10903,LAS CARRERAS,intoxicaciones,alcohol,2002-03-01,2
80801,MAGDALENA,intoxicaciones,alcohol,2002-03-01,1
71001,MONTERO,intoxicaciones,alcohol,2002-03-01,1
40101,ORURO,intoxicaciones,alcohol,2002-03-01,2
60201,PADCAYA,intoxicaciones,alcohol,2002-03-01,3
10401,PADILLA,intoxicaciones,alcohol,2002-03-01,1
10103,POROMA,intoxicaciones,alcohol,2002-03-01,2
70601,PORTACHUELO,intoxicaciones,alcohol,2002-03-01,1
50101,POTOSI,intoxicaciones,alcohol,2002-03-01,4
31205,PUERTO VILLARROEL,intoxicaciones,alcohol,2002-03-01,1
31001,SACABA,intoxicaciones,alcohol,2002-03-01,1
70301,SAN IGNACIO DE VELASCO,intoxicaciones,alcohol,2002-03-01,2
60501,SAN LORENZO(TJA),intoxicaciones,alcohol,2002-03-01,1
71201,SAN MATIAS,intoxicaciones,alcohol,2002-03-01,1
70302,SAN MIGUEL DE VELASCO,intoxicaciones,alcohol,2002-03-01,1
70101,SANTA CRUZ DE LA SIERRA,intoxicaciones,alcohol,2002-03-01,1
70602,SANTA ROSA DEL SARA,intoxicaciones,alcohol,2002-03-01,1
41401,SANTIAGO DE HUARI,intoxicaciones,alcohol,2002-03-01,2
30902,SIPE SIPE,intoxicaciones,alcohol,2002-03-01,1
10101,SUCRE,intoxicaciones,alcohol,2002-03-01,8
60101,TARIJA,intoxicaciones,alcohol,2002-03-01,16
31601,TIRAQUE (CBBA),intoxicaciones,alcohol,2002-03-01,1
20801,VIACHA,intoxicaciones,alcohol,2002-03-01,1
11001,VILLA VACA GUZMAN (MUYUPAMPA),intoxicaciones,alcohol,2002-03-01,1
51501,VILLAZON,intoxicaciones,alcohol,2002-03-01,1
60301,YACUIBA,intoxicaciones,alcohol,2002-03-01,1
70403,YAPACANI,intoxicaciones,alcohol,2002-03-01,1
10102,YOTALA,intoxicaciones,alcohol,2002-03-01,1
60202,BERMEJO,intoxicaciones,alcohol,2002-04-01,3
10701,CAMARGO,intoxicaciones,alcohol,2002-04-01,1
70706,CAMIRI,intoxicaciones,alcohol,2002-04-01,1
90101,COBIJA,intoxicaciones,alcohol,2002-04-01,2
30101,COCHABAMBA,intoxicaciones,alcohol,2002-04-01,8
20605,COMBAYA,intoxicaciones,alcohol,2002-04-01,1
21701,COPACABANA,intoxicaciones,alcohol,2002-04-01,1
70102,COTOCA,intoxicaciones,alcohol,2002-04-01,1
20105,EL ALTO,intoxicaciones,alcohol,2002-04-01,22
60502,EL PUENTE(TJA),intoxicaciones,alcohol,2002-04-01,1
70105,EL TORNO,intoxicaciones,alcohol,2002-04-01,1
20101,LA PAZ,intoxicaciones,alcohol,2002-04-01,76
70701,LAGUNILLAS,intoxicaciones,alcohol,2002-04-01,1
80801,MAGDALENA,intoxicaciones,alcohol,2002-04-01,1
70903,MAIRANA,intoxicaciones,alcohol,2002-04-01,1
40101,ORURO,intoxicaciones,alcohol,2002-04-01,2
50101,POTOSI,intoxicaciones,alcohol,2002-04-01,28
31401,PUNATA,intoxicaciones,alcohol,2002-04-01,1
80201,RIBERALTA,intoxicaciones,alcohol,2002-04-01,1
70503,ROBORE,intoxicaciones,alcohol,2002-04-01,1
31001,SACABA,intoxicaciones,alcohol,2002-04-01,1
30404,SACABAMBA,intoxicaciones,alcohol,2002-04-01,1
71201,SAN MATIAS,intoxicaciones,alcohol,2002-04-01,1
70101,SANTA CRUZ DE LA SIERRA,intoxicaciones,alcohol,2002-04-01,28
10101,SUCRE,intoxicaciones,alcohol,2002-04-01,10
60101,TARIJA,intoxicaciones,alcohol,2002-04-01,24
60401,URIONDO (A. CONCEPCION),intoxicaciones,alcohol,2002-04-01,1
70201,WARNES,intoxicaciones,alcohol,2002-04-01,1
70403,YAPACANI,intoxicaciones,alcohol,2002-04-01,1
20201,ACHACACHI,intoxicaciones,alcohol,2002-05-01,1
30403,ARBIETO,intoxicaciones,alcohol,2002-05-01,2
30601,ARQUE,intoxicaciones,alcohol,2002-05-01,2
60202,BERMEJO,intoxicaciones,alcohol,2002-05-01,5
70706,CAMIRI,intoxicaciones,alcohol,2002-05-01,2
60302,CARAPARI,intoxicaciones,alcohol,2002-05-01,1
90101,COBIJA,intoxicaciones,alcohol,2002-05-01,3
30101,COCHABAMBA,intoxicaciones,alcohol,2002-05-01,8
50901,"COLCHA ""K""",intoxicaciones,alcohol,2002-05-01,1
40401,CURAHUARA DE CARANGAS,intoxicaciones,alcohol,2002-05-01,2
20105,EL ALTO,intoxicaciones,alcohol,2002-05-01,19
60601,ENTRE RIOS,intoxicaciones,alcohol,2002-05-01,1
80202,GUAYARAMERIN,intoxicaciones,alcohol,2002-05-01,1
10502,HUACARETA,intoxicaciones,alcohol,2002-05-01,1
40701,HUANUNI,intoxicaciones,alcohol,2002-05-01,4
20101,LA PAZ,intoxicaciones,alcohol,2002-05-01,96
71001,MONTERO,intoxicaciones,alcohol,2002-05-01,3
40101,ORURO,intoxicaciones,alcohol,2002-05-01,9
60201,PADCAYA,intoxicaciones,alcohol,2002-05-01,2
10103,POROMA,intoxicaciones,alcohol,2002-05-01,1
70601,PORTACHUELO,intoxicaciones,alcohol,2002-05-01,1
50101,POTOSI,intoxicaciones,alcohol,2002-05-01,31
20403,PUERTO CARABUCO,intoxicaciones,alcohol,2002-05-01,1
71402,PUERTO QUIJARRO,intoxicaciones,alcohol,2002-05-01,1
71401,PUERTO SUAREZ,intoxicaciones,alcohol,2002-05-01,2
31205,PUERTO VILLARROEL,intoxicaciones,alcohol,2002-05-01,1
30901,QUILLACOLLO,intoxicaciones,alcohol,2002-05-01,6
50701,SACACA,intoxicaciones,alcohol,2002-05-01,2
80302,SAN BORJA,intoxicaciones,alcohol,2002-05-01,1
70301,SAN IGNACIO DE VELASCO,intoxicaciones,alcohol,2002-05-01,4
70501,SAN JOSE DE CHIQUITOS,intoxicaciones,alcohol,2002-05-01,1
71104,SAN JULIAN,intoxicaciones,alcohol,2002-05-01,1
60501,SAN LORENZO(TJA),intoxicaciones,alcohol,2002-05-01,1
71201,SAN MATIAS,intoxicaciones,alcohol,2002-05-01,2
21702,SAN PEDRO DE TIQUINA,intoxicaciones,alcohol,2002-05-01,2
80702,SAN RAMON,intoxicaciones,alcohol,2002-05-01,1
70101,SANTA CRUZ DE LA SIERRA,intoxicaciones,alcohol,2002-05-01,7
20601,SORATA,intoxicaciones,alcohol,2002-05-01,1
10101,SUCRE,intoxicaciones,alcohol,2002-05-01,5
60101,TARIJA,intoxicaciones,alcohol,2002-05-01,39
31601,TIRAQUE (CBBA),intoxicaciones,alcohol,2002-05-01,1
50502,TORO TORO,intoxicaciones,alcohol,2002-05-01,1
31201,TOTORA(CBBA),intoxicaciones,alcohol,2002-05-01,1
70802,TRIGAL,intoxicaciones,alcohol,2002-05-01,2
50801,TUPIZA,intoxicaciones,alcohol,2002-05-01,1
60401,URIONDO (A. CONCEPCION),intoxicaciones,alcohol,2002-05-01,1
20801,VIACHA,intoxicaciones,alcohol,2002-05-01,1
31003,VILLA TUNARI,intoxicaciones,alcohol,2002-05-01,2
70201,WARNES,intoxicaciones,alcohol,2002-05-01,2
70403,YAPACANI,intoxicaciones,alcohol,2002-05-01,1
70706,CAMIRI,intoxicaciones,alcohol,2002-06-01,4
22001,CARANAVI,intoxicaciones,alcohol,2002-06-01,1
60302,CARAPARI,intoxicaciones,alcohol,2002-06-01,2
30101,COCHABAMBA,intoxicaciones,alcohol,2002-06-01,10
20605,COMBAYA,intoxicaciones,alcohol,2002-06-01,1
20301,CORO CORO,intoxicaciones,alcohol,2002-06-01,1
70102,COTOCA,intoxicaciones,alcohol,2002-06-01,2
40401,CURAHUARA DE CARANGAS,intoxicaciones,alcohol,2002-06-01,1
20105,EL ALTO,intoxicaciones,alcohol,2002-06-01,22
60502,EL PUENTE(TJA),intoxicaciones,alcohol,2002-06-01,1
60601,ENTRE RIOS,intoxicaciones,alcohol,2002-06-01,4
41101,EUCALIPTUS,intoxicaciones,alcohol,2002-06-01,1
80402,EXALTACION,intoxicaciones,alcohol,2002-06-01,1
80202,GUAYARAMERIN,intoxicaciones,alcohol,2002-06-01,2
11002,HUACAYA (VILLA DE HUACAYA),intoxicaciones,alcohol,2002-06-01,1
40701,HUANUNI,intoxicaciones,alcohol,2002-06-01,2
20101,LA PAZ,intoxicaciones,alcohol,2002-06-01,87
80801,MAGDALENA,intoxicaciones,alcohol,2002-06-01,1
71001,MONTERO,intoxicaciones,alcohol,2002-06-01,3
40101,ORURO,intoxicaciones,alcohol,2002-06-01,2
40602,PAZÑA,intoxicaciones,alcohol,2002-06-01,1
50101,POTOSI,intoxicaciones,alcohol,2002-06-01,1
71401,PUERTO SUAREZ,intoxicaciones,alcohol,2002-06-01,1
31205,PUERTO VILLARROEL,intoxicaciones,alcohol,2002-06-01,2
31401,PUNATA,intoxicaciones,alcohol,2002-06-01,1
30901,QUILLACOLLO,intoxicaciones,alcohol,2002-06-01,8
80201,RIBERALTA,intoxicaciones,alcohol,2002-06-01,1
70901,SAMAIPATA,intoxicaciones,alcohol,2002-06-01,1
71105,SAN ANTONIO DE LOMERIO,intoxicaciones,alcohol,2002-06-01,1
70101,SANTA CRUZ DE LA SIERRA,intoxicaciones,alcohol,2002-06-01,8
70602,SANTA ROSA DEL SARA,intoxicaciones,alcohol,2002-06-01,2
20601,SORATA,intoxicaciones,alcohol,2002-06-01,1
10101,SUCRE,intoxicaciones,alcohol,2002-06-01,22
50303,TACOBAMBA,intoxicaciones,alcohol,2002-06-01,1
60101,TARIJA,intoxicaciones,alcohol,2002-06-01,16
10202,TARVITA,intoxicaciones,alcohol,2002-06-01,1
31003,VILLA TUNARI,intoxicaciones,alcohol,2002-06-01,1
60301,YACUIBA,intoxicaciones,alcohol,2002-06-01,1
20201,ACHACACHI,intoxicaciones,alcohol,2002-07-01,1
71501,ASCENCION DE GUARAYOS,intoxicaciones,alcohol,2002-07-01,1
80802,BAURES,intoxicaciones,alcohol,2002-07-01,1
50301,BETANZOS,intoxicaciones,alcohol,2002-07-01,1
10701,CAMARGO,intoxicaciones,alcohol,2002-07-01,2
70706,CAMIRI,intoxicaciones,alcohol,2002-07-01,3
22001,CARANAVI,intoxicaciones,alcohol,2002-07-01,5
70702,CHARAGUA,intoxicaciones,alcohol,2002-07-01,1
31204,CHIMORE,intoxicaciones,alcohol,2002-07-01,1
30101,COCHABAMBA,intoxicaciones,alcohol,2002-07-01,13
50401,COLQUECHACA,intoxicaciones,alcohol,2002-07-01,1
21701,COPACABANA,intoxicaciones,alcohol,2002-07-01,1
70704,CUEVO,intoxicaciones,alcohol,2002-07-01,1
20105,EL ALTO,intoxicaciones,alcohol,2002-07-01,51
60502,EL PUENTE(TJA),intoxicaciones,alcohol,2002-07-01,1
60601,ENTRE RIOS,intoxicaciones,alcohol,2002-07-01,2
40701,HUANUNI,intoxicaciones,alcohol,2002-07-01,4
21001,INQUISIVI,intoxicaciones,alcohol,2002-07-01,1
20101,LA PAZ,intoxicaciones,alcohol,2002-07-01,102
11003,MACHARETI,intoxicaciones,alcohol,2002-07-01,1
40101,ORURO,intoxicaciones,alcohol,2002-07-01,8
60201,PADCAYA,intoxicaciones,alcohol,2002-07-01,1
70601,PORTACHUELO,intoxicaciones,alcohol,2002-07-01,1
50101,POTOSI,intoxicaciones,alcohol,2002-07-01,20
71402,PUERTO QUIJARRO,intoxicaciones,alcohol,2002-07-01,2
71401,PUERTO SUAREZ,intoxicaciones,alcohol,2002-07-01,2
31205,PUERTO VILLARROEL,intoxicaciones,alcohol,2002-07-01,1
30901,QUILLACOLLO,intoxicaciones,alcohol,2002-07-01,2
80501,SAN IGNACIO,intoxicaciones,alcohol,2002-07-01,1
70301,SAN IGNACIO DE VELASCO,intoxicaciones,alcohol,2002-07-01,1
71104,SAN JULIAN,intoxicaciones,alcohol,2002-07-01,2
80702,SAN RAMON,intoxicaciones,alcohol,2002-07-01,2
70101,SANTA CRUZ DE LA SIERRA,intoxicaciones,alcohol,2002-07-01,11
80303,SANTA ROSA,intoxicaciones,alcohol,2002-07-01,1
30703,SICAYA,intoxicaciones,alcohol,2002-07-01,2
20601,SORATA,intoxicaciones,alcohol,2002-07-01,1
10101,SUCRE,intoxicaciones,alcohol,2002-07-01,16
60101,TARIJA,intoxicaciones,alcohol,2002-07-01,27
50102,TINGUIPAYA,intoxicaciones,alcohol,2002-07-01,1
31601,TIRAQUE (CBBA),intoxicaciones,alcohol,2002-07-01,1
70802,TRIGAL,intoxicaciones,alcohol,2002-07-01,1
50801,TUPIZA,intoxicaciones,alcohol,2002-07-01,1
20801,VIACHA,intoxicaciones,alcohol,2002-07-01,1
31003,VILLA TUNARI,intoxicaciones,alcohol,2002-07-01,1
60301,YACUIBA,intoxicaciones,alcohol,2002-07-01,1
10602,YAMPARAEZ,intoxicaciones,alcohol,2002-07-01,1
10102,YOTALA,intoxicaciones,alcohol,2002-07-01,3
20201,ACHACACHI,intoxicaciones,alcohol,2002-08-01,2
60202,BERMEJO,intoxicaciones,alcohol,2002-08-01,2
70706,CAMIRI,intoxicaciones,alcohol,2002-08-01,2
90101,COBIJA,intoxicaciones,alcohol,2002-08-01,4
30101,COCHABAMBA,intoxicaciones,alcohol,2002-08-01,6
71301,COMARAPA,intoxicaciones,alcohol,2002-08-01,1
21701,COPACABANA,intoxicaciones,alcohol,2002-08-01,1
20301,CORO CORO,intoxicaciones,alcohol,2002-08-01,1
70102,COTOCA,intoxicaciones,alcohol,2002-08-01,1
10902,CULPINA,intoxicaciones,alcohol,2002-08-01,3
20804,DESAGUADERO,intoxicaciones,alcohol,2002-08-01,1
20105,EL ALTO,intoxicaciones,alcohol,2002-08-01,38
10405,EL VILLAR,intoxicaciones,alcohol,2002-08-01,2
60601,ENTRE RIOS,intoxicaciones,alcohol,2002-08-01,3
41101,EUCALIPTUS,intoxicaciones,alcohol,2002-08-01,2
20101,LA PAZ,intoxicaciones,alcohol,2002-08-01,87
70803,MORO MORO,intoxicaciones,alcohol,2002-08-01,1
40101,ORURO,intoxicaciones,alcohol,2002-08-01,9
21104,PALOS BLANCOS,intoxicaciones,alcohol,2002-08-01,1
40802,PAMPA AULLAGAS,intoxicaciones,alcohol,2002-08-01,1
31203,POCONA,intoxicaciones,alcohol,2002-08-01,1
50101,POTOSI,intoxicaciones,alcohol,2002-08-01,11
71402,PUERTO QUIJARRO,intoxicaciones,alcohol,2002-08-01,3
31205,PUERTO VILLARROEL,intoxicaciones,alcohol,2002-08-01,1
30901,QUILLACOLLO,intoxicaciones,alcohol,2002-08-01,3
70901,SAMAIPATA,intoxicaciones,alcohol,2002-08-01,1
70301,SAN IGNACIO DE VELASCO,intoxicaciones,alcohol,2002-08-01,1
80701,SAN JOAQUIN,intoxicaciones,alcohol,2002-08-01,1
60501,SAN LORENZO(TJA),intoxicaciones,alcohol,2002-08-01,1
10702,SAN LUCAS,intoxicaciones,alcohol,2002-08-01,1
70101,SANTA CRUZ DE LA SIERRA,intoxicaciones,alcohol,2002-08-01,13
20601,SORATA,intoxicaciones,alcohol,2002-08-01,2
10101,SUCRE,intoxicaciones,alcohol,2002-08-01,8
60101,TARIJA,intoxicaciones,alcohol,2002-08-01,26
10402,TOMINA,intoxicaciones,alcohol,2002-08-01,1
80101,TRINIDAD,intoxicaciones,alcohol,2002-08-01,3
31003,VILLA TUNARI,intoxicaciones,alcohol,2002-08-01,2
11001,VILLA VACA GUZMAN (MUYUPAMPA),intoxicaciones,alcohol,2002-08-01,1
51501,VILLAZON,intoxicaciones,alcohol,2002-08-01,4
70201,WARNES,intoxicaciones,alcohol,2002-08-01,1
60301,YACUIBA,intoxicaciones,alcohol,2002-08-01,4
10102,YOTALA,intoxicaciones,alcohol,2002-08-01,2
20201,ACHACACHI,intoxicaciones,alcohol,2002-09-01,1
70706,CAMIRI,intoxicaciones,alcohol,2002-09-01,2
22001,CARANAVI,intoxicaciones,alcohol,2002-09-01,2
90101,COBIJA,intoxicaciones,alcohol,2002-09-01,2
30101,COCHABAMBA,intoxicaciones,alcohol,2002-09-01,25
31002,COLOMI,intoxicaciones,alcohol,2002-09-01,1
71301,COMARAPA,intoxicaciones,alcohol,2002-09-01,1
21401,COROICO,intoxicaciones,alcohol,2002-09-01,1
70102,COTOCA,intoxicaciones,alcohol,2002-09-01,1
10902,CULPINA,intoxicaciones,alcohol,2002-09-01,1
20105,EL ALTO,intoxicaciones,alcohol,2002-09-01,46
60601,ENTRE RIOS,intoxicaciones,alcohol,2002-09-01,2
40701,HUANUNI,intoxicaciones,alcohol,2002-09-01,2
21105,LA ASUNTA,intoxicaciones,alcohol,2002-09-01,2
20101,LA PAZ,intoxicaciones,alcohol,2002-09-01,90
70803,MORO MORO,intoxicaciones,alcohol,2002-09-01,1
40602,PAZÑA,intoxicaciones,alcohol,2002-09-01,1
50101,POTOSI,intoxicaciones,alcohol,2002-09-01,21
71402,PUERTO QUIJARRO,intoxicaciones,alcohol,2002-09-01,4
71401,PUERTO SUAREZ,intoxicaciones,alcohol,2002-09-01,2
30901,QUILLACOLLO,intoxicaciones,alcohol,2002-09-01,1
21002,QUIME,intoxicaciones,alcohol,2002-09-01,1
70904,QUIRUSILLAS,intoxicaciones,alcohol,2002-09-01,1
70901,SAMAIPATA,intoxicaciones,alcohol,2002-09-01,1
80302,SAN BORJA,intoxicaciones,alcohol,2002-09-01,2
71104,SAN JULIAN,intoxicaciones,alcohol,2002-09-01,2
60501,SAN LORENZO(TJA),intoxicaciones,alcohol,2002-09-01,1
50501,SAN PEDRO DE BUENA VISTA,intoxicaciones,alcohol,2002-09-01,3
21702,SAN PEDRO DE TIQUINA,intoxicaciones,alcohol,2002-09-01,1
70101,SANTA CRUZ DE LA SIERRA,intoxicaciones,alcohol,2002-09-01,10
70602,SANTA ROSA DEL SARA,intoxicaciones,alcohol,2002-09-01,2
41401,SANTIAGO DE HUARI,intoxicaciones,alcohol,2002-09-01,1
30902,SIPE SIPE,intoxicaciones,alcohol,2002-09-01,2
20601,SORATA,intoxicaciones,alcohol,2002-09-01,1
10101,SUCRE,intoxicaciones,alcohol,2002-09-01,15
60101,TARIJA,intoxicaciones,alcohol,2002-09-01,27
20606,TIPUANI,intoxicaciones,alcohol,2002-09-01,1
31601,TIRAQUE (CBBA),intoxicaciones,alcohol,2002-09-01,1
10402,TOMINA,intoxicaciones,alcohol,2002-09-01,1
80101,TRINIDAD,intoxicaciones,alcohol,2002-09-01,2
31003,VILLA TUNARI,intoxicaciones,alcohol,2002-09-01,1
51501,VILLAZON,intoxicaciones,alcohol,2002-09-01,6
70201,WARNES,intoxicaciones,alcohol,2002-09-01,3
60301,YACUIBA,intoxicaciones,alcohol,2002-09-01,6
10102,YOTALA,intoxicaciones,alcohol,2002-09-01,2
20201,ACHACACHI,intoxicaciones,alcohol,2002-10-01,3
70706,CAMIRI,intoxicaciones,alcohol,2002-10-01,6
22001,CARANAVI,intoxicaciones,alcohol,2002-10-01,1
40201,CHALLAPATA,intoxicaciones,alcohol,2002-10-01,1
50302,CHAQUI,intoxicaciones,alcohol,2002-10-01,1
90101,COBIJA,intoxicaciones,alcohol,2002-10-01,2
30101,COCHABAMBA,intoxicaciones,alcohol,2002-10-01,11
21401,COROICO,intoxicaciones,alcohol,2002-10-01,1
70704,CUEVO,intoxicaciones,alcohol,2002-10-01,1
20105,EL ALTO,intoxicaciones,alcohol,2002-10-01,50
60601,ENTRE RIOS,intoxicaciones,alcohol,2002-10-01,2
80202,GUAYARAMERIN,intoxicaciones,alcohol,2002-10-01,1
40701,HUANUNI,intoxicaciones,alcohol,2002-10-01,2
21105,LA ASUNTA,intoxicaciones,alcohol,2002-10-01,1
20101,LA PAZ,intoxicaciones,alcohol,2002-10-01,95
71003,MINEROS,intoxicaciones,alcohol,2002-10-01,3
10303,MOJOCOYA,intoxicaciones,alcohol,2002-10-01,1
71001,MONTERO,intoxicaciones,alcohol,2002-10-01,1
70803,MORO MORO,intoxicaciones,alcohol,2002-10-01,1
70502,PAILON,intoxicaciones,alcohol,2002-10-01,1
70902,PAMPA GRANDE,intoxicaciones,alcohol,2002-10-01,5
70601,PORTACHUELO,intoxicaciones,alcohol,2002-10-01,1
50101,POTOSI,intoxicaciones,alcohol,2002-10-01,22
71402,PUERTO QUIJARRO,intoxicaciones,alcohol,2002-10-01,4
31205,PUERTO VILLARROEL,intoxicaciones,alcohol,2002-10-01,1
30901,QUILLACOLLO,intoxicaciones,alcohol,2002-10-01,2
70503,ROBORE,intoxicaciones,alcohol,2002-10-01,2
80302,SAN BORJA,intoxicaciones,alcohol,2002-10-01,1
70301,SAN IGNACIO DE VELASCO,intoxicaciones,alcohol,2002-10-01,2
71104,SAN JULIAN,intoxicaciones,alcohol,2002-10-01,2
71201,SAN MATIAS,intoxicaciones,alcohol,2002-10-01,1
70303,SAN RAFAEL,intoxicaciones,alcohol,2002-10-01,1
70101,SANTA CRUZ DE LA SIERRA,intoxicaciones,alcohol,2002-10-01,12
10101,SUCRE,intoxicaciones,alcohol,2002-10-01,15
30602,TACOPAYA,intoxicaciones,alcohol,2002-10-01,1
30401,TARATA,intoxicaciones,alcohol,2002-10-01,2
60101,TARIJA,intoxicaciones,alcohol,2002-10-01,55
20803,TIAWANACU,intoxicaciones,alcohol,2002-10-01,1
50102,TINGUIPAYA,intoxicaciones,alcohol,2002-10-01,1
20606,TIPUANI,intoxicaciones,alcohol,2002-10-01,1
30903,TIQUIPAYA,intoxicaciones,alcohol,2002-10-01,4
50801,TUPIZA,intoxicaciones,alcohol,2002-10-01,1
60303,VILLA MONTES,intoxicaciones,alcohol,2002-10-01,3
31003,VILLA TUNARI,intoxicaciones,alcohol,2002-10-01,2
60301,YACUIBA,intoxicaciones,alcohol,2002-10-01,15
10102,YOTALA,intoxicaciones,alcohol,2002-10-01,2
20201,ACHACACHI,intoxicaciones,alcohol,2002-11-01,2
30501,ARANI,intoxicaciones,alcohol,2002-11-01,1
60202,BERMEJO,intoxicaciones,alcohol,2002-11-01,3
70707,BOYUIBE,intoxicaciones,alcohol,2002-11-01,1
70703,CABEZAS,intoxicaciones,alcohol,2002-11-01,1
10701,CAMARGO,intoxicaciones,alcohol,2002-11-01,2
70706,CAMIRI,intoxicaciones,alcohol,2002-11-01,2
30701,CAPINOTA,intoxicaciones,alcohol,2002-11-01,1
70702,CHARAGUA,intoxicaciones,alcohol,2002-11-01,1
30101,COCHABAMBA,intoxicaciones,alcohol,2002-11-01,8
21402,CORIPATA,intoxicaciones,alcohol,2002-11-01,1
20301,CORO CORO,intoxicaciones,alcohol,2002-11-01,2
20105,EL ALTO,intoxicaciones,alcohol,2002-11-01,42
60502,EL PUENTE(TJA),intoxicaciones,alcohol,2002-11-01,1
20602,GUANAY,intoxicaciones,alcohol,2002-11-01,6
40701,HUANUNI,intoxicaciones,alcohol,2002-11-01,5
20101,LA PAZ,intoxicaciones,alcohol,2002-11-01,68
50203,LLALLAGUA,intoxicaciones,alcohol,2002-11-01,2
71003,MINEROS,intoxicaciones,alcohol,2002-11-01,1
71001,MONTERO,intoxicaciones,alcohol,2002-11-01,4
70803,MORO MORO,intoxicaciones,alcohol,2002-11-01,1
90401,NACEBE (SANTA ROSA DEL ABUNA),intoxicaciones,alcohol,2002-11-01,1
40101,ORURO,intoxicaciones,alcohol,2002-11-01,4
70502,PAILON,intoxicaciones,alcohol,2002-11-01,2
21305,PATACAMAYA,intoxicaciones,alcohol,2002-11-01,2
50101,POTOSI,intoxicaciones,alcohol,2002-11-01,11
71401,PUERTO SUAREZ,intoxicaciones,alcohol,2002-11-01,1
31205,PUERTO VILLARROEL,intoxicaciones,alcohol,2002-11-01,3
30901,QUILLACOLLO,intoxicaciones,alcohol,2002-11-01,4
21002,QUIME,intoxicaciones,alcohol,2002-11-01,2
31001,SACABA,intoxicaciones,alcohol,2002-11-01,2
30404,SACABAMBA,intoxicaciones,alcohol,2002-11-01,1
80501,SAN IGNACIO,intoxicaciones,alcohol,2002-11-01,1
71104,SAN JULIAN,intoxicaciones,alcohol,2002-11-01,2
60501,SAN LORENZO(TJA),intoxicaciones,alcohol,2002-11-01,1
70302,SAN MIGUEL DE VELASCO,intoxicaciones,alcohol,2002-11-01,2
70101,SANTA CRUZ DE LA SIERRA,intoxicaciones,alcohol,2002-11-01,10
20601,SORATA,intoxicaciones,alcohol,2002-11-01,1
10101,SUCRE,intoxicaciones,alcohol,2002-11-01,12
20603,TACACOMA,intoxicaciones,alcohol,2002-11-01,1
10601,TARABUCO,intoxicaciones,alcohol,2002-11-01,2
30401,TARATA,intoxicaciones,alcohol,2002-11-01,2
60101,TARIJA,intoxicaciones,alcohol,2002-11-01,37
20803,TIAWANACU,intoxicaciones,alcohol,2002-11-01,1
30903,TIQUIPAYA,intoxicaciones,alcohol,2002-11-01,2
31601,TIRAQUE (CBBA),intoxicaciones,alcohol,2002-11-01,1
10402,TOMINA,intoxicaciones,alcohol,2002-11-01,7
70802,TRIGAL,intoxicaciones,alcohol,2002-11-01,3
80101,TRINIDAD,intoxicaciones,alcohol,2002-11-01,1
60401,URIONDO (A. CONCEPCION),intoxicaciones,alcohol,2002-11-01,1
60303,VILLA MONTES,intoxicaciones,alcohol,2002-11-01,2
31003,VILLA TUNARI,intoxicaciones,alcohol,2002-11-01,3
51501,VILLAZON,intoxicaciones,alcohol,2002-11-01,1
60301,YACUIBA,intoxicaciones,alcohol,2002-11-01,3
10301,ZUDAÑEZ,intoxicaciones,alcohol,2002-11-01,1
20201,ACHACACHI,intoxicaciones,alcohol,2002-12-01,3
20104,ACHOCALLA,intoxicaciones,alcohol,2002-12-01,2
20701,APOLO,intoxicaciones,alcohol,2002-12-01,2
60202,BERMEJO,intoxicaciones,alcohol,2002-12-01,3
70703,CABEZAS,intoxicaciones,alcohol,2002-12-01,4
21304,CALAMARCA,intoxicaciones,alcohol,2002-12-01,1
10701,CAMARGO,intoxicaciones,alcohol,2002-12-01,1
70706,CAMIRI,intoxicaciones,alcohol,2002-12-01,1
30701,CAPINOTA,intoxicaciones,alcohol,2002-12-01,2
40102,CARACOLLO,intoxicaciones,alcohol,2002-12-01,1
22001,CARANAVI,intoxicaciones,alcohol,2002-12-01,1
50202,CHAYANTA,intoxicaciones,alcohol,2002-12-01,2
31204,CHIMORE,intoxicaciones,alcohol,2002-12-01,1
40302,CHOQUE COTA,intoxicaciones,alcohol,2002-12-01,2
90101,COBIJA,intoxicaciones,alcohol,2002-12-01,3
30101,COCHABAMBA,intoxicaciones,alcohol,2002-12-01,8
21701,COPACABANA,intoxicaciones,alcohol,2002-12-01,1
21401,COROICO,intoxicaciones,alcohol,2002-12-01,1
40301,CORQUE,intoxicaciones,alcohol,2002-12-01,1
70704,CUEVO,intoxicaciones,alcohol,2002-12-01,1
20105,EL ALTO,intoxicaciones,alcohol,2002-12-01,43
10405,EL VILLAR,intoxicaciones,alcohol,2002-12-01,2
60601,ENTRE RIOS,intoxicaciones,alcohol,2002-12-01,2
80202,GUAYARAMERIN,intoxicaciones,alcohol,2002-12-01,1
40701,HUANUNI,intoxicaciones,alcohol,2002-12-01,3
70104,LA GUARDIA,intoxicaciones,alcohol,2002-12-01,2
20101,LA PAZ,intoxicaciones,alcohol,2002-12-01,81
50203,LLALLAGUA,intoxicaciones,alcohol,2002-12-01,2
80801,MAGDALENA,intoxicaciones,alcohol,2002-12-01,3
71003,MINEROS,intoxicaciones,alcohol,2002-12-01,1
10303,MOJOCOYA,intoxicaciones,alcohol,2002-12-01,3
71001,MONTERO,intoxicaciones,alcohol,2002-12-01,1
70202,OKINAWA,intoxicaciones,alcohol,2002-12-01,1
40101,ORURO,intoxicaciones,alcohol,2002-12-01,2
21305,PATACAMAYA,intoxicaciones,alcohol,2002-12-01,1
31202,POJO (CBBA),intoxicaciones,alcohol,2002-12-01,1
70601,PORTACHUELO,intoxicaciones,alcohol,2002-12-01,2
50101,POTOSI,intoxicaciones,alcohol,2002-12-01,28
31401,PUNATA,intoxicaciones,alcohol,2002-12-01,4
30901,QUILLACOLLO,intoxicaciones,alcohol,2002-12-01,2
31001,SACABA,intoxicaciones,alcohol,2002-12-01,4
30404,SACABAMBA,intoxicaciones,alcohol,2002-12-01,1
70901,SAMAIPATA,intoxicaciones,alcohol,2002-12-01,2
70402,SAN CARLOS,intoxicaciones,alcohol,2002-12-01,1
80501,SAN IGNACIO,intoxicaciones,alcohol,2002-12-01,1
70301,SAN IGNACIO DE VELASCO,intoxicaciones,alcohol,2002-12-01,2
80701,SAN JOAQUIN,intoxicaciones,alcohol,2002-12-01,1
80702,SAN RAMON,intoxicaciones,alcohol,2002-12-01,2
80702,SAN RAMON,intoxicaciones,alcohol,2002-12-01,1
80401,SANTA ANA,intoxicaciones,alcohol,2002-12-01,1
70101,SANTA CRUZ DE LA SIERRA,intoxicaciones,alcohol,2002-12-01,21
70602,SANTA ROSA DEL SARA,intoxicaciones,alcohol,2002-12-01,1
20601,SORATA,intoxicaciones,alcohol,2002-12-01,1
10101,SUCRE,intoxicaciones,alcohol,2002-12-01,13
20603,TACACOMA,intoxicaciones,alcohol,2002-12-01,1
60101,TARIJA,intoxicaciones,alcohol,2002-12-01,34
20803,TIAWANACU,intoxicaciones,alcohol,2002-12-01,1
31201,TOTORA(CBBA),intoxicaciones,alcohol,2002-12-01,1
80101,TRINIDAD,intoxicaciones,alcohol,2002-12-01,5
50201,UNCIA,intoxicaciones,alcohol,2002-12-01,1
60303,VILLA MONTES,intoxicaciones,alcohol,2002-12-01,7
51501,VILLAZON,intoxicaciones,alcohol,2002-12-01,3
30904,VINTO,intoxicaciones,alcohol,2002-12-01,1
60301,YACUIBA,intoxicaciones,alcohol,2002-12-01,5
10602,YAMPARAEZ,intoxicaciones,alcohol,2002-12-01,1
10102,YOTALA,intoxicaciones,alcohol,2002-12-01,1
20201,ACHACACHI,intoxicaciones,alcohol,2003-01-01,2
30201,AIQUILE,intoxicaciones,alcohol,2003-01-01,1
60202,BERMEJO,intoxicaciones,alcohol,2003-01-01,3
70703,CABEZAS,intoxicaciones,alcohol,2003-01-01,2
10701,CAMARGO,intoxicaciones,alcohol,2003-01-01,1
70706,CAMIRI,intoxicaciones,alcohol,2003-01-01,3
60302,CARAPARI,intoxicaciones,alcohol,2003-01-01,1
90101,COBIJA,intoxicaciones,alcohol,2003-01-01,2
30101,COCHABAMBA,intoxicaciones,alcohol,2003-01-01,12
20105,EL ALTO,intoxicaciones,alcohol,2003-01-01,48
60601,ENTRE RIOS,intoxicaciones,alcohol,2003-01-01,3
71002,GENERAL SAAVEDRA,intoxicaciones,alcohol,2003-01-01,1
40701,HUANUNI,intoxicaciones,alcohol,2003-01-01,6
20101,LA PAZ,intoxicaciones,alcohol,2003-01-01,71
50203,LLALLAGUA,intoxicaciones,alcohol,2003-01-01,2
20901,LURIBAY,intoxicaciones,alcohol,2003-01-01,1
40702,MACHACAMARCA,intoxicaciones,alcohol,2003-01-01,1
71001,MONTERO,intoxicaciones,alcohol,2003-01-01,1
40101,ORURO,intoxicaciones,alcohol,2003-01-01,4
70502,PAILON,intoxicaciones,alcohol,2003-01-01,1
21305,PATACAMAYA,intoxicaciones,alcohol,2003-01-01,2
31202,POJO (CBBA),intoxicaciones,alcohol,2003-01-01,1
40601,POOPO,intoxicaciones,alcohol,2003-01-01,1
70601,PORTACHUELO,intoxicaciones,alcohol,2003-01-01,3
50101,POTOSI,intoxicaciones,alcohol,2003-01-01,34
71402,PUERTO QUIJARRO,intoxicaciones,alcohol,2003-01-01,1
71401,PUERTO SUAREZ,intoxicaciones,alcohol,2003-01-01,1
31205,PUERTO VILLARROEL,intoxicaciones,alcohol,2003-01-01,5
30901,QUILLACOLLO,intoxicaciones,alcohol,2003-01-01,2
70503,ROBORE,intoxicaciones,alcohol,2003-01-01,1
31001,SACABA,intoxicaciones,alcohol,2003-01-01,2
70901,SAMAIPATA,intoxicaciones,alcohol,2003-01-01,1
80302,SAN BORJA,intoxicaciones,alcohol,2003-01-01,2
70301,SAN IGNACIO DE VELASCO,intoxicaciones,alcohol,2003-01-01,2
71104,SAN JULIAN,intoxicaciones,alcohol,2003-01-01,2
21702,SAN PEDRO DE TIQUINA,intoxicaciones,alcohol,2003-01-01,1
70101,SANTA CRUZ DE LA SIERRA,intoxicaciones,alcohol,2003-01-01,33
70602,SANTA ROSA DEL SARA,intoxicaciones,alcohol,2003-01-01,2
30902,SIPE SIPE,intoxicaciones,alcohol,2003-01-01,1
10101,SUCRE,intoxicaciones,alcohol,2003-01-01,19
10601,TARABUCO,intoxicaciones,alcohol,2003-01-01,1
30401,TARATA,intoxicaciones,alcohol,2003-01-01,1
60101,TARIJA,intoxicaciones,alcohol,2003-01-01,33
20803,TIAWANACU,intoxicaciones,alcohol,2003-01-01,1
31601,TIRAQUE (CBBA),intoxicaciones,alcohol,2003-01-01,1
10402,TOMINA,intoxicaciones,alcohol,2003-01-01,1
80101,TRINIDAD,intoxicaciones,alcohol,2003-01-01,1
50801,TUPIZA,intoxicaciones,alcohol,2003-01-01,2
60401,URIONDO (A. CONCEPCION),intoxicaciones,alcohol,2003-01-01,4
20801,VIACHA,intoxicaciones,alcohol,2003-01-01,1
60303,VILLA MONTES,intoxicaciones,alcohol,2003-01-01,2
31003,VILLA TUNARI,intoxicaciones,alcohol,2003-01-01,8
51501,VILLAZON,intoxicaciones,alcohol,2003-01-01,9
60301,YACUIBA,intoxicaciones,alcohol,2003-01-01,4
10102,YOTALA,intoxicaciones,alcohol,2003-01-01,2
20701,APOLO,intoxicaciones,alcohol,2003-02-01,1
70703,CABEZAS,intoxicaciones,alcohol,2003-02-01,1
20905,CAIROMA,intoxicaciones,alcohol,2003-02-01,1
70706,CAMIRI,intoxicaciones,alcohol,2003-02-01,6
22001,CARANAVI,intoxicaciones,alcohol,2003-02-01,2
70702,CHARAGUA,intoxicaciones,alcohol,2003-02-01,1
31204,CHIMORE,intoxicaciones,alcohol,2003-02-01,1
30101,COCHABAMBA,intoxicaciones,alcohol,2003-02-01,10
21701,COPACABANA,intoxicaciones,alcohol,2003-02-01,1
20105,EL ALTO,intoxicaciones,alcohol,2003-02-01,33
60502,EL PUENTE(TJA),intoxicaciones,alcohol,2003-02-01,1
60601,ENTRE RIOS,intoxicaciones,alcohol,2003-02-01,2
10502,HUACARETA,intoxicaciones,alcohol,2003-02-01,1
20101,LA PAZ,intoxicaciones,alcohol,2003-02-01,63
10903,LAS CARRERAS,intoxicaciones,alcohol,2003-02-01,1
50203,LLALLAGUA,intoxicaciones,alcohol,2003-02-01,2
70903,MAIRANA,intoxicaciones,alcohol,2003-02-01,1
20904,MALLA,intoxicaciones,alcohol,2003-02-01,1
71003,MINEROS,intoxicaciones,alcohol,2003-02-01,2
71001,MONTERO,intoxicaciones,alcohol,2003-02-01,1
70803,MORO MORO,intoxicaciones,alcohol,2003-02-01,1
40101,ORURO,intoxicaciones,alcohol,2003-02-01,2
31202,POJO (CBBA),intoxicaciones,alcohol,2003-02-01,2
50101,POTOSI,intoxicaciones,alcohol,2003-02-01,27
21204,PUERTO PEREZ,intoxicaciones,alcohol,2003-02-01,1
30901,QUILLACOLLO,intoxicaciones,alcohol,2003-02-01,4
31001,SACABA,intoxicaciones,alcohol,2003-02-01,2
70901,SAMAIPATA,intoxicaciones,alcohol,2003-02-01,1
80302,SAN BORJA,intoxicaciones,alcohol,2003-02-01,1
70301,SAN IGNACIO DE VELASCO,intoxicaciones,alcohol,2003-02-01,1
71102,SAN JAVIER(STC),intoxicaciones,alcohol,2003-02-01,1
71104,SAN JULIAN,intoxicaciones,alcohol,2003-02-01,2
90302,SAN LORENZO(PND),intoxicaciones,alcohol,2003-02-01,1
70101,SANTA CRUZ DE LA SIERRA,intoxicaciones,alcohol,2003-02-01,9
10101,SUCRE,intoxicaciones,alcohol,2003-02-01,17
10601,TARABUCO,intoxicaciones,alcohol,2003-02-01,1
60101,TARIJA,intoxicaciones,alcohol,2003-02-01,21
50801,TUPIZA,intoxicaciones,alcohol,2003-02-01,1
60401,URIONDO (A. CONCEPCION),intoxicaciones,alcohol,2003-02-01,1
51501,VILLAZON,intoxicaciones,alcohol,2003-02-01,1
60301,YACUIBA,intoxicaciones,alcohol,2003-02-01,1
20201,ACHACACHI,intoxicaciones,alcohol,2003-03-01,2
71501,ASCENCION DE GUARAYOS,intoxicaciones,alcohol,2003-03-01,1
10701,CAMARGO,intoxicaciones,alcohol,2003-03-01,1
70706,CAMIRI,intoxicaciones,alcohol,2003-03-01,6
22001,CARANAVI,intoxicaciones,alcohol,2003-03-01,1
30101,COCHABAMBA,intoxicaciones,alcohol,2003-03-01,12
31002,COLOMI,intoxicaciones,alcohol,2003-03-01,1
71301,COMARAPA,intoxicaciones,alcohol,2003-03-01,2
21701,COPACABANA,intoxicaciones,alcohol,2003-03-01,1
70102,COTOCA,intoxicaciones,alcohol,2003-03-01,1
20105,EL ALTO,intoxicaciones,alcohol,2003-03-01,58
60502,EL PUENTE(TJA),intoxicaciones,alcohol,2003-03-01,3
70105,EL TORNO,intoxicaciones,alcohol,2003-03-01,1
60601,ENTRE RIOS,intoxicaciones,alcohol,2003-03-01,2
20602,GUANAY,intoxicaciones,alcohol,2003-03-01,1
80202,GUAYARAMERIN,intoxicaciones,alcohol,2003-03-01,1
20101,LA PAZ,intoxicaciones,alcohol,2003-03-01,89
50203,LLALLAGUA,intoxicaciones,alcohol,2003-03-01,2
11003,MACHARETI,intoxicaciones,alcohol,2003-03-01,1
70903,MAIRANA,intoxicaciones,alcohol,2003-03-01,1
71003,MINEROS,intoxicaciones,alcohol,2003-03-01,1
31301,MIZQUE,intoxicaciones,alcohol,2003-03-01,2
10501,MONTEAGUDO,intoxicaciones,alcohol,2003-03-01,3
71001,MONTERO,intoxicaciones,alcohol,2003-03-01,4
70803,MORO MORO,intoxicaciones,alcohol,2003-03-01,1
40101,ORURO,intoxicaciones,alcohol,2003-03-01,2
70502,PAILON,intoxicaciones,alcohol,2003-03-01,1
70601,PORTACHUELO,intoxicaciones,alcohol,2003-03-01,1
50101,POTOSI,intoxicaciones,alcohol,2003-03-01,25
71402,PUERTO QUIJARRO,intoxicaciones,alcohol,2003-03-01,2
71401,PUERTO SUAREZ,intoxicaciones,alcohol,2003-03-01,2
30901,QUILLACOLLO,intoxicaciones,alcohol,2003-03-01,6
31001,SACABA,intoxicaciones,alcohol,2003-03-01,3
70301,SAN IGNACIO DE VELASCO,intoxicaciones,alcohol,2003-03-01,3
71104,SAN JULIAN,intoxicaciones,alcohol,2003-03-01,2
70101,SANTA CRUZ DE LA SIERRA,intoxicaciones,alcohol,2003-03-01,14
70602,SANTA ROSA DEL SARA,intoxicaciones,alcohol,2003-03-01,1
10101,SUCRE,intoxicaciones,alcohol,2003-03-01,19
60101,TARIJA,intoxicaciones,alcohol,2003-03-01,53
70802,TRIGAL,intoxicaciones,alcohol,2003-03-01,2
80101,TRINIDAD,intoxicaciones,alcohol,2003-03-01,1
50801,TUPIZA,intoxicaciones,alcohol,2003-03-01,2
60401,URIONDO (A. CONCEPCION),intoxicaciones,alcohol,2003-03-01,2
30502,VACAS,intoxicaciones,alcohol,2003-03-01,1
70801,VALLEGRANDE,intoxicaciones,alcohol,2003-03-01,6
60303,VILLA MONTES,intoxicaciones,alcohol,2003-03-01,1
31003,VILLA TUNARI,intoxicaciones,alcohol,2003-03-01,2
51501,VILLAZON,intoxicaciones,alcohol,2003-03-01,3
60301,YACUIBA,intoxicaciones,alcohol,2003-03-01,4
10102,YOTALA,intoxicaciones,alcohol,2003-03-01,3
20201,ACHACACHI,intoxicaciones,alcohol,2003-04-01,1
21203,BATALLAS,intoxicaciones,alcohol,2003-04-01,1
60202,BERMEJO,intoxicaciones,alcohol,2003-04-01,2
50301,BETANZOS,intoxicaciones,alcohol,2003-04-01,1
90103,BOLPEBRA,intoxicaciones,alcohol,2003-04-01,1
70706,CAMIRI,intoxicaciones,alcohol,2003-04-01,3
22001,CARANAVI,intoxicaciones,alcohol,2003-04-01,5
60302,CARAPARI,intoxicaciones,alcohol,2003-04-01,1
30101,COCHABAMBA,intoxicaciones,alcohol,2003-04-01,14
21701,COPACABANA,intoxicaciones,alcohol,2003-04-01,2
21401,COROICO,intoxicaciones,alcohol,2003-04-01,1
20105,EL ALTO,intoxicaciones,alcohol,2003-04-01,45
60502,EL PUENTE(TJA),intoxicaciones,alcohol,2003-04-01,2
10405,EL VILLAR,intoxicaciones,alcohol,2003-04-01,1
60601,ENTRE RIOS,intoxicaciones,alcohol,2003-04-01,2
41101,EUCALIPTUS,intoxicaciones,alcohol,2003-04-01,1
70104,LA GUARDIA,intoxicaciones,alcohol,2003-04-01,2
20101,LA PAZ,intoxicaciones,alcohol,2003-04-01,71
50203,LLALLAGUA,intoxicaciones,alcohol,2003-04-01,6
70903,MAIRANA,intoxicaciones,alcohol,2003-04-01,3
71003,MINEROS,intoxicaciones,alcohol,2003-04-01,1
31301,MIZQUE,intoxicaciones,alcohol,2003-04-01,1
10501,MONTEAGUDO,intoxicaciones,alcohol,2003-04-01,1
40101,ORURO,intoxicaciones,alcohol,2003-04-01,7
10401,PADILLA,intoxicaciones,alcohol,2003-04-01,1
70902,PAMPA GRANDE,intoxicaciones,alcohol,2003-04-01,1
31202,POJO (CBBA),intoxicaciones,alcohol,2003-04-01,1
50101,POTOSI,intoxicaciones,alcohol,2003-04-01,21
71401,PUERTO SUAREZ,intoxicaciones,alcohol,2003-04-01,5
51101,PUNA,intoxicaciones,alcohol,2003-04-01,2
30901,QUILLACOLLO,intoxicaciones,alcohol,2003-04-01,3
31001,SACABA,intoxicaciones,alcohol,2003-04-01,5
50701,SACACA,intoxicaciones,alcohol,2003-04-01,2
31403,SAN BENITO,intoxicaciones,alcohol,2003-04-01,1
80302,SAN BORJA,intoxicaciones,alcohol,2003-04-01,2
70301,SAN IGNACIO DE VELASCO,intoxicaciones,alcohol,2003-04-01,1
70101,SANTA CRUZ DE LA SIERRA,intoxicaciones,alcohol,2003-04-01,31
70602,SANTA ROSA DEL SARA,intoxicaciones,alcohol,2003-04-01,1
30902,SIPE SIPE,intoxicaciones,alcohol,2003-04-01,1
20601,SORATA,intoxicaciones,alcohol,2003-04-01,1
10101,SUCRE,intoxicaciones,alcohol,2003-04-01,23
50303,TACOBAMBA,intoxicaciones,alcohol,2003-04-01,1
60101,TARIJA,intoxicaciones,alcohol,2003-04-01,53
70802,TRIGAL,intoxicaciones,alcohol,2003-04-01,1
80101,TRINIDAD,intoxicaciones,alcohol,2003-04-01,1
50801,TUPIZA,intoxicaciones,alcohol,2003-04-01,2
70801,VALLEGRANDE,intoxicaciones,alcohol,2003-04-01,1
60303,VILLA MONTES,intoxicaciones,alcohol,2003-04-01,1
31003,VILLA TUNARI,intoxicaciones,alcohol,2003-04-01,2
51501,VILLAZON,intoxicaciones,alcohol,2003-04-01,1
70201,WARNES,intoxicaciones,alcohol,2003-04-01,1
60301,YACUIBA,intoxicaciones,alcohol,2003-04-01,1
10102,YOTALA,intoxicaciones,alcohol,2003-04-01,1
30601,ARQUE,intoxicaciones,alcohol,2003-05-01,1
10701,CAMARGO,intoxicaciones,alcohol,2003-05-01,3
70706,CAMIRI,intoxicaciones,alcohol,2003-05-01,6
22001,CARANAVI,intoxicaciones,alcohol,2003-05-01,1
40201,CHALLAPATA,intoxicaciones,alcohol,2003-05-01,3
21101,CHULUMANI (V. DE LA LIBERTAD),intoxicaciones,alcohol,2003-05-01,2
30801,CLIZA,intoxicaciones,alcohol,2003-05-01,2
30101,COCHABAMBA,intoxicaciones,alcohol,2003-05-01,10
21701,COPACABANA,intoxicaciones,alcohol,2003-05-01,1
20105,EL ALTO,intoxicaciones,alcohol,2003-05-01,40
80202,GUAYARAMERIN,intoxicaciones,alcohol,2003-05-01,2
10502,HUACARETA,intoxicaciones,alcohol,2003-05-01,1
20101,LA PAZ,intoxicaciones,alcohol,2003-05-01,47
70701,LAGUNILLAS,intoxicaciones,alcohol,2003-05-01,1
50203,LLALLAGUA,intoxicaciones,alcohol,2003-05-01,1
71003,MINEROS,intoxicaciones,alcohol,2003-05-01,3
10501,MONTEAGUDO,intoxicaciones,alcohol,2003-05-01,4
71001,MONTERO,intoxicaciones,alcohol,2003-05-01,1
40101,ORURO,intoxicaciones,alcohol,2003-05-01,9
21104,PALOS BLANCOS,intoxicaciones,alcohol,2003-05-01,1
50101,POTOSI,intoxicaciones,alcohol,2003-05-01,12
21204,PUERTO PEREZ,intoxicaciones,alcohol,2003-05-01,1
31205,PUERTO VILLARROEL,intoxicaciones,alcohol,2003-05-01,1
30901,QUILLACOLLO,intoxicaciones,alcohol,2003-05-01,1
31001,SACABA,intoxicaciones,alcohol,2003-05-01,7
30404,SACABAMBA,intoxicaciones,alcohol,2003-05-01,1
70901,SAMAIPATA,intoxicaciones,alcohol,2003-05-01,2
80302,SAN BORJA,intoxicaciones,alcohol,2003-05-01,2
70301,SAN IGNACIO DE VELASCO,intoxicaciones,alcohol,2003-05-01,2
90302,SAN LORENZO(PND),intoxicaciones,alcohol,2003-05-01,1
60501,SAN LORENZO(TJA),intoxicaciones,alcohol,2003-05-01,3
70101,SANTA CRUZ DE LA SIERRA,intoxicaciones,alcohol,2003-05-01,33
70602,SANTA ROSA DEL SARA,intoxicaciones,alcohol,2003-05-01,1
30902,SIPE SIPE,intoxicaciones,alcohol,2003-05-01,2
10101,SUCRE,intoxicaciones,alcohol,2003-05-01,23
10601,TARABUCO,intoxicaciones,alcohol,2003-05-01,1
30401,TARATA,intoxicaciones,alcohol,2003-05-01,1
60101,TARIJA,intoxicaciones,alcohol,2003-05-01,27
60401,URIONDO (A. CONCEPCION),intoxicaciones,alcohol,2003-05-01,1
70801,VALLEGRANDE,intoxicaciones,alcohol,2003-05-01,1
60303,VILLA MONTES,intoxicaciones,alcohol,2003-05-01,1
60301,YACUIBA,intoxicaciones,alcohol,2003-05-01,1
70403,YAPACANI,intoxicaciones,alcohol,2003-05-01,3
10102,YOTALA,intoxicaciones,alcohol,2003-05-01,1
20701,APOLO,intoxicaciones,alcohol,2003-06-01,1
50802,ATOCHA,intoxicaciones,alcohol,2003-06-01,1
10201,AZURDUY,intoxicaciones,alcohol,2003-06-01,2
70706,CAMIRI,intoxicaciones,alcohol,2003-06-01,4
60302,CARAPARI,intoxicaciones,alcohol,2003-06-01,1
30801,CLIZA,intoxicaciones,alcohol,2003-06-01,2
90101,COBIJA,intoxicaciones,alcohol,2003-06-01,1
30101,COCHABAMBA,intoxicaciones,alcohol,2003-06-01,15
21701,COPACABANA,intoxicaciones,alcohol,2003-06-01,2
21401,COROICO,intoxicaciones,alcohol,2003-06-01,1
20804,DESAGUADERO,intoxicaciones,alcohol,2003-06-01,1
20105,EL ALTO,intoxicaciones,alcohol,2003-06-01,29
60502,EL PUENTE(TJA),intoxicaciones,alcohol,2003-06-01,1
60601,ENTRE RIOS,intoxicaciones,alcohol,2003-06-01,1
70705,GUTIERREZ,intoxicaciones,alcohol,2003-06-01,1
20101,LA PAZ,intoxicaciones,alcohol,2003-06-01,51
50203,LLALLAGUA,intoxicaciones,alcohol,2003-06-01,3
71003,MINEROS,intoxicaciones,alcohol,2003-06-01,1
71001,MONTERO,intoxicaciones,alcohol,2003-06-01,7
40101,ORURO,intoxicaciones,alcohol,2003-06-01,4
70502,PAILON,intoxicaciones,alcohol,2003-06-01,2
21104,PALOS BLANCOS,intoxicaciones,alcohol,2003-06-01,1
70902,PAMPA GRANDE,intoxicaciones,alcohol,2003-06-01,2
21305,PATACAMAYA,intoxicaciones,alcohol,2003-06-01,1
31203,POCONA,intoxicaciones,alcohol,2003-06-01,1
50101,POTOSI,intoxicaciones,alcohol,2003-06-01,9
71402,PUERTO QUIJARRO,intoxicaciones,alcohol,2003-06-01,2
71401,PUERTO SUAREZ,intoxicaciones,alcohol,2003-06-01,1
21002,QUIME,intoxicaciones,alcohol,2003-06-01,3
31001,SACABA,intoxicaciones,alcohol,2003-06-01,3
50701,SACACA,intoxicaciones,alcohol,2003-06-01,1
71105,SAN ANTONIO DE LOMERIO,intoxicaciones,alcohol,2003-06-01,1
80501,SAN IGNACIO,intoxicaciones,alcohol,2003-06-01,1
70301,SAN IGNACIO DE VELASCO,intoxicaciones,alcohol,2003-06-01,2
60501,SAN LORENZO(TJA),intoxicaciones,alcohol,2003-06-01,1
50501,SAN PEDRO DE BUENA VISTA,intoxicaciones,alcohol,2003-06-01,1
80702,SAN RAMON,intoxicaciones,alcohol,2003-06-01,2
70101,SANTA CRUZ DE LA SIERRA,intoxicaciones,alcohol,2003-06-01,22
70602,SANTA ROSA DEL SARA,intoxicaciones,alcohol,2003-06-01,1
10101,SUCRE,intoxicaciones,alcohol,2003-06-01,20
60101,TARIJA,intoxicaciones,alcohol,2003-06-01,53
20803,TIAWANACU,intoxicaciones,alcohol,2003-06-01,1
50801,TUPIZA,intoxicaciones,alcohol,2003-06-01,2
20801,VIACHA,intoxicaciones,alcohol,2003-06-01,2
60303,VILLA MONTES,intoxicaciones,alcohol,2003-06-01,1
60301,YACUIBA,intoxicaciones,alcohol,2003-06-01,3
10602,YAMPARAEZ,intoxicaciones,alcohol,2003-06-01,1
70403,YAPACANI,intoxicaciones,alcohol,2003-06-01,1
20201,ACHACACHI,intoxicaciones,alcohol,2003-07-01,3
30201,AIQUILE,intoxicaciones,alcohol,2003-07-01,1
71501,ASCENCION DE GUARAYOS,intoxicaciones,alcohol,2003-07-01,1
50802,ATOCHA,intoxicaciones,alcohol,2003-07-01,1
50301,BETANZOS,intoxicaciones,alcohol,2003-07-01,1
70707,BOYUIBE,intoxicaciones,alcohol,2003-07-01,2
21304,CALAMARCA,intoxicaciones,alcohol,2003-07-01,2
70706,CAMIRI,intoxicaciones,alcohol,2003-07-01,5
40201,CHALLAPATA,intoxicaciones,alcohol,2003-07-01,2
30801,CLIZA,intoxicaciones,alcohol,2003-07-01,1
90101,COBIJA,intoxicaciones,alcohol,2003-07-01,1
30101,COCHABAMBA,intoxicaciones,alcohol,2003-07-01,25
71301,COMARAPA,intoxicaciones,alcohol,2003-07-01,1
20105,EL ALTO,intoxicaciones,alcohol,2003-07-01,48
60502,EL PUENTE(TJA),intoxicaciones,alcohol,2003-07-01,1
60601,ENTRE RIOS,intoxicaciones,alcohol,2003-07-01,2
20101,LA PAZ,intoxicaciones,alcohol,2003-07-01,69
21202,LAJA,intoxicaciones,alcohol,2003-07-01,1
50203,LLALLAGUA,intoxicaciones,alcohol,2003-07-01,7
70903,MAIRANA,intoxicaciones,alcohol,2003-07-01,1
71003,MINEROS,intoxicaciones,alcohol,2003-07-01,1
10501,MONTEAGUDO,intoxicaciones,alcohol,2003-07-01,2
71001,MONTERO,intoxicaciones,alcohol,2003-07-01,1
40101,ORURO,intoxicaciones,alcohol,2003-07-01,4
70502,PAILON,intoxicaciones,alcohol,2003-07-01,1
21305,PATACAMAYA,intoxicaciones,alcohol,2003-07-01,2
50101,POTOSI,intoxicaciones,alcohol,2003-07-01,14
71402,PUERTO QUIJARRO,intoxicaciones,alcohol,2003-07-01,4
71401,PUERTO SUAREZ,intoxicaciones,alcohol,2003-07-01,1
31205,PUERTO VILLARROEL,intoxicaciones,alcohol,2003-07-01,1
30901,QUILLACOLLO,intoxicaciones,alcohol,2003-07-01,4
30404,SACABAMBA,intoxicaciones,alcohol,2003-07-01,2
50701,SACACA,intoxicaciones,alcohol,2003-07-01,1
31403,SAN BENITO,intoxicaciones,alcohol,2003-07-01,1
80302,SAN BORJA,intoxicaciones,alcohol,2003-07-01,1
70303,SAN RAFAEL,intoxicaciones,alcohol,2003-07-01,1
70101,SANTA CRUZ DE LA SIERRA,intoxicaciones,alcohol,2003-07-01,25
30902,SIPE SIPE,intoxicaciones,alcohol,2003-07-01,1
10101,SUCRE,intoxicaciones,alcohol,2003-07-01,26
60101,TARIJA,intoxicaciones,alcohol,2003-07-01,47
41301,TOTORA(ORR),intoxicaciones,alcohol,2003-07-01,1
70802,TRIGAL,intoxicaciones,alcohol,2003-07-01,1
50801,TUPIZA,intoxicaciones,alcohol,2003-07-01,2
71502,URUBICHA,intoxicaciones,alcohol,2003-07-01,1
70801,VALLEGRANDE,intoxicaciones,alcohol,2003-07-01,2
20801,VIACHA,intoxicaciones,alcohol,2003-07-01,1
60303,VILLA MONTES,intoxicaciones,alcohol,2003-07-01,1
51501,VILLAZON,intoxicaciones,alcohol,2003-07-01,1
60301,YACUIBA,intoxicaciones,alcohol,2003-07-01,1
30501,ARANI,intoxicaciones,alcohol,2003-08-01,1
10201,AZURDUY,intoxicaciones,alcohol,2003-08-01,1
70401,BUENA VISTA,intoxicaciones,alcohol,2003-08-01,2
70706,CAMIRI,intoxicaciones,alcohol,2003-08-01,4
40102,CARACOLLO,intoxicaciones,alcohol,2003-08-01,5
22001,CARANAVI,intoxicaciones,alcohol,2003-08-01,1
60302,CARAPARI,intoxicaciones,alcohol,2003-08-01,1
40201,CHALLAPATA,intoxicaciones,alcohol,2003-08-01,1
50202,CHAYANTA,intoxicaciones,alcohol,2003-08-01,6
30801,CLIZA,intoxicaciones,alcohol,2003-08-01,2
90101,COBIJA,intoxicaciones,alcohol,2003-08-01,2
30101,COCHABAMBA,intoxicaciones,alcohol,2003-08-01,10
71301,COMARAPA,intoxicaciones,alcohol,2003-08-01,1
10902,CULPINA,intoxicaciones,alcohol,2003-08-01,1
20105,EL ALTO,intoxicaciones,alcohol,2003-08-01,45
60502,EL PUENTE(TJA),intoxicaciones,alcohol,2003-08-01,1
71002,GENERAL SAAVEDRA,intoxicaciones,alcohol,2003-08-01,1
70104,LA GUARDIA,intoxicaciones,alcohol,2003-08-01,2
20101,LA PAZ,intoxicaciones,alcohol,2003-08-01,45
50203,LLALLAGUA,intoxicaciones,alcohol,2003-08-01,5
71003,MINEROS,intoxicaciones,alcohol,2003-08-01,2
71001,MONTERO,intoxicaciones,alcohol,2003-08-01,2
30302,MOROCHATA,intoxicaciones,alcohol,2003-08-01,1
40101,ORURO,intoxicaciones,alcohol,2003-08-01,3
50101,POTOSI,intoxicaciones,alcohol,2003-08-01,10
71402,PUERTO QUIJARRO,intoxicaciones,alcohol,2003-08-01,3
71401,PUERTO SUAREZ,intoxicaciones,alcohol,2003-08-01,1
31205,PUERTO VILLARROEL,intoxicaciones,alcohol,2003-08-01,1
30901,QUILLACOLLO,intoxicaciones,alcohol,2003-08-01,3
31001,SACABA,intoxicaciones,alcohol,2003-08-01,1
30404,SACABAMBA,intoxicaciones,alcohol,2003-08-01,1
70301,SAN IGNACIO DE VELASCO,intoxicaciones,alcohol,2003-08-01,2
70101,SANTA CRUZ DE LA SIERRA,intoxicaciones,alcohol,2003-08-01,15
30902,SIPE SIPE,intoxicaciones,alcohol,2003-08-01,1
10101,SUCRE,intoxicaciones,alcohol,2003-08-01,13
10601,TARABUCO,intoxicaciones,alcohol,2003-08-01,2
60101,TARIJA,intoxicaciones,alcohol,2003-08-01,63
31601,TIRAQUE (CBBA),intoxicaciones,alcohol,2003-08-01,3
80101,TRINIDAD,intoxicaciones,alcohol,2003-08-01,2
50801,TUPIZA,intoxicaciones,alcohol,2003-08-01,1
31003,VILLA TUNARI,intoxicaciones,alcohol,2003-08-01,2
60301,YACUIBA,intoxicaciones,alcohol,2003-08-01,3
50301,BETANZOS,intoxicaciones,alcohol,2003-09-01,2
10701,CAMARGO,intoxicaciones,alcohol,2003-09-01,1
70706,CAMIRI,intoxicaciones,alcohol,2003-09-01,2
50202,CHAYANTA,intoxicaciones,alcohol,2003-09-01,1
30101,COCHABAMBA,intoxicaciones,alcohol,2003-09-01,19
20105,EL ALTO,intoxicaciones,alcohol,2003-09-01,34
60601,ENTRE RIOS,intoxicaciones,alcohol,2003-09-01,2
20602,GUANAY,intoxicaciones,alcohol,2003-09-01,1
70104,LA GUARDIA,intoxicaciones,alcohol,2003-09-01,1
20101,LA PAZ,intoxicaciones,alcohol,2003-09-01,12
50203,LLALLAGUA,intoxicaciones,alcohol,2003-09-01,3
10303,MOJOCOYA,intoxicaciones,alcohol,2003-09-01,1
10501,MONTEAGUDO,intoxicaciones,alcohol,2003-09-01,1
71001,MONTERO,intoxicaciones,alcohol,2003-09-01,2
40101,ORURO,intoxicaciones,alcohol,2003-09-01,13
70502,PAILON,intoxicaciones,alcohol,2003-09-01,1
70103,PORONGO,intoxicaciones,alcohol,2003-09-01,1
50101,POTOSI,intoxicaciones,alcohol,2003-09-01,4
71402,PUERTO QUIJARRO,intoxicaciones,alcohol,2003-09-01,2
71401,PUERTO SUAREZ,intoxicaciones,alcohol,2003-09-01,1
30901,QUILLACOLLO,intoxicaciones,alcohol,2003-09-01,1
31001,SACABA,intoxicaciones,alcohol,2003-09-01,4
70901,SAMAIPATA,intoxicaciones,alcohol,2003-09-01,1
70301,SAN IGNACIO DE VELASCO,intoxicaciones,alcohol,2003-09-01,2
80401,SANTA ANA,intoxicaciones,alcohol,2003-09-01,2
70101,SANTA CRUZ DE LA SIERRA,intoxicaciones,alcohol,2003-09-01,3
70602,SANTA ROSA DEL SARA,intoxicaciones,alcohol,2003-09-01,1
10101,SUCRE,intoxicaciones,alcohol,2003-09-01,19
60101,TARIJA,intoxicaciones,alcohol,2003-09-01,45
70403,YAPACANI,intoxicaciones,alcohol,2003-09-01,1
70706,CAMIRI,intoxicaciones,alcohol,2003-10-01,2
40102,CARACOLLO,intoxicaciones,alcohol,2003-10-01,5
22001,CARANAVI,intoxicaciones,alcohol,2003-10-01,2
31204,CHIMORE,intoxicaciones,alcohol,2003-10-01,2
30801,CLIZA,intoxicaciones,alcohol,2003-10-01,1
90101,COBIJA,intoxicaciones,alcohol,2003-10-01,3
30101,COCHABAMBA,intoxicaciones,alcohol,2003-10-01,16
20105,EL ALTO,intoxicaciones,alcohol,2003-10-01,27
60502,EL PUENTE(TJA),intoxicaciones,alcohol,2003-10-01,1
60601,ENTRE RIOS,intoxicaciones,alcohol,2003-10-01,3
71002,GENERAL SAAVEDRA,intoxicaciones,alcohol,2003-10-01,1
40701,HUANUNI,intoxicaciones,alcohol,2003-10-01,3
70104,LA GUARDIA,intoxicaciones,alcohol,2003-10-01,1
20101,LA PAZ,intoxicaciones,alcohol,2003-10-01,7
70701,LAGUNILLAS,intoxicaciones,alcohol,2003-10-01,2
50203,LLALLAGUA,intoxicaciones,alcohol,2003-10-01,4
10501,MONTEAGUDO,intoxicaciones,alcohol,2003-10-01,1
40101,ORURO,intoxicaciones,alcohol,2003-10-01,1
70502,PAILON,intoxicaciones,alcohol,2003-10-01,1
50101,POTOSI,intoxicaciones,alcohol,2003-10-01,6
71402,PUERTO QUIJARRO,intoxicaciones,alcohol,2003-10-01,2
30901,QUILLACOLLO,intoxicaciones,alcohol,2003-10-01,10
31001,SACABA,intoxicaciones,alcohol,2003-10-01,1
30404,SACABAMBA,intoxicaciones,alcohol,2003-10-01,1
50701,SACACA,intoxicaciones,alcohol,2003-10-01,1
31403,SAN BENITO,intoxicaciones,alcohol,2003-10-01,1
70301,SAN IGNACIO DE VELASCO,intoxicaciones,alcohol,2003-10-01,1
70101,SANTA CRUZ DE LA SIERRA,intoxicaciones,alcohol,2003-10-01,1
10101,SUCRE,intoxicaciones,alcohol,2003-10-01,12
60101,TARIJA,intoxicaciones,alcohol,2003-10-01,47
31601,TIRAQUE (CBBA),intoxicaciones,alcohol,2003-10-01,1
50801,TUPIZA,intoxicaciones,alcohol,2003-10-01,2
60303,VILLA MONTES,intoxicaciones,alcohol,2003-10-01,2
51501,VILLAZON,intoxicaciones,alcohol,2003-10-01,1
30201,AIQUILE,intoxicaciones,alcohol,2003-11-01,1
30402,ANZALDO,intoxicaciones,alcohol,2003-11-01,1
30501,ARANI,intoxicaciones,alcohol,2003-11-01,1
30601,ARQUE,intoxicaciones,alcohol,2003-11-01,1
70706,CAMIRI,intoxicaciones,alcohol,2003-11-01,1
40201,CHALLAPATA,intoxicaciones,alcohol,2003-11-01,1
31204,CHIMORE,intoxicaciones,alcohol,2003-11-01,1
30801,CLIZA,intoxicaciones,alcohol,2003-11-01,2
90101,COBIJA,intoxicaciones,alcohol,2003-11-01,3
30101,COCHABAMBA,intoxicaciones,alcohol,2003-11-01,15
31002,COLOMI,intoxicaciones,alcohol,2003-11-01,1
50401,COLQUECHACA,intoxicaciones,alcohol,2003-11-01,1
10902,CULPINA,intoxicaciones,alcohol,2003-11-01,1
20105,EL ALTO,intoxicaciones,alcohol,2003-11-01,20
80402,EXALTACION,intoxicaciones,alcohol,2003-11-01,1
20101,LA PAZ,intoxicaciones,alcohol,2003-11-01,30
50203,LLALLAGUA,intoxicaciones,alcohol,2003-11-01,10
10501,MONTEAGUDO,intoxicaciones,alcohol,2003-11-01,1
40101,ORURO,intoxicaciones,alcohol,2003-11-01,2
70902,PAMPA GRANDE,intoxicaciones,alcohol,2003-11-01,2
70601,PORTACHUELO,intoxicaciones,alcohol,2003-11-01,1
50101,POTOSI,intoxicaciones,alcohol,2003-11-01,7
31205,PUERTO VILLARROEL,intoxicaciones,alcohol,2003-11-01,2
30901,QUILLACOLLO,intoxicaciones,alcohol,2003-11-01,6
70904,QUIRUSILLAS,intoxicaciones,alcohol,2003-11-01,2
80201,RIBERALTA,intoxicaciones,alcohol,2003-11-01,2
31001,SACABA,intoxicaciones,alcohol,2003-11-01,2
30404,SACABAMBA,intoxicaciones,alcohol,2003-11-01,1
50701,SACACA,intoxicaciones,alcohol,2003-11-01,2
80701,SAN JOAQUIN,intoxicaciones,alcohol,2003-11-01,1
60501,SAN LORENZO(TJA),intoxicaciones,alcohol,2003-11-01,1
10702,SAN LUCAS,intoxicaciones,alcohol,2003-11-01,2
70602,SANTA ROSA DEL SARA,intoxicaciones,alcohol,2003-11-01,1
30703,SICAYA,intoxicaciones,alcohol,2003-11-01,1
10101,SUCRE,intoxicaciones,alcohol,2003-11-01,17
10601,TARABUCO,intoxicaciones,alcohol,2003-11-01,1
30401,TARATA,intoxicaciones,alcohol,2003-11-01,1
60101,TARIJA,intoxicaciones,alcohol,2003-11-01,52
31601,TIRAQUE (CBBA),intoxicaciones,alcohol,2003-11-01,1
50801,TUPIZA,intoxicaciones,alcohol,2003-11-01,2
60303,VILLA MONTES,intoxicaciones,alcohol,2003-11-01,1
31003,VILLA TUNARI,intoxicaciones,alcohol,2003-11-01,1
51501,VILLAZON,intoxicaciones,alcohol,2003-11-01,1
30904,VINTO,intoxicaciones,alcohol,2003-11-01,1
60301,YACUIBA,intoxicaciones,alcohol,2003-11-01,3
31501,BOLIVAR,intoxicaciones,alcohol,2003-12-01,1
10701,CAMARGO,intoxicaciones,alcohol,2003-12-01,1
70706,CAMIRI,intoxicaciones,alcohol,2003-12-01,5
30701,CAPINOTA,intoxicaciones,alcohol,2003-12-01,1
40201,CHALLAPATA,intoxicaciones,alcohol,2003-12-01,2
31204,CHIMORE,intoxicaciones,alcohol,2003-12-01,1
30801,CLIZA,intoxicaciones,alcohol,2003-12-01,3
90101,COBIJA,intoxicaciones,alcohol,2003-12-01,2
30101,COCHABAMBA,intoxicaciones,alcohol,2003-12-01,24
20105,EL ALTO,intoxicaciones,alcohol,2003-12-01,11
60601,ENTRE RIOS,intoxicaciones,alcohol,2003-12-01,3
80202,GUAYARAMERIN,intoxicaciones,alcohol,2003-12-01,1
20101,LA PAZ,intoxicaciones,alcohol,2003-12-01,2
70701,LAGUNILLAS,intoxicaciones,alcohol,2003-12-01,1
50203,LLALLAGUA,intoxicaciones,alcohol,2003-12-01,6
40101,ORURO,intoxicaciones,alcohol,2003-12-01,4
70902,PAMPA GRANDE,intoxicaciones,alcohol,2003-12-01,1
70601,PORTACHUELO,intoxicaciones,alcohol,2003-12-01,1
50101,POTOSI,intoxicaciones,alcohol,2003-12-01,18
31205,PUERTO VILLARROEL,intoxicaciones,alcohol,2003-12-01,1
30901,QUILLACOLLO,intoxicaciones,alcohol,2003-12-01,4
80201,RIBERALTA,intoxicaciones,alcohol,2003-12-01,1
31001,SACABA,intoxicaciones,alcohol,2003-12-01,1
30404,SACABAMBA,intoxicaciones,alcohol,2003-12-01,3
31403,SAN BENITO,intoxicaciones,alcohol,2003-12-01,2
80501,SAN IGNACIO,intoxicaciones,alcohol,2003-12-01,1
70101,SANTA CRUZ DE LA SIERRA,intoxicaciones,alcohol,2003-12-01,2
10101,SUCRE,intoxicaciones,alcohol,2003-12-01,13
60101,TARIJA,intoxicaciones,alcohol,2003-12-01,46
20606,TIPUANI,intoxicaciones,alcohol,2003-12-01,1
51202,TOMAVE,intoxicaciones,alcohol,2003-12-01,1
50801,TUPIZA,intoxicaciones,alcohol,2003-12-01,4
60303,VILLA MONTES,intoxicaciones,alcohol,2003-12-01,3
51501,VILLAZON,intoxicaciones,alcohol,2003-12-01,2
60301,YACUIBA,intoxicaciones,alcohol,2003-12-01,2
70403,YAPACANI,intoxicaciones,alcohol,2003-12-01,2
10102,YOTALA,intoxicaciones,alcohol,2003-12-01,1
