codigo_municipio,municipio,grupo,variable,mes,dentro_masculino,dentro-1_femenino,fuera_masculino,fuera-1_femenino,totales_dentro,totales-1_fuera,totales-2_total
30201,AIQUILE,"mortalidad perinatal, neonatal e infantil",muerte neonatal  temprana (0-6 dias) confirmada,2018-01-01,0,0,0,1,0,1,1
50702,CARIPUYO,"mortalidad perinatal, neonatal e infantil",muerte neonatal  temprana (0-6 dias) confirmada,2018-01-01,0,0,0,1,0,1,1
50302,CHAQUI,"mortalidad perinatal, neonatal e infantil",muerte neonatal  temprana (0-6 dias) confirmada,2018-01-01,0,0,0,1,0,1,1
30101,COCHABAMBA,"mortalidad perinatal, neonatal e infantil",muerte neonatal  temprana (0-6 dias) confirmada,2018-01-01,9,8,0,0,9,8,17
20105,EL ALTO,"mortalidad perinatal, neonatal e infantil",muerte neonatal  temprana (0-6 dias) confirmada,2018-01-01,4,3,2,0,6,3,9
21601,GRAL. J.J. PEREZ (CHARAZANI),"mortalidad perinatal, neonatal e infantil",muerte neonatal  temprana (0-6 dias) confirmada,2018-01-01,0,0,1,0,1,0,1
20806,JESUS DE MACHACA,"mortalidad perinatal, neonatal e infantil",muerte neonatal  temprana (0-6 dias) confirmada,2018-01-01,0,0,0,1,0,1,1
20101,LA PAZ,"mortalidad perinatal, neonatal e infantil",muerte neonatal  temprana (0-6 dias) confirmada,2018-01-01,6,2,2,0,8,2,10
10501,MONTEAGUDO,"mortalidad perinatal, neonatal e infantil",muerte neonatal  temprana (0-6 dias) confirmada,2018-01-01,0,1,0,0,0,1,1
30302,MOROCHATA,"mortalidad perinatal, neonatal e infantil",muerte neonatal  temprana (0-6 dias) confirmada,2018-01-01,0,0,1,0,1,0,1
40101,ORURO,"mortalidad perinatal, neonatal e infantil",muerte neonatal  temprana (0-6 dias) confirmada,2018-01-01,0,2,0,0,0,2,2
70502,PAILON,"mortalidad perinatal, neonatal e infantil",muerte neonatal  temprana (0-6 dias) confirmada,2018-01-01,2,0,0,0,2,0,2
50101,POTOSI,"mortalidad perinatal, neonatal e infantil",muerte neonatal  temprana (0-6 dias) confirmada,2018-01-01,2,0,0,0,2,0,2
31205,PUERTO VILLARROEL,"mortalidad perinatal, neonatal e infantil",muerte neonatal  temprana (0-6 dias) confirmada,2018-01-01,1,0,0,0,1,0,1
80201,RIBERALTA,"mortalidad perinatal, neonatal e infantil",muerte neonatal  temprana (0-6 dias) confirmada,2018-01-01,0,1,0,0,0,1,1
31001,SACABA,"mortalidad perinatal, neonatal e infantil",muerte neonatal  temprana (0-6 dias) confirmada,2018-01-01,1,1,0,0,1,1,2
50701,SACACA,"mortalidad perinatal, neonatal e infantil",muerte neonatal  temprana (0-6 dias) confirmada,2018-01-01,0,0,0,1,0,1,1
80501,SAN IGNACIO,"mortalidad perinatal, neonatal e infantil",muerte neonatal  temprana (0-6 dias) confirmada,2018-01-01,1,0,0,0,1,0,1
70301,SAN IGNACIO DE VELASCO,"mortalidad perinatal, neonatal e infantil",muerte neonatal  temprana (0-6 dias) confirmada,2018-01-01,1,0,0,0,1,0,1
70101,SANTA CRUZ DE LA SIERRA,"mortalidad perinatal, neonatal e infantil",muerte neonatal  temprana (0-6 dias) confirmada,2018-01-01,4,5,0,0,4,5,9
60101,TARIJA,"mortalidad perinatal, neonatal e infantil",muerte neonatal  temprana (0-6 dias) confirmada,2018-01-01,3,1,0,0,3,1,4
10202,TARVITA,"mortalidad perinatal, neonatal e infantil",muerte neonatal  temprana (0-6 dias) confirmada,2018-01-01,0,0,0,1,0,1,1
51202,TOMAVE,"mortalidad perinatal, neonatal e infantil",muerte neonatal  temprana (0-6 dias) confirmada,2018-01-01,0,0,1,0,1,0,1
80101,TRINIDAD,"mortalidad perinatal, neonatal e infantil",muerte neonatal  temprana (0-6 dias) confirmada,2018-01-01,4,1,0,0,4,1,5
50801,TUPIZA,"mortalidad perinatal, neonatal e infantil",muerte neonatal  temprana (0-6 dias) confirmada,2018-01-01,1,0,0,0,1,0,1
51501,VILLAZON,"mortalidad perinatal, neonatal e infantil",muerte neonatal  temprana (0-6 dias) confirmada,2018-01-01,0,1,0,0,0,1,1
60301,YACUIBA,"mortalidad perinatal, neonatal e infantil",muerte neonatal  temprana (0-6 dias) confirmada,2018-01-01,0,1,0,0,0,1,1
10301,ZUDAÑEZ,"mortalidad perinatal, neonatal e infantil",muerte neonatal  temprana (0-6 dias) confirmada,2018-01-01,0,0,0,1,0,1,1
10404,ALCALA,"mortalidad perinatal, neonatal e infantil",muerte neonatal  temprana (0-6 dias) confirmada,2018-02-01,0,0,1,0,1,0,1
90103,BOLPEBRA,"mortalidad perinatal, neonatal e infantil",muerte neonatal  temprana (0-6 dias) confirmada,2018-02-01,0,0,0,1,0,1,1
21101,CHULUMANI (V. DE LA LIBERTAD),"mortalidad perinatal, neonatal e infantil",muerte neonatal  temprana (0-6 dias) confirmada,2018-02-01,0,1,0,0,0,1,1
90101,COBIJA,"mortalidad perinatal, neonatal e infantil",muerte neonatal  temprana (0-6 dias) confirmada,2018-02-01,1,0,0,0,1,0,1
30101,COCHABAMBA,"mortalidad perinatal, neonatal e infantil",muerte neonatal  temprana (0-6 dias) confirmada,2018-02-01,2,3,0,0,2,3,5
20105,EL ALTO,"mortalidad perinatal, neonatal e infantil",muerte neonatal  temprana (0-6 dias) confirmada,2018-02-01,4,7,1,0,5,7,12
10405,EL VILLAR,"mortalidad perinatal, neonatal e infantil",muerte neonatal  temprana (0-6 dias) confirmada,2018-02-01,0,0,0,1,0,1,1
20101,LA PAZ,"mortalidad perinatal, neonatal e infantil",muerte neonatal  temprana (0-6 dias) confirmada,2018-02-01,5,1,0,0,5,1,6
10501,MONTEAGUDO,"mortalidad perinatal, neonatal e infantil",muerte neonatal  temprana (0-6 dias) confirmada,2018-02-01,0,1,0,0,0,1,1
30302,MOROCHATA,"mortalidad perinatal, neonatal e infantil",muerte neonatal  temprana (0-6 dias) confirmada,2018-02-01,0,0,0,1,0,1,1
40101,ORURO,"mortalidad perinatal, neonatal e infantil",muerte neonatal  temprana (0-6 dias) confirmada,2018-02-01,0,4,0,0,0,4,4
10401,PADILLA,"mortalidad perinatal, neonatal e infantil",muerte neonatal  temprana (0-6 dias) confirmada,2018-02-01,0,0,0,1,0,1,1
50101,POTOSI,"mortalidad perinatal, neonatal e infantil",muerte neonatal  temprana (0-6 dias) confirmada,2018-02-01,1,1,0,0,1,1,2
80302,SAN BORJA,"mortalidad perinatal, neonatal e infantil",muerte neonatal  temprana (0-6 dias) confirmada,2018-02-01,1,0,0,0,1,0,1
80501,SAN IGNACIO,"mortalidad perinatal, neonatal e infantil",muerte neonatal  temprana (0-6 dias) confirmada,2018-02-01,1,0,0,0,1,0,1
70101,SANTA CRUZ DE LA SIERRA,"mortalidad perinatal, neonatal e infantil",muerte neonatal  temprana (0-6 dias) confirmada,2018-02-01,3,0,0,0,3,0,3
10101,SUCRE,"mortalidad perinatal, neonatal e infantil",muerte neonatal  temprana (0-6 dias) confirmada,2018-02-01,1,1,0,0,1,1,2
60101,TARIJA,"mortalidad perinatal, neonatal e infantil",muerte neonatal  temprana (0-6 dias) confirmada,2018-02-01,2,4,0,0,2,4,6
50102,TINGUIPAYA,"mortalidad perinatal, neonatal e infantil",muerte neonatal  temprana (0-6 dias) confirmada,2018-02-01,0,0,0,1,0,1,1
80101,TRINIDAD,"mortalidad perinatal, neonatal e infantil",muerte neonatal  temprana (0-6 dias) confirmada,2018-02-01,0,2,0,0,0,2,2
10704,VILLA CHARCAS,"mortalidad perinatal, neonatal e infantil",muerte neonatal  temprana (0-6 dias) confirmada,2018-02-01,0,0,1,0,1,0,1
40102,CARACOLLO,"mortalidad perinatal, neonatal e infantil",muerte neonatal  temprana (0-6 dias) confirmada,2018-03-01,1,0,0,0,1,0,1
70702,CHARAGUA,"mortalidad perinatal, neonatal e infantil",muerte neonatal  temprana (0-6 dias) confirmada,2018-03-01,1,0,0,0,1,0,1
21101,CHULUMANI (V. DE LA LIBERTAD),"mortalidad perinatal, neonatal e infantil",muerte neonatal  temprana (0-6 dias) confirmada,2018-03-01,1,0,0,0,1,0,1
30101,COCHABAMBA,"mortalidad perinatal, neonatal e infantil",muerte neonatal  temprana (0-6 dias) confirmada,2018-03-01,3,8,0,0,3,8,11
21402,CORIPATA,"mortalidad perinatal, neonatal e infantil",muerte neonatal  temprana (0-6 dias) confirmada,2018-03-01,0,0,0,1,0,1,1
20105,EL ALTO,"mortalidad perinatal, neonatal e infantil",muerte neonatal  temprana (0-6 dias) confirmada,2018-03-01,7,2,1,0,8,2,10
20101,LA PAZ,"mortalidad perinatal, neonatal e infantil",muerte neonatal  temprana (0-6 dias) confirmada,2018-03-01,11,7,0,0,11,7,18
71001,MONTERO,"mortalidad perinatal, neonatal e infantil",muerte neonatal  temprana (0-6 dias) confirmada,2018-03-01,1,1,0,0,1,1,2
40101,ORURO,"mortalidad perinatal, neonatal e infantil",muerte neonatal  temprana (0-6 dias) confirmada,2018-03-01,1,2,1,0,2,2,4
50101,POTOSI,"mortalidad perinatal, neonatal e infantil",muerte neonatal  temprana (0-6 dias) confirmada,2018-03-01,1,2,0,0,1,2,3
80201,RIBERALTA,"mortalidad perinatal, neonatal e infantil",muerte neonatal  temprana (0-6 dias) confirmada,2018-03-01,1,0,0,0,1,0,1
80302,SAN BORJA,"mortalidad perinatal, neonatal e infantil",muerte neonatal  temprana (0-6 dias) confirmada,2018-03-01,0,2,0,0,0,2,2
21502,SAN BUENA VENTURA,"mortalidad perinatal, neonatal e infantil",muerte neonatal  temprana (0-6 dias) confirmada,2018-03-01,1,0,0,0,1,0,1
70301,SAN IGNACIO DE VELASCO,"mortalidad perinatal, neonatal e infantil",muerte neonatal  temprana (0-6 dias) confirmada,2018-03-01,0,2,0,0,0,2,2
70101,SANTA CRUZ DE LA SIERRA,"mortalidad perinatal, neonatal e infantil",muerte neonatal  temprana (0-6 dias) confirmada,2018-03-01,2,1,0,0,2,1,3
10101,SUCRE,"mortalidad perinatal, neonatal e infantil",muerte neonatal  temprana (0-6 dias) confirmada,2018-03-01,4,0,0,0,4,0,4
60101,TARIJA,"mortalidad perinatal, neonatal e infantil",muerte neonatal  temprana (0-6 dias) confirmada,2018-03-01,1,0,0,0,1,0,1
80101,TRINIDAD,"mortalidad perinatal, neonatal e infantil",muerte neonatal  temprana (0-6 dias) confirmada,2018-03-01,2,0,0,0,2,0,2
51201,UYUNI,"mortalidad perinatal, neonatal e infantil",muerte neonatal  temprana (0-6 dias) confirmada,2018-03-01,0,0,1,0,1,0,1
21103,YANACACHI,"mortalidad perinatal, neonatal e infantil",muerte neonatal  temprana (0-6 dias) confirmada,2018-03-01,1,0,0,0,1,0,1
30701,CAPINOTA,"mortalidad perinatal, neonatal e infantil",muerte neonatal  temprana (0-6 dias) confirmada,2018-04-01,0,0,1,0,1,0,1
22001,CARANAVI,"mortalidad perinatal, neonatal e infantil",muerte neonatal  temprana (0-6 dias) confirmada,2018-04-01,0,1,4,0,4,1,5
90101,COBIJA,"mortalidad perinatal, neonatal e infantil",muerte neonatal  temprana (0-6 dias) confirmada,2018-04-01,2,0,0,0,2,0,2
30101,COCHABAMBA,"mortalidad perinatal, neonatal e infantil",muerte neonatal  temprana (0-6 dias) confirmada,2018-04-01,6,1,0,0,6,1,7
20105,EL ALTO,"mortalidad perinatal, neonatal e infantil",muerte neonatal  temprana (0-6 dias) confirmada,2018-04-01,5,4,2,0,7,4,11
20101,LA PAZ,"mortalidad perinatal, neonatal e infantil",muerte neonatal  temprana (0-6 dias) confirmada,2018-04-01,5,6,0,0,5,6,11
40101,ORURO,"mortalidad perinatal, neonatal e infantil",muerte neonatal  temprana (0-6 dias) confirmada,2018-04-01,2,2,0,0,2,2,4
50101,POTOSI,"mortalidad perinatal, neonatal e infantil",muerte neonatal  temprana (0-6 dias) confirmada,2018-04-01,2,0,0,0,2,0,2
31205,PUERTO VILLARROEL,"mortalidad perinatal, neonatal e infantil",muerte neonatal  temprana (0-6 dias) confirmada,2018-04-01,0,1,0,0,0,1,1
31401,PUNATA,"mortalidad perinatal, neonatal e infantil",muerte neonatal  temprana (0-6 dias) confirmada,2018-04-01,1,0,0,0,1,0,1
80201,RIBERALTA,"mortalidad perinatal, neonatal e infantil",muerte neonatal  temprana (0-6 dias) confirmada,2018-04-01,2,2,0,0,2,2,4
70503,ROBORE,"mortalidad perinatal, neonatal e infantil",muerte neonatal  temprana (0-6 dias) confirmada,2018-04-01,2,0,0,0,2,0,2
80302,SAN BORJA,"mortalidad perinatal, neonatal e infantil",muerte neonatal  temprana (0-6 dias) confirmada,2018-04-01,1,0,0,0,1,0,1
70301,SAN IGNACIO DE VELASCO,"mortalidad perinatal, neonatal e infantil",muerte neonatal  temprana (0-6 dias) confirmada,2018-04-01,1,0,0,0,1,0,1
10702,SAN LUCAS,"mortalidad perinatal, neonatal e infantil",muerte neonatal  temprana (0-6 dias) confirmada,2018-04-01,0,0,0,2,0,2,2
70101,SANTA CRUZ DE LA SIERRA,"mortalidad perinatal, neonatal e infantil",muerte neonatal  temprana (0-6 dias) confirmada,2018-04-01,5,3,0,0,5,3,8
10101,SUCRE,"mortalidad perinatal, neonatal e infantil",muerte neonatal  temprana (0-6 dias) confirmada,2018-04-01,1,1,0,0,1,1,2
50303,TACOBAMBA,"mortalidad perinatal, neonatal e infantil",muerte neonatal  temprana (0-6 dias) confirmada,2018-04-01,0,0,0,1,0,1,1
30903,TIQUIPAYA,"mortalidad perinatal, neonatal e infantil",muerte neonatal  temprana (0-6 dias) confirmada,2018-04-01,0,2,0,0,0,2,2
60301,YACUIBA,"mortalidad perinatal, neonatal e infantil",muerte neonatal  temprana (0-6 dias) confirmada,2018-04-01,0,1,0,0,0,1,1
20701,APOLO,"mortalidad perinatal, neonatal e infantil",muerte neonatal  temprana (0-6 dias) confirmada,2018-05-01,1,0,0,0,1,0,1
70706,CAMIRI,"mortalidad perinatal, neonatal e infantil",muerte neonatal  temprana (0-6 dias) confirmada,2018-05-01,0,0,1,0,1,0,1
40102,CARACOLLO,"mortalidad perinatal, neonatal e infantil",muerte neonatal  temprana (0-6 dias) confirmada,2018-05-01,0,0,1,0,1,0,1
30101,COCHABAMBA,"mortalidad perinatal, neonatal e infantil",muerte neonatal  temprana (0-6 dias) confirmada,2018-05-01,7,12,0,0,7,12,19
20105,EL ALTO,"mortalidad perinatal, neonatal e infantil",muerte neonatal  temprana (0-6 dias) confirmada,2018-05-01,6,3,1,0,7,3,10
71503,EL PUENTE(STC),"mortalidad perinatal, neonatal e infantil",muerte neonatal  temprana (0-6 dias) confirmada,2018-05-01,0,0,0,1,0,1,1
21601,GRAL. J.J. PEREZ (CHARAZANI),"mortalidad perinatal, neonatal e infantil",muerte neonatal  temprana (0-6 dias) confirmada,2018-05-01,0,0,0,1,0,1,1
20101,LA PAZ,"mortalidad perinatal, neonatal e infantil",muerte neonatal  temprana (0-6 dias) confirmada,2018-05-01,8,9,0,0,8,9,17
40101,ORURO,"mortalidad perinatal, neonatal e infantil",muerte neonatal  temprana (0-6 dias) confirmada,2018-05-01,5,5,0,0,5,5,10
70502,PAILON,"mortalidad perinatal, neonatal e infantil",muerte neonatal  temprana (0-6 dias) confirmada,2018-05-01,0,0,1,0,1,0,1
50101,POTOSI,"mortalidad perinatal, neonatal e infantil",muerte neonatal  temprana (0-6 dias) confirmada,2018-05-01,1,0,0,0,1,0,1
21201,PUCARANI,"mortalidad perinatal, neonatal e infantil",muerte neonatal  temprana (0-6 dias) confirmada,2018-05-01,0,0,1,0,1,0,1
50701,SACACA,"mortalidad perinatal, neonatal e infantil",muerte neonatal  temprana (0-6 dias) confirmada,2018-05-01,0,0,1,0,1,0,1
80302,SAN BORJA,"mortalidad perinatal, neonatal e infantil",muerte neonatal  temprana (0-6 dias) confirmada,2018-05-01,1,0,0,0,1,0,1
70301,SAN IGNACIO DE VELASCO,"mortalidad perinatal, neonatal e infantil",muerte neonatal  temprana (0-6 dias) confirmada,2018-05-01,1,0,0,0,1,0,1
10702,SAN LUCAS,"mortalidad perinatal, neonatal e infantil",muerte neonatal  temprana (0-6 dias) confirmada,2018-05-01,0,0,0,1,0,1,1
70101,SANTA CRUZ DE LA SIERRA,"mortalidad perinatal, neonatal e infantil",muerte neonatal  temprana (0-6 dias) confirmada,2018-05-01,8,3,0,0,8,3,11
10101,SUCRE,"mortalidad perinatal, neonatal e infantil",muerte neonatal  temprana (0-6 dias) confirmada,2018-05-01,1,3,0,1,1,4,5
60101,TARIJA,"mortalidad perinatal, neonatal e infantil",muerte neonatal  temprana (0-6 dias) confirmada,2018-05-01,1,1,0,0,1,1,2
50102,TINGUIPAYA,"mortalidad perinatal, neonatal e infantil",muerte neonatal  temprana (0-6 dias) confirmada,2018-05-01,0,0,1,0,1,0,1
80101,TRINIDAD,"mortalidad perinatal, neonatal e infantil",muerte neonatal  temprana (0-6 dias) confirmada,2018-05-01,2,1,0,0,2,1,3
40402,TURCO,"mortalidad perinatal, neonatal e infantil",muerte neonatal  temprana (0-6 dias) confirmada,2018-05-01,0,0,1,0,1,0,1
71502,URUBICHA,"mortalidad perinatal, neonatal e infantil",muerte neonatal  temprana (0-6 dias) confirmada,2018-05-01,0,0,0,1,0,1,1
51201,UYUNI,"mortalidad perinatal, neonatal e infantil",muerte neonatal  temprana (0-6 dias) confirmada,2018-05-01,1,0,0,0,1,0,1
20801,VIACHA,"mortalidad perinatal, neonatal e infantil",muerte neonatal  temprana (0-6 dias) confirmada,2018-05-01,1,0,0,0,1,0,1
10301,ZUDAÑEZ,"mortalidad perinatal, neonatal e infantil",muerte neonatal  temprana (0-6 dias) confirmada,2018-05-01,0,0,1,0,1,0,1
70706,CAMIRI,"mortalidad perinatal, neonatal e infantil",muerte neonatal  temprana (0-6 dias) confirmada,2018-06-01,0,0,0,1,0,1,1
30101,COCHABAMBA,"mortalidad perinatal, neonatal e infantil",muerte neonatal  temprana (0-6 dias) confirmada,2018-06-01,8,3,0,0,8,3,11
20105,EL ALTO,"mortalidad perinatal, neonatal e infantil",muerte neonatal  temprana (0-6 dias) confirmada,2018-06-01,7,2,0,0,7,2,9
20101,LA PAZ,"mortalidad perinatal, neonatal e infantil",muerte neonatal  temprana (0-6 dias) confirmada,2018-06-01,9,4,0,0,9,4,13
70903,MAIRANA,"mortalidad perinatal, neonatal e infantil",muerte neonatal  temprana (0-6 dias) confirmada,2018-06-01,0,1,0,0,0,1,1
40101,ORURO,"mortalidad perinatal, neonatal e infantil",muerte neonatal  temprana (0-6 dias) confirmada,2018-06-01,3,3,0,0,3,3,6
70502,PAILON,"mortalidad perinatal, neonatal e infantil",muerte neonatal  temprana (0-6 dias) confirmada,2018-06-01,1,0,0,0,1,0,1
50101,POTOSI,"mortalidad perinatal, neonatal e infantil",muerte neonatal  temprana (0-6 dias) confirmada,2018-06-01,1,1,0,0,1,1,2
80201,RIBERALTA,"mortalidad perinatal, neonatal e infantil",muerte neonatal  temprana (0-6 dias) confirmada,2018-06-01,1,0,0,0,1,0,1
70901,SAMAIPATA,"mortalidad perinatal, neonatal e infantil",muerte neonatal  temprana (0-6 dias) confirmada,2018-06-01,0,0,1,0,1,0,1
80302,SAN BORJA,"mortalidad perinatal, neonatal e infantil",muerte neonatal  temprana (0-6 dias) confirmada,2018-06-01,1,0,0,0,1,0,1
70101,SANTA CRUZ DE LA SIERRA,"mortalidad perinatal, neonatal e infantil",muerte neonatal  temprana (0-6 dias) confirmada,2018-06-01,3,2,0,0,3,2,5
10101,SUCRE,"mortalidad perinatal, neonatal e infantil",muerte neonatal  temprana (0-6 dias) confirmada,2018-06-01,1,0,0,0,1,0,1
60101,TARIJA,"mortalidad perinatal, neonatal e infantil",muerte neonatal  temprana (0-6 dias) confirmada,2018-06-01,1,1,0,0,1,1,2
80101,TRINIDAD,"mortalidad perinatal, neonatal e infantil",muerte neonatal  temprana (0-6 dias) confirmada,2018-06-01,3,0,0,0,3,0,3
10602,YAMPARAEZ,"mortalidad perinatal, neonatal e infantil",muerte neonatal  temprana (0-6 dias) confirmada,2018-06-01,0,0,0,1,0,1,1
21203,BATALLAS,"mortalidad perinatal, neonatal e infantil",muerte neonatal  temprana (0-6 dias) confirmada,2018-07-01,0,0,0,1,0,1,1
70706,CAMIRI,"mortalidad perinatal, neonatal e infantil",muerte neonatal  temprana (0-6 dias) confirmada,2018-07-01,0,0,0,1,0,1,1
50702,CARIPUYO,"mortalidad perinatal, neonatal e infantil",muerte neonatal  temprana (0-6 dias) confirmada,2018-07-01,0,0,1,0,1,0,1
90101,COBIJA,"mortalidad perinatal, neonatal e infantil",muerte neonatal  temprana (0-6 dias) confirmada,2018-07-01,1,0,0,0,1,0,1
30101,COCHABAMBA,"mortalidad perinatal, neonatal e infantil",muerte neonatal  temprana (0-6 dias) confirmada,2018-07-01,5,7,0,0,5,7,12
20105,EL ALTO,"mortalidad perinatal, neonatal e infantil",muerte neonatal  temprana (0-6 dias) confirmada,2018-07-01,3,4,0,0,3,4,7
20101,LA PAZ,"mortalidad perinatal, neonatal e infantil",muerte neonatal  temprana (0-6 dias) confirmada,2018-07-01,5,4,0,0,5,4,9
10501,MONTEAGUDO,"mortalidad perinatal, neonatal e infantil",muerte neonatal  temprana (0-6 dias) confirmada,2018-07-01,0,1,0,0,0,1,1
40101,ORURO,"mortalidad perinatal, neonatal e infantil",muerte neonatal  temprana (0-6 dias) confirmada,2018-07-01,6,2,0,0,6,2,8
70601,PORTACHUELO,"mortalidad perinatal, neonatal e infantil",muerte neonatal  temprana (0-6 dias) confirmada,2018-07-01,1,0,0,0,1,0,1
50101,POTOSI,"mortalidad perinatal, neonatal e infantil",muerte neonatal  temprana (0-6 dias) confirmada,2018-07-01,1,0,0,0,1,0,1
31205,PUERTO VILLARROEL,"mortalidad perinatal, neonatal e infantil",muerte neonatal  temprana (0-6 dias) confirmada,2018-07-01,1,1,0,1,1,2,3
80201,RIBERALTA,"mortalidad perinatal, neonatal e infantil",muerte neonatal  temprana (0-6 dias) confirmada,2018-07-01,2,1,0,0,2,1,3
40801,SALINAS DE GARCI MENDOZA,"mortalidad perinatal, neonatal e infantil",muerte neonatal  temprana (0-6 dias) confirmada,2018-07-01,0,0,1,0,1,0,1
21502,SAN BUENA VENTURA,"mortalidad perinatal, neonatal e infantil",muerte neonatal  temprana (0-6 dias) confirmada,2018-07-01,1,1,0,0,1,1,2
70501,SAN JOSE DE CHIQUITOS,"mortalidad perinatal, neonatal e infantil",muerte neonatal  temprana (0-6 dias) confirmada,2018-07-01,1,0,0,0,1,0,1
10702,SAN LUCAS,"mortalidad perinatal, neonatal e infantil",muerte neonatal  temprana (0-6 dias) confirmada,2018-07-01,1,0,0,0,1,0,1
70101,SANTA CRUZ DE LA SIERRA,"mortalidad perinatal, neonatal e infantil",muerte neonatal  temprana (0-6 dias) confirmada,2018-07-01,2,2,0,0,2,2,4
10601,TARABUCO,"mortalidad perinatal, neonatal e infantil",muerte neonatal  temprana (0-6 dias) confirmada,2018-07-01,1,0,0,0,1,0,1
60101,TARIJA,"mortalidad perinatal, neonatal e infantil",muerte neonatal  temprana (0-6 dias) confirmada,2018-07-01,1,1,0,0,1,1,2
41001,TOLEDO,"mortalidad perinatal, neonatal e infantil",muerte neonatal  temprana (0-6 dias) confirmada,2018-07-01,0,0,0,1,0,1,1
80101,TRINIDAD,"mortalidad perinatal, neonatal e infantil",muerte neonatal  temprana (0-6 dias) confirmada,2018-07-01,2,5,0,0,2,5,7
50301,BETANZOS,"mortalidad perinatal, neonatal e infantil",muerte neonatal  temprana (0-6 dias) confirmada,2018-08-01,0,0,0,1,0,1,1
70703,CABEZAS,"mortalidad perinatal, neonatal e infantil",muerte neonatal  temprana (0-6 dias) confirmada,2018-08-01,1,0,0,0,1,0,1
10701,CAMARGO,"mortalidad perinatal, neonatal e infantil",muerte neonatal  temprana (0-6 dias) confirmada,2018-08-01,0,1,0,0,0,1,1
70706,CAMIRI,"mortalidad perinatal, neonatal e infantil",muerte neonatal  temprana (0-6 dias) confirmada,2018-08-01,1,1,0,0,1,1,2
22001,CARANAVI,"mortalidad perinatal, neonatal e infantil",muerte neonatal  temprana (0-6 dias) confirmada,2018-08-01,0,0,0,1,0,1,1
30101,COCHABAMBA,"mortalidad perinatal, neonatal e infantil",muerte neonatal  temprana (0-6 dias) confirmada,2018-08-01,14,6,0,0,14,6,20
21401,COROICO,"mortalidad perinatal, neonatal e infantil",muerte neonatal  temprana (0-6 dias) confirmada,2018-08-01,0,0,1,0,1,0,1
20105,EL ALTO,"mortalidad perinatal, neonatal e infantil",muerte neonatal  temprana (0-6 dias) confirmada,2018-08-01,4,8,0,1,4,9,13
70105,EL TORNO,"mortalidad perinatal, neonatal e infantil",muerte neonatal  temprana (0-6 dias) confirmada,2018-08-01,1,0,0,0,1,0,1
20101,LA PAZ,"mortalidad perinatal, neonatal e infantil",muerte neonatal  temprana (0-6 dias) confirmada,2018-08-01,4,4,0,1,4,5,9
40101,ORURO,"mortalidad perinatal, neonatal e infantil",muerte neonatal  temprana (0-6 dias) confirmada,2018-08-01,3,1,0,0,3,1,4
50101,POTOSI,"mortalidad perinatal, neonatal e infantil",muerte neonatal  temprana (0-6 dias) confirmada,2018-08-01,2,1,0,0,2,1,3
21201,PUCARANI,"mortalidad perinatal, neonatal e infantil",muerte neonatal  temprana (0-6 dias) confirmada,2018-08-01,0,1,0,0,0,1,1
31205,PUERTO VILLARROEL,"mortalidad perinatal, neonatal e infantil",muerte neonatal  temprana (0-6 dias) confirmada,2018-08-01,2,0,0,0,2,0,2
80201,RIBERALTA,"mortalidad perinatal, neonatal e infantil",muerte neonatal  temprana (0-6 dias) confirmada,2018-08-01,2,3,0,0,2,3,5
70301,SAN IGNACIO DE VELASCO,"mortalidad perinatal, neonatal e infantil",muerte neonatal  temprana (0-6 dias) confirmada,2018-08-01,1,1,0,0,1,1,2
71102,SAN JAVIER(STC),"mortalidad perinatal, neonatal e infantil",muerte neonatal  temprana (0-6 dias) confirmada,2018-08-01,1,0,0,0,1,0,1
70101,SANTA CRUZ DE LA SIERRA,"mortalidad perinatal, neonatal e infantil",muerte neonatal  temprana (0-6 dias) confirmada,2018-08-01,5,5,0,1,5,6,11
10101,SUCRE,"mortalidad perinatal, neonatal e infantil",muerte neonatal  temprana (0-6 dias) confirmada,2018-08-01,1,2,0,0,1,2,3
30602,TACOPAYA,"mortalidad perinatal, neonatal e infantil",muerte neonatal  temprana (0-6 dias) confirmada,2018-08-01,0,0,0,2,0,2,2
80101,TRINIDAD,"mortalidad perinatal, neonatal e infantil",muerte neonatal  temprana (0-6 dias) confirmada,2018-08-01,6,2,0,0,6,2,8
51201,UYUNI,"mortalidad perinatal, neonatal e infantil",muerte neonatal  temprana (0-6 dias) confirmada,2018-08-01,1,1,0,0,1,1,2
10704,VILLA CHARCAS,"mortalidad perinatal, neonatal e infantil",muerte neonatal  temprana (0-6 dias) confirmada,2018-08-01,1,0,0,0,1,0,1
31003,VILLA TUNARI,"mortalidad perinatal, neonatal e infantil",muerte neonatal  temprana (0-6 dias) confirmada,2018-08-01,1,0,0,0,1,0,1
60301,YACUIBA,"mortalidad perinatal, neonatal e infantil",muerte neonatal  temprana (0-6 dias) confirmada,2018-08-01,1,0,0,0,1,0,1
70403,YAPACANI,"mortalidad perinatal, neonatal e infantil",muerte neonatal  temprana (0-6 dias) confirmada,2018-08-01,0,0,1,0,1,0,1
20701,APOLO,"mortalidad perinatal, neonatal e infantil",muerte neonatal  temprana (0-6 dias) confirmada,2018-09-01,1,0,0,0,1,0,1
50301,BETANZOS,"mortalidad perinatal, neonatal e infantil",muerte neonatal  temprana (0-6 dias) confirmada,2018-09-01,0,0,0,1,0,1,1
10701,CAMARGO,"mortalidad perinatal, neonatal e infantil",muerte neonatal  temprana (0-6 dias) confirmada,2018-09-01,2,0,0,0,2,0,2
10901,CAMATAQUI (C. VILLA ABECIA),"mortalidad perinatal, neonatal e infantil",muerte neonatal  temprana (0-6 dias) confirmada,2018-09-01,0,0,0,1,0,1,1
50202,CHAYANTA,"mortalidad perinatal, neonatal e infantil",muerte neonatal  temprana (0-6 dias) confirmada,2018-09-01,0,0,1,0,1,0,1
30101,COCHABAMBA,"mortalidad perinatal, neonatal e infantil",muerte neonatal  temprana (0-6 dias) confirmada,2018-09-01,9,3,0,0,9,3,12
21401,COROICO,"mortalidad perinatal, neonatal e infantil",muerte neonatal  temprana (0-6 dias) confirmada,2018-09-01,0,0,0,1,0,1,1
20105,EL ALTO,"mortalidad perinatal, neonatal e infantil",muerte neonatal  temprana (0-6 dias) confirmada,2018-09-01,4,3,0,0,4,3,7
80202,GUAYARAMERIN,"mortalidad perinatal, neonatal e infantil",muerte neonatal  temprana (0-6 dias) confirmada,2018-09-01,0,1,0,0,0,1,1
20101,LA PAZ,"mortalidad perinatal, neonatal e infantil",muerte neonatal  temprana (0-6 dias) confirmada,2018-09-01,1,7,0,0,1,7,8
50203,LLALLAGUA,"mortalidad perinatal, neonatal e infantil",muerte neonatal  temprana (0-6 dias) confirmada,2018-09-01,0,0,0,1,0,1,1
40101,ORURO,"mortalidad perinatal, neonatal e infantil",muerte neonatal  temprana (0-6 dias) confirmada,2018-09-01,3,1,0,0,3,1,4
50101,POTOSI,"mortalidad perinatal, neonatal e infantil",muerte neonatal  temprana (0-6 dias) confirmada,2018-09-01,2,0,0,0,2,0,2
31205,PUERTO VILLARROEL,"mortalidad perinatal, neonatal e infantil",muerte neonatal  temprana (0-6 dias) confirmada,2018-09-01,0,1,0,0,0,1,1
80201,RIBERALTA,"mortalidad perinatal, neonatal e infantil",muerte neonatal  temprana (0-6 dias) confirmada,2018-09-01,1,0,0,0,1,0,1
80302,SAN BORJA,"mortalidad perinatal, neonatal e infantil",muerte neonatal  temprana (0-6 dias) confirmada,2018-09-01,0,2,0,0,0,2,2
70101,SANTA CRUZ DE LA SIERRA,"mortalidad perinatal, neonatal e infantil",muerte neonatal  temprana (0-6 dias) confirmada,2018-09-01,4,4,0,0,4,4,8
10101,SUCRE,"mortalidad perinatal, neonatal e infantil",muerte neonatal  temprana (0-6 dias) confirmada,2018-09-01,1,2,0,0,1,2,3
10601,TARABUCO,"mortalidad perinatal, neonatal e infantil",muerte neonatal  temprana (0-6 dias) confirmada,2018-09-01,2,0,0,0,2,0,2
80101,TRINIDAD,"mortalidad perinatal, neonatal e infantil",muerte neonatal  temprana (0-6 dias) confirmada,2018-09-01,1,1,0,0,1,1,2
50801,TUPIZA,"mortalidad perinatal, neonatal e infantil",muerte neonatal  temprana (0-6 dias) confirmada,2018-09-01,0,1,0,0,0,1,1
70706,CAMIRI,"mortalidad perinatal, neonatal e infantil",muerte neonatal  temprana (0-6 dias) confirmada,2018-10-01,0,1,0,0,0,1,1
50702,CARIPUYO,"mortalidad perinatal, neonatal e infantil",muerte neonatal  temprana (0-6 dias) confirmada,2018-10-01,0,0,1,0,1,0,1
70702,CHARAGUA,"mortalidad perinatal, neonatal e infantil",muerte neonatal  temprana (0-6 dias) confirmada,2018-10-01,1,0,0,0,1,0,1
90101,COBIJA,"mortalidad perinatal, neonatal e infantil",muerte neonatal  temprana (0-6 dias) confirmada,2018-10-01,0,1,0,0,0,1,1
30101,COCHABAMBA,"mortalidad perinatal, neonatal e infantil",muerte neonatal  temprana (0-6 dias) confirmada,2018-10-01,7,5,0,0,7,5,12
21602,CURVA,"mortalidad perinatal, neonatal e infantil",muerte neonatal  temprana (0-6 dias) confirmada,2018-10-01,0,0,0,1,0,1,1
20105,EL ALTO,"mortalidad perinatal, neonatal e infantil",muerte neonatal  temprana (0-6 dias) confirmada,2018-10-01,2,2,0,0,2,2,4
20101,LA PAZ,"mortalidad perinatal, neonatal e infantil",muerte neonatal  temprana (0-6 dias) confirmada,2018-10-01,8,5,0,0,8,5,13
40101,ORURO,"mortalidad perinatal, neonatal e infantil",muerte neonatal  temprana (0-6 dias) confirmada,2018-10-01,4,1,1,0,5,1,6
10103,POROMA,"mortalidad perinatal, neonatal e infantil",muerte neonatal  temprana (0-6 dias) confirmada,2018-10-01,0,0,0,1,0,1,1
50101,POTOSI,"mortalidad perinatal, neonatal e infantil",muerte neonatal  temprana (0-6 dias) confirmada,2018-10-01,1,0,0,0,1,0,1
31205,PUERTO VILLARROEL,"mortalidad perinatal, neonatal e infantil",muerte neonatal  temprana (0-6 dias) confirmada,2018-10-01,0,1,0,0,0,1,1
80201,RIBERALTA,"mortalidad perinatal, neonatal e infantil",muerte neonatal  temprana (0-6 dias) confirmada,2018-10-01,0,1,0,0,0,1,1
50701,SACACA,"mortalidad perinatal, neonatal e infantil",muerte neonatal  temprana (0-6 dias) confirmada,2018-10-01,0,0,2,0,2,0,2
80302,SAN BORJA,"mortalidad perinatal, neonatal e infantil",muerte neonatal  temprana (0-6 dias) confirmada,2018-10-01,1,0,0,0,1,0,1
21502,SAN BUENA VENTURA,"mortalidad perinatal, neonatal e infantil",muerte neonatal  temprana (0-6 dias) confirmada,2018-10-01,1,0,0,0,1,0,1
70101,SANTA CRUZ DE LA SIERRA,"mortalidad perinatal, neonatal e infantil",muerte neonatal  temprana (0-6 dias) confirmada,2018-10-01,6,2,0,0,6,2,8
10101,SUCRE,"mortalidad perinatal, neonatal e infantil",muerte neonatal  temprana (0-6 dias) confirmada,2018-10-01,0,2,0,0,0,2,2
80101,TRINIDAD,"mortalidad perinatal, neonatal e infantil",muerte neonatal  temprana (0-6 dias) confirmada,2018-10-01,2,1,0,0,2,1,3
50801,TUPIZA,"mortalidad perinatal, neonatal e infantil",muerte neonatal  temprana (0-6 dias) confirmada,2018-10-01,0,1,0,0,0,1,1
50201,UNCIA,"mortalidad perinatal, neonatal e infantil",muerte neonatal  temprana (0-6 dias) confirmada,2018-10-01,0,0,0,1,0,1,1
20801,VIACHA,"mortalidad perinatal, neonatal e infantil",muerte neonatal  temprana (0-6 dias) confirmada,2018-10-01,0,1,0,0,0,1,1
51501,VILLAZON,"mortalidad perinatal, neonatal e infantil",muerte neonatal  temprana (0-6 dias) confirmada,2018-10-01,1,0,0,0,1,0,1
60301,YACUIBA,"mortalidad perinatal, neonatal e infantil",muerte neonatal  temprana (0-6 dias) confirmada,2018-10-01,0,2,0,0,0,2,2
30201,AIQUILE,"mortalidad perinatal, neonatal e infantil",muerte neonatal  temprana (0-6 dias) confirmada,2018-11-01,0,0,0,1,0,1,1
50802,ATOCHA,"mortalidad perinatal, neonatal e infantil",muerte neonatal  temprana (0-6 dias) confirmada,2018-11-01,0,0,0,1,0,1,1
70706,CAMIRI,"mortalidad perinatal, neonatal e infantil",muerte neonatal  temprana (0-6 dias) confirmada,2018-11-01,0,0,1,0,1,0,1
40201,CHALLAPATA,"mortalidad perinatal, neonatal e infantil",muerte neonatal  temprana (0-6 dias) confirmada,2018-11-01,0,1,0,0,0,1,1
30101,COCHABAMBA,"mortalidad perinatal, neonatal e infantil",muerte neonatal  temprana (0-6 dias) confirmada,2018-11-01,6,6,0,0,6,6,12
71301,COMARAPA,"mortalidad perinatal, neonatal e infantil",muerte neonatal  temprana (0-6 dias) confirmada,2018-11-01,0,0,1,0,1,0,1
20105,EL ALTO,"mortalidad perinatal, neonatal e infantil",muerte neonatal  temprana (0-6 dias) confirmada,2018-11-01,7,2,1,0,8,2,10
10703,INCAHUASI,"mortalidad perinatal, neonatal e infantil",muerte neonatal  temprana (0-6 dias) confirmada,2018-11-01,0,0,1,0,1,0,1
20101,LA PAZ,"mortalidad perinatal, neonatal e infantil",muerte neonatal  temprana (0-6 dias) confirmada,2018-11-01,5,0,0,0,5,0,5
21202,LAJA,"mortalidad perinatal, neonatal e infantil",muerte neonatal  temprana (0-6 dias) confirmada,2018-11-01,0,0,0,1,0,1,1
50404,OCURI,"mortalidad perinatal, neonatal e infantil",muerte neonatal  temprana (0-6 dias) confirmada,2018-11-01,0,0,0,1,0,1,1
40101,ORURO,"mortalidad perinatal, neonatal e infantil",muerte neonatal  temprana (0-6 dias) confirmada,2018-11-01,2,2,0,0,2,2,4
50101,POTOSI,"mortalidad perinatal, neonatal e infantil",muerte neonatal  temprana (0-6 dias) confirmada,2018-11-01,1,0,0,0,1,0,1
80201,RIBERALTA,"mortalidad perinatal, neonatal e infantil",muerte neonatal  temprana (0-6 dias) confirmada,2018-11-01,3,0,0,0,3,0,3
80302,SAN BORJA,"mortalidad perinatal, neonatal e infantil",muerte neonatal  temprana (0-6 dias) confirmada,2018-11-01,1,1,0,0,1,1,2
70101,SANTA CRUZ DE LA SIERRA,"mortalidad perinatal, neonatal e infantil",muerte neonatal  temprana (0-6 dias) confirmada,2018-11-01,4,5,0,0,4,5,9
10101,SUCRE,"mortalidad perinatal, neonatal e infantil",muerte neonatal  temprana (0-6 dias) confirmada,2018-11-01,0,2,0,0,0,2,2
80101,TRINIDAD,"mortalidad perinatal, neonatal e infantil",muerte neonatal  temprana (0-6 dias) confirmada,2018-11-01,2,0,0,0,2,0,2
50801,TUPIZA,"mortalidad perinatal, neonatal e infantil",muerte neonatal  temprana (0-6 dias) confirmada,2018-11-01,1,0,0,0,1,0,1
31003,VILLA TUNARI,"mortalidad perinatal, neonatal e infantil",muerte neonatal  temprana (0-6 dias) confirmada,2018-11-01,0,1,0,0,0,1,1
30201,AIQUILE,"mortalidad perinatal, neonatal e infantil",muerte neonatal  temprana (0-6 dias) confirmada,2018-12-01,1,0,0,0,1,0,1
70706,CAMIRI,"mortalidad perinatal, neonatal e infantil",muerte neonatal  temprana (0-6 dias) confirmada,2018-12-01,1,0,0,0,1,0,1
30101,COCHABAMBA,"mortalidad perinatal, neonatal e infantil",muerte neonatal  temprana (0-6 dias) confirmada,2018-12-01,5,6,0,0,5,6,11
20105,EL ALTO,"mortalidad perinatal, neonatal e infantil",muerte neonatal  temprana (0-6 dias) confirmada,2018-12-01,2,6,0,0,2,6,8
21601,GRAL. J.J. PEREZ (CHARAZANI),"mortalidad perinatal, neonatal e infantil",muerte neonatal  temprana (0-6 dias) confirmada,2018-12-01,0,0,0,1,0,1,1
70705,GUTIERREZ,"mortalidad perinatal, neonatal e infantil",muerte neonatal  temprana (0-6 dias) confirmada,2018-12-01,0,1,0,0,0,1,1
20101,LA PAZ,"mortalidad perinatal, neonatal e infantil",muerte neonatal  temprana (0-6 dias) confirmada,2018-12-01,5,3,1,0,6,3,9
40101,ORURO,"mortalidad perinatal, neonatal e infantil",muerte neonatal  temprana (0-6 dias) confirmada,2018-12-01,0,2,0,1,0,3,3
50101,POTOSI,"mortalidad perinatal, neonatal e infantil",muerte neonatal  temprana (0-6 dias) confirmada,2018-12-01,1,1,0,0,1,1,2
71401,PUERTO SUAREZ,"mortalidad perinatal, neonatal e infantil",muerte neonatal  temprana (0-6 dias) confirmada,2018-12-01,1,0,0,0,1,0,1
31205,PUERTO VILLARROEL,"mortalidad perinatal, neonatal e infantil",muerte neonatal  temprana (0-6 dias) confirmada,2018-12-01,1,0,0,0,1,0,1
70101,SANTA CRUZ DE LA SIERRA,"mortalidad perinatal, neonatal e infantil",muerte neonatal  temprana (0-6 dias) confirmada,2018-12-01,2,2,0,0,2,2,4
10403,SOPACHUY,"mortalidad perinatal, neonatal e infantil",muerte neonatal  temprana (0-6 dias) confirmada,2018-12-01,1,0,0,0,1,0,1
10101,SUCRE,"mortalidad perinatal, neonatal e infantil",muerte neonatal  temprana (0-6 dias) confirmada,2018-12-01,4,1,0,0,4,1,5
80101,TRINIDAD,"mortalidad perinatal, neonatal e infantil",muerte neonatal  temprana (0-6 dias) confirmada,2018-12-01,1,2,0,0,1,2,3
50801,TUPIZA,"mortalidad perinatal, neonatal e infantil",muerte neonatal  temprana (0-6 dias) confirmada,2018-12-01,0,1,0,0,0,1,1
51201,UYUNI,"mortalidad perinatal, neonatal e infantil",muerte neonatal  temprana (0-6 dias) confirmada,2018-12-01,0,0,0,1,0,1,1
60303,VILLA MONTES,"mortalidad perinatal, neonatal e infantil",muerte neonatal  temprana (0-6 dias) confirmada,2018-12-01,1,0,0,0,1,0,1
21304,CALAMARCA,"mortalidad perinatal, neonatal e infantil",muerte neonatal  temprana (0-6 dias) confirmada,2019-01-01,1,0,0,0,1,0,1
30101,COCHABAMBA,"mortalidad perinatal, neonatal e infantil",muerte neonatal  temprana (0-6 dias) confirmada,2019-01-01,8,6,0,0,8,6,14
20105,EL ALTO,"mortalidad perinatal, neonatal e infantil",muerte neonatal  temprana (0-6 dias) confirmada,2019-01-01,7,7,1,0,8,7,15
80202,GUAYARAMERIN,"mortalidad perinatal, neonatal e infantil",muerte neonatal  temprana (0-6 dias) confirmada,2019-01-01,0,1,0,0,0,1,1
20101,LA PAZ,"mortalidad perinatal, neonatal e infantil",muerte neonatal  temprana (0-6 dias) confirmada,2019-01-01,3,7,0,0,3,7,10
40101,ORURO,"mortalidad perinatal, neonatal e infantil",muerte neonatal  temprana (0-6 dias) confirmada,2019-01-01,4,0,0,0,4,0,4
50101,POTOSI,"mortalidad perinatal, neonatal e infantil",muerte neonatal  temprana (0-6 dias) confirmada,2019-01-01,4,1,0,0,4,1,5
80201,RIBERALTA,"mortalidad perinatal, neonatal e infantil",muerte neonatal  temprana (0-6 dias) confirmada,2019-01-01,3,1,0,0,3,1,4
80501,SAN IGNACIO,"mortalidad perinatal, neonatal e infantil",muerte neonatal  temprana (0-6 dias) confirmada,2019-01-01,0,1,0,0,0,1,1
70301,SAN IGNACIO DE VELASCO,"mortalidad perinatal, neonatal e infantil",muerte neonatal  temprana (0-6 dias) confirmada,2019-01-01,0,1,0,0,0,1,1
10702,SAN LUCAS,"mortalidad perinatal, neonatal e infantil",muerte neonatal  temprana (0-6 dias) confirmada,2019-01-01,0,0,1,0,1,0,1
70101,SANTA CRUZ DE LA SIERRA,"mortalidad perinatal, neonatal e infantil",muerte neonatal  temprana (0-6 dias) confirmada,2019-01-01,1,2,1,0,2,2,4
10101,SUCRE,"mortalidad perinatal, neonatal e infantil",muerte neonatal  temprana (0-6 dias) confirmada,2019-01-01,2,1,0,1,2,2,4
51201,UYUNI,"mortalidad perinatal, neonatal e infantil",muerte neonatal  temprana (0-6 dias) confirmada,2019-01-01,0,0,0,1,0,1,1
31003,VILLA TUNARI,"mortalidad perinatal, neonatal e infantil",muerte neonatal  temprana (0-6 dias) confirmada,2019-01-01,0,1,0,0,0,1,1
70201,WARNES,"mortalidad perinatal, neonatal e infantil",muerte neonatal  temprana (0-6 dias) confirmada,2019-01-01,1,1,0,0,1,1,2
22001,CARANAVI,"mortalidad perinatal, neonatal e infantil",muerte neonatal  temprana (0-6 dias) confirmada,2019-02-01,1,0,0,0,1,0,1
30101,COCHABAMBA,"mortalidad perinatal, neonatal e infantil",muerte neonatal  temprana (0-6 dias) confirmada,2019-02-01,8,4,0,0,8,4,12
30905,COLCAPIRHUA,"mortalidad perinatal, neonatal e infantil",muerte neonatal  temprana (0-6 dias) confirmada,2019-02-01,0,1,0,0,0,1,1
20105,EL ALTO,"mortalidad perinatal, neonatal e infantil",muerte neonatal  temprana (0-6 dias) confirmada,2019-02-01,4,1,0,0,4,1,5
20101,LA PAZ,"mortalidad perinatal, neonatal e infantil",muerte neonatal  temprana (0-6 dias) confirmada,2019-02-01,4,1,0,0,4,1,5
71001,MONTERO,"mortalidad perinatal, neonatal e infantil",muerte neonatal  temprana (0-6 dias) confirmada,2019-02-01,3,0,0,0,3,0,3
40101,ORURO,"mortalidad perinatal, neonatal e infantil",muerte neonatal  temprana (0-6 dias) confirmada,2019-02-01,0,3,0,0,0,3,3
50101,POTOSI,"mortalidad perinatal, neonatal e infantil",muerte neonatal  temprana (0-6 dias) confirmada,2019-02-01,0,1,0,0,0,1,1
80201,RIBERALTA,"mortalidad perinatal, neonatal e infantil",muerte neonatal  temprana (0-6 dias) confirmada,2019-02-01,1,3,0,0,1,3,4
70301,SAN IGNACIO DE VELASCO,"mortalidad perinatal, neonatal e infantil",muerte neonatal  temprana (0-6 dias) confirmada,2019-02-01,1,0,1,0,2,0,2
70101,SANTA CRUZ DE LA SIERRA,"mortalidad perinatal, neonatal e infantil",muerte neonatal  temprana (0-6 dias) confirmada,2019-02-01,6,2,0,1,6,3,9
10101,SUCRE,"mortalidad perinatal, neonatal e infantil",muerte neonatal  temprana (0-6 dias) confirmada,2019-02-01,2,1,0,0,2,1,3
60101,TARIJA,"mortalidad perinatal, neonatal e infantil",muerte neonatal  temprana (0-6 dias) confirmada,2019-02-01,1,2,0,0,1,2,3
10704,VILLA CHARCAS,"mortalidad perinatal, neonatal e infantil",muerte neonatal  temprana (0-6 dias) confirmada,2019-02-01,0,0,0,2,0,2,2
30801,CLIZA,"mortalidad perinatal, neonatal e infantil",muerte neonatal  temprana (0-6 dias) confirmada,2019-03-01,1,0,0,0,1,0,1
30101,COCHABAMBA,"mortalidad perinatal, neonatal e infantil",muerte neonatal  temprana (0-6 dias) confirmada,2019-03-01,3,5,0,0,3,5,8
70102,COTOCA,"mortalidad perinatal, neonatal e infantil",muerte neonatal  temprana (0-6 dias) confirmada,2019-03-01,0,0,0,1,0,1,1
20105,EL ALTO,"mortalidad perinatal, neonatal e infantil",muerte neonatal  temprana (0-6 dias) confirmada,2019-03-01,5,3,3,0,8,3,11
10405,EL VILLAR,"mortalidad perinatal, neonatal e infantil",muerte neonatal  temprana (0-6 dias) confirmada,2019-03-01,1,0,0,0,1,0,1
20101,LA PAZ,"mortalidad perinatal, neonatal e infantil",muerte neonatal  temprana (0-6 dias) confirmada,2019-03-01,3,5,0,0,3,5,8
71001,MONTERO,"mortalidad perinatal, neonatal e infantil",muerte neonatal  temprana (0-6 dias) confirmada,2019-03-01,0,1,0,1,0,2,2
40101,ORURO,"mortalidad perinatal, neonatal e infantil",muerte neonatal  temprana (0-6 dias) confirmada,2019-03-01,5,1,0,0,5,1,6
50101,POTOSI,"mortalidad perinatal, neonatal e infantil",muerte neonatal  temprana (0-6 dias) confirmada,2019-03-01,1,3,0,0,1,3,4
80304,RURRENABAQUE,"mortalidad perinatal, neonatal e infantil",muerte neonatal  temprana (0-6 dias) confirmada,2019-03-01,1,0,0,0,1,0,1
40801,SALINAS DE GARCI MENDOZA,"mortalidad perinatal, neonatal e infantil",muerte neonatal  temprana (0-6 dias) confirmada,2019-03-01,0,0,1,0,1,0,1
21502,SAN BUENA VENTURA,"mortalidad perinatal, neonatal e infantil",muerte neonatal  temprana (0-6 dias) confirmada,2019-03-01,1,0,0,0,1,0,1
70402,SAN CARLOS,"mortalidad perinatal, neonatal e infantil",muerte neonatal  temprana (0-6 dias) confirmada,2019-03-01,0,0,1,0,1,0,1
70301,SAN IGNACIO DE VELASCO,"mortalidad perinatal, neonatal e infantil",muerte neonatal  temprana (0-6 dias) confirmada,2019-03-01,0,1,0,0,0,1,1
70101,SANTA CRUZ DE LA SIERRA,"mortalidad perinatal, neonatal e infantil",muerte neonatal  temprana (0-6 dias) confirmada,2019-03-01,1,1,0,0,1,1,2
10101,SUCRE,"mortalidad perinatal, neonatal e infantil",muerte neonatal  temprana (0-6 dias) confirmada,2019-03-01,1,0,0,0,1,0,1
60101,TARIJA,"mortalidad perinatal, neonatal e infantil",muerte neonatal  temprana (0-6 dias) confirmada,2019-03-01,1,0,0,0,1,0,1
70201,WARNES,"mortalidad perinatal, neonatal e infantil",muerte neonatal  temprana (0-6 dias) confirmada,2019-03-01,1,1,0,0,1,1,2
30101,COCHABAMBA,"mortalidad perinatal, neonatal e infantil",muerte neonatal  temprana (0-6 dias) confirmada,2019-04-01,2,6,0,0,2,6,8
70102,COTOCA,"mortalidad perinatal, neonatal e infantil",muerte neonatal  temprana (0-6 dias) confirmada,2019-04-01,0,0,0,1,0,1,1
20105,EL ALTO,"mortalidad perinatal, neonatal e infantil",muerte neonatal  temprana (0-6 dias) confirmada,2019-04-01,3,4,0,0,3,4,7
60502,EL PUENTE(TJA),"mortalidad perinatal, neonatal e infantil",muerte neonatal  temprana (0-6 dias) confirmada,2019-04-01,0,0,0,1,0,1,1
80202,GUAYARAMERIN,"mortalidad perinatal, neonatal e infantil",muerte neonatal  temprana (0-6 dias) confirmada,2019-04-01,0,1,0,0,0,1,1
20101,LA PAZ,"mortalidad perinatal, neonatal e infantil",muerte neonatal  temprana (0-6 dias) confirmada,2019-04-01,1,2,0,0,1,2,3
40101,ORURO,"mortalidad perinatal, neonatal e infantil",muerte neonatal  temprana (0-6 dias) confirmada,2019-04-01,2,4,0,0,2,4,6
70601,PORTACHUELO,"mortalidad perinatal, neonatal e infantil",muerte neonatal  temprana (0-6 dias) confirmada,2019-04-01,1,0,0,0,1,0,1
50101,POTOSI,"mortalidad perinatal, neonatal e infantil",muerte neonatal  temprana (0-6 dias) confirmada,2019-04-01,2,3,0,0,2,3,5
80201,RIBERALTA,"mortalidad perinatal, neonatal e infantil",muerte neonatal  temprana (0-6 dias) confirmada,2019-04-01,4,0,0,0,4,0,4
80304,RURRENABAQUE,"mortalidad perinatal, neonatal e infantil",muerte neonatal  temprana (0-6 dias) confirmada,2019-04-01,1,0,0,0,1,0,1
70301,SAN IGNACIO DE VELASCO,"mortalidad perinatal, neonatal e infantil",muerte neonatal  temprana (0-6 dias) confirmada,2019-04-01,1,0,0,0,1,0,1
10702,SAN LUCAS,"mortalidad perinatal, neonatal e infantil",muerte neonatal  temprana (0-6 dias) confirmada,2019-04-01,0,0,1,0,1,0,1
70101,SANTA CRUZ DE LA SIERRA,"mortalidad perinatal, neonatal e infantil",muerte neonatal  temprana (0-6 dias) confirmada,2019-04-01,3,0,0,1,3,1,4
10101,SUCRE,"mortalidad perinatal, neonatal e infantil",muerte neonatal  temprana (0-6 dias) confirmada,2019-04-01,0,2,0,0,0,2,2
31601,TIRAQUE (CBBA),"mortalidad perinatal, neonatal e infantil",muerte neonatal  temprana (0-6 dias) confirmada,2019-04-01,1,0,0,0,1,0,1
31003,VILLA TUNARI,"mortalidad perinatal, neonatal e infantil",muerte neonatal  temprana (0-6 dias) confirmada,2019-04-01,0,1,0,0,0,1,1
70201,WARNES,"mortalidad perinatal, neonatal e infantil",muerte neonatal  temprana (0-6 dias) confirmada,2019-04-01,1,1,0,0,1,1,2
30101,COCHABAMBA,"mortalidad perinatal, neonatal e infantil",muerte neonatal  temprana (0-6 dias) confirmada,2019-05-01,7,2,0,0,7,2,9
20105,EL ALTO,"mortalidad perinatal, neonatal e infantil",muerte neonatal  temprana (0-6 dias) confirmada,2019-05-01,1,3,0,0,1,3,4
80202,GUAYARAMERIN,"mortalidad perinatal, neonatal e infantil",muerte neonatal  temprana (0-6 dias) confirmada,2019-05-01,0,1,0,0,0,1,1
10304,ICLA,"mortalidad perinatal, neonatal e infantil",muerte neonatal  temprana (0-6 dias) confirmada,2019-05-01,0,0,0,1,0,1,1
20101,LA PAZ,"mortalidad perinatal, neonatal e infantil",muerte neonatal  temprana (0-6 dias) confirmada,2019-05-01,4,5,0,0,4,5,9
71001,MONTERO,"mortalidad perinatal, neonatal e infantil",muerte neonatal  temprana (0-6 dias) confirmada,2019-05-01,0,1,0,0,0,1,1
40101,ORURO,"mortalidad perinatal, neonatal e infantil",muerte neonatal  temprana (0-6 dias) confirmada,2019-05-01,2,3,0,1,2,4,6
70601,PORTACHUELO,"mortalidad perinatal, neonatal e infantil",muerte neonatal  temprana (0-6 dias) confirmada,2019-05-01,0,1,0,0,0,1,1
50101,POTOSI,"mortalidad perinatal, neonatal e infantil",muerte neonatal  temprana (0-6 dias) confirmada,2019-05-01,2,0,0,0,2,0,2
80302,SAN BORJA,"mortalidad perinatal, neonatal e infantil",muerte neonatal  temprana (0-6 dias) confirmada,2019-05-01,1,1,0,0,1,1,2
80501,SAN IGNACIO,"mortalidad perinatal, neonatal e infantil",muerte neonatal  temprana (0-6 dias) confirmada,2019-05-01,0,1,0,0,0,1,1
70301,SAN IGNACIO DE VELASCO,"mortalidad perinatal, neonatal e infantil",muerte neonatal  temprana (0-6 dias) confirmada,2019-05-01,1,0,0,0,1,0,1
70101,SANTA CRUZ DE LA SIERRA,"mortalidad perinatal, neonatal e infantil",muerte neonatal  temprana (0-6 dias) confirmada,2019-05-01,4,3,0,0,4,3,7
30903,TIQUIPAYA,"mortalidad perinatal, neonatal e infantil",muerte neonatal  temprana (0-6 dias) confirmada,2019-05-01,1,0,0,0,1,0,1
31003,VILLA TUNARI,"mortalidad perinatal, neonatal e infantil",muerte neonatal  temprana (0-6 dias) confirmada,2019-05-01,0,1,0,0,0,1,1
20503,AUCAPATA,"mortalidad perinatal, neonatal e infantil",muerte neonatal  temprana (0-6 dias) confirmada,2019-06-01,0,0,0,1,0,1,1
50202,CHAYANTA,"mortalidad perinatal, neonatal e infantil",muerte neonatal  temprana (0-6 dias) confirmada,2019-06-01,1,0,0,0,1,0,1
30101,COCHABAMBA,"mortalidad perinatal, neonatal e infantil",muerte neonatal  temprana (0-6 dias) confirmada,2019-06-01,4,4,0,0,4,4,8
30905,COLCAPIRHUA,"mortalidad perinatal, neonatal e infantil",muerte neonatal  temprana (0-6 dias) confirmada,2019-06-01,0,1,0,0,0,1,1
20105,EL ALTO,"mortalidad perinatal, neonatal e infantil",muerte neonatal  temprana (0-6 dias) confirmada,2019-06-01,4,4,0,0,4,4,8
80202,GUAYARAMERIN,"mortalidad perinatal, neonatal e infantil",muerte neonatal  temprana (0-6 dias) confirmada,2019-06-01,0,1,0,0,0,1,1
20101,LA PAZ,"mortalidad perinatal, neonatal e infantil",muerte neonatal  temprana (0-6 dias) confirmada,2019-06-01,8,7,0,0,8,7,15
71001,MONTERO,"mortalidad perinatal, neonatal e infantil",muerte neonatal  temprana (0-6 dias) confirmada,2019-06-01,1,1,0,0,1,1,2
40101,ORURO,"mortalidad perinatal, neonatal e infantil",muerte neonatal  temprana (0-6 dias) confirmada,2019-06-01,1,0,0,0,1,0,1
50101,POTOSI,"mortalidad perinatal, neonatal e infantil",muerte neonatal  temprana (0-6 dias) confirmada,2019-06-01,3,4,0,0,3,4,7
51101,PUNA,"mortalidad perinatal, neonatal e infantil",muerte neonatal  temprana (0-6 dias) confirmada,2019-06-01,1,0,0,0,1,0,1
70101,SANTA CRUZ DE LA SIERRA,"mortalidad perinatal, neonatal e infantil",muerte neonatal  temprana (0-6 dias) confirmada,2019-06-01,7,1,0,0,7,1,8
10101,SUCRE,"mortalidad perinatal, neonatal e infantil",muerte neonatal  temprana (0-6 dias) confirmada,2019-06-01,5,7,0,0,5,7,12
50801,TUPIZA,"mortalidad perinatal, neonatal e infantil",muerte neonatal  temprana (0-6 dias) confirmada,2019-06-01,1,0,0,0,1,0,1
51501,VILLAZON,"mortalidad perinatal, neonatal e infantil",muerte neonatal  temprana (0-6 dias) confirmada,2019-06-01,1,0,0,0,1,0,1
30301,AYOPAYA (V. DE INDEPENDENCIA),"mortalidad perinatal, neonatal e infantil",muerte neonatal  temprana (0-6 dias) confirmada,2019-07-01,1,0,0,0,1,0,1
30101,COCHABAMBA,"mortalidad perinatal, neonatal e infantil",muerte neonatal  temprana (0-6 dias) confirmada,2019-07-01,5,2,0,0,5,2,7
20105,EL ALTO,"mortalidad perinatal, neonatal e infantil",muerte neonatal  temprana (0-6 dias) confirmada,2019-07-01,6,1,0,0,6,1,7
80202,GUAYARAMERIN,"mortalidad perinatal, neonatal e infantil",muerte neonatal  temprana (0-6 dias) confirmada,2019-07-01,2,0,0,0,2,0,2
20101,LA PAZ,"mortalidad perinatal, neonatal e infantil",muerte neonatal  temprana (0-6 dias) confirmada,2019-07-01,10,5,0,0,10,5,15
40702,MACHACAMARCA,"mortalidad perinatal, neonatal e infantil",muerte neonatal  temprana (0-6 dias) confirmada,2019-07-01,0,0,0,1,0,1,1
40101,ORURO,"mortalidad perinatal, neonatal e infantil",muerte neonatal  temprana (0-6 dias) confirmada,2019-07-01,4,3,0,0,4,3,7
70601,PORTACHUELO,"mortalidad perinatal, neonatal e infantil",muerte neonatal  temprana (0-6 dias) confirmada,2019-07-01,0,1,0,0,0,1,1
50101,POTOSI,"mortalidad perinatal, neonatal e infantil",muerte neonatal  temprana (0-6 dias) confirmada,2019-07-01,3,1,0,0,3,1,4
80201,RIBERALTA,"mortalidad perinatal, neonatal e infantil",muerte neonatal  temprana (0-6 dias) confirmada,2019-07-01,1,3,0,0,1,3,4
70301,SAN IGNACIO DE VELASCO,"mortalidad perinatal, neonatal e infantil",muerte neonatal  temprana (0-6 dias) confirmada,2019-07-01,0,1,0,0,0,1,1
10101,SUCRE,"mortalidad perinatal, neonatal e infantil",muerte neonatal  temprana (0-6 dias) confirmada,2019-07-01,1,4,0,0,1,4,5
31003,VILLA TUNARI,"mortalidad perinatal, neonatal e infantil",muerte neonatal  temprana (0-6 dias) confirmada,2019-07-01,1,0,0,0,1,0,1
50202,CHAYANTA,"mortalidad perinatal, neonatal e infantil",muerte neonatal  temprana (0-6 dias) confirmada,2019-08-01,0,1,0,0,0,1,1
30101,COCHABAMBA,"mortalidad perinatal, neonatal e infantil",muerte neonatal  temprana (0-6 dias) confirmada,2019-08-01,2,5,0,0,2,5,7
20105,EL ALTO,"mortalidad perinatal, neonatal e infantil",muerte neonatal  temprana (0-6 dias) confirmada,2019-08-01,2,0,2,0,4,0,4
21501,IXIAMAS,"mortalidad perinatal, neonatal e infantil",muerte neonatal  temprana (0-6 dias) confirmada,2019-08-01,1,0,0,0,1,0,1
20101,LA PAZ,"mortalidad perinatal, neonatal e infantil",muerte neonatal  temprana (0-6 dias) confirmada,2019-08-01,4,1,0,0,4,1,5
71001,MONTERO,"mortalidad perinatal, neonatal e infantil",muerte neonatal  temprana (0-6 dias) confirmada,2019-08-01,0,1,1,0,1,1,2
40101,ORURO,"mortalidad perinatal, neonatal e infantil",muerte neonatal  temprana (0-6 dias) confirmada,2019-08-01,2,0,0,0,2,0,2
50101,POTOSI,"mortalidad perinatal, neonatal e infantil",muerte neonatal  temprana (0-6 dias) confirmada,2019-08-01,2,2,0,0,2,2,4
30901,QUILLACOLLO,"mortalidad perinatal, neonatal e infantil",muerte neonatal  temprana (0-6 dias) confirmada,2019-08-01,0,1,0,0,0,1,1
80304,RURRENABAQUE,"mortalidad perinatal, neonatal e infantil",muerte neonatal  temprana (0-6 dias) confirmada,2019-08-01,1,0,0,0,1,0,1
80302,SAN BORJA,"mortalidad perinatal, neonatal e infantil",muerte neonatal  temprana (0-6 dias) confirmada,2019-08-01,0,1,0,0,0,1,1
70101,SANTA CRUZ DE LA SIERRA,"mortalidad perinatal, neonatal e infantil",muerte neonatal  temprana (0-6 dias) confirmada,2019-08-01,3,3,0,0,3,3,6
30902,SIPE SIPE,"mortalidad perinatal, neonatal e infantil",muerte neonatal  temprana (0-6 dias) confirmada,2019-08-01,0,0,0,1,0,1,1
10101,SUCRE,"mortalidad perinatal, neonatal e infantil",muerte neonatal  temprana (0-6 dias) confirmada,2019-08-01,2,1,0,0,2,1,3
70201,WARNES,"mortalidad perinatal, neonatal e infantil",muerte neonatal  temprana (0-6 dias) confirmada,2019-08-01,0,1,0,0,0,1,1
20201,ACHACACHI,"mortalidad perinatal, neonatal e infantil",muerte neonatal  temprana (0-6 dias) confirmada,2019-09-01,1,0,0,0,1,0,1
22001,CARANAVI,"mortalidad perinatal, neonatal e infantil",muerte neonatal  temprana (0-6 dias) confirmada,2019-09-01,0,2,0,0,0,2,2
30101,COCHABAMBA,"mortalidad perinatal, neonatal e infantil",muerte neonatal  temprana (0-6 dias) confirmada,2019-09-01,5,0,0,0,5,0,5
50901,"COLCHA ""K""","mortalidad perinatal, neonatal e infantil",muerte neonatal  temprana (0-6 dias) confirmada,2019-09-01,0,0,0,1,0,1,1
20105,EL ALTO,"mortalidad perinatal, neonatal e infantil",muerte neonatal  temprana (0-6 dias) confirmada,2019-09-01,2,4,2,0,4,4,8
80202,GUAYARAMERIN,"mortalidad perinatal, neonatal e infantil",muerte neonatal  temprana (0-6 dias) confirmada,2019-09-01,1,1,0,0,1,1,2
20101,LA PAZ,"mortalidad perinatal, neonatal e infantil",muerte neonatal  temprana (0-6 dias) confirmada,2019-09-01,7,5,0,0,7,5,12
40101,ORURO,"mortalidad perinatal, neonatal e infantil",muerte neonatal  temprana (0-6 dias) confirmada,2019-09-01,1,2,0,0,1,2,3
50101,POTOSI,"mortalidad perinatal, neonatal e infantil",muerte neonatal  temprana (0-6 dias) confirmada,2019-09-01,1,0,0,0,1,0,1
80201,RIBERALTA,"mortalidad perinatal, neonatal e infantil",muerte neonatal  temprana (0-6 dias) confirmada,2019-09-01,1,2,1,0,2,2,4
80304,RURRENABAQUE,"mortalidad perinatal, neonatal e infantil",muerte neonatal  temprana (0-6 dias) confirmada,2019-09-01,0,0,1,0,1,0,1
80401,SANTA ANA,"mortalidad perinatal, neonatal e infantil",muerte neonatal  temprana (0-6 dias) confirmada,2019-09-01,1,0,0,0,1,0,1
70101,SANTA CRUZ DE LA SIERRA,"mortalidad perinatal, neonatal e infantil",muerte neonatal  temprana (0-6 dias) confirmada,2019-09-01,0,4,0,0,0,4,4
30902,SIPE SIPE,"mortalidad perinatal, neonatal e infantil",muerte neonatal  temprana (0-6 dias) confirmada,2019-09-01,0,0,0,1,0,1,1
10101,SUCRE,"mortalidad perinatal, neonatal e infantil",muerte neonatal  temprana (0-6 dias) confirmada,2019-09-01,4,6,0,0,4,6,10
60101,TARIJA,"mortalidad perinatal, neonatal e infantil",muerte neonatal  temprana (0-6 dias) confirmada,2019-09-01,0,1,0,0,0,1,1
51202,TOMAVE,"mortalidad perinatal, neonatal e infantil",muerte neonatal  temprana (0-6 dias) confirmada,2019-09-01,0,0,0,1,0,1,1
50801,TUPIZA,"mortalidad perinatal, neonatal e infantil",muerte neonatal  temprana (0-6 dias) confirmada,2019-09-01,1,0,0,0,1,0,1
31003,VILLA TUNARI,"mortalidad perinatal, neonatal e infantil",muerte neonatal  temprana (0-6 dias) confirmada,2019-09-01,0,0,0,1,0,1,1
51501,VILLAZON,"mortalidad perinatal, neonatal e infantil",muerte neonatal  temprana (0-6 dias) confirmada,2019-09-01,1,1,0,0,1,1,2
90101,COBIJA,"mortalidad perinatal, neonatal e infantil",muerte neonatal  temprana (0-6 dias) confirmada,2019-10-01,1,0,0,0,1,0,1
30101,COCHABAMBA,"mortalidad perinatal, neonatal e infantil",muerte neonatal  temprana (0-6 dias) confirmada,2019-10-01,4,4,0,0,4,4,8
20105,EL ALTO,"mortalidad perinatal, neonatal e infantil",muerte neonatal  temprana (0-6 dias) confirmada,2019-10-01,5,1,1,0,6,1,7
20101,LA PAZ,"mortalidad perinatal, neonatal e infantil",muerte neonatal  temprana (0-6 dias) confirmada,2019-10-01,5,6,0,0,5,6,11
71001,MONTERO,"mortalidad perinatal, neonatal e infantil",muerte neonatal  temprana (0-6 dias) confirmada,2019-10-01,1,1,0,0,1,1,2
40101,ORURO,"mortalidad perinatal, neonatal e infantil",muerte neonatal  temprana (0-6 dias) confirmada,2019-10-01,8,1,0,0,8,1,9
50101,POTOSI,"mortalidad perinatal, neonatal e infantil",muerte neonatal  temprana (0-6 dias) confirmada,2019-10-01,1,0,0,0,1,0,1
80201,RIBERALTA,"mortalidad perinatal, neonatal e infantil",muerte neonatal  temprana (0-6 dias) confirmada,2019-10-01,4,0,0,0,4,0,4
10702,SAN LUCAS,"mortalidad perinatal, neonatal e infantil",muerte neonatal  temprana (0-6 dias) confirmada,2019-10-01,0,0,0,1,0,1,1
70101,SANTA CRUZ DE LA SIERRA,"mortalidad perinatal, neonatal e infantil",muerte neonatal  temprana (0-6 dias) confirmada,2019-10-01,1,1,0,0,1,1,2
10101,SUCRE,"mortalidad perinatal, neonatal e infantil",muerte neonatal  temprana (0-6 dias) confirmada,2019-10-01,4,4,0,0,4,4,8
80101,TRINIDAD,"mortalidad perinatal, neonatal e infantil",muerte neonatal  temprana (0-6 dias) confirmada,2019-10-01,1,0,0,0,1,0,1
50801,TUPIZA,"mortalidad perinatal, neonatal e infantil",muerte neonatal  temprana (0-6 dias) confirmada,2019-10-01,1,0,0,0,1,0,1
50201,UNCIA,"mortalidad perinatal, neonatal e infantil",muerte neonatal  temprana (0-6 dias) confirmada,2019-10-01,0,0,0,1,0,1,1
31003,VILLA TUNARI,"mortalidad perinatal, neonatal e infantil",muerte neonatal  temprana (0-6 dias) confirmada,2019-10-01,1,0,0,0,1,0,1
51501,VILLAZON,"mortalidad perinatal, neonatal e infantil",muerte neonatal  temprana (0-6 dias) confirmada,2019-10-01,0,1,0,0,0,1,1
70201,WARNES,"mortalidad perinatal, neonatal e infantil",muerte neonatal  temprana (0-6 dias) confirmada,2019-10-01,1,0,0,0,1,0,1
10301,ZUDAÑEZ,"mortalidad perinatal, neonatal e infantil",muerte neonatal  temprana (0-6 dias) confirmada,2019-10-01,1,0,0,0,1,0,1
70702,CHARAGUA,"mortalidad perinatal, neonatal e infantil",muerte neonatal  temprana (0-6 dias) confirmada,2019-11-01,0,1,0,0,0,1,1
90101,COBIJA,"mortalidad perinatal, neonatal e infantil",muerte neonatal  temprana (0-6 dias) confirmada,2019-11-01,1,1,0,0,1,1,2
30101,COCHABAMBA,"mortalidad perinatal, neonatal e infantil",muerte neonatal  temprana (0-6 dias) confirmada,2019-11-01,6,3,0,0,6,3,9
70102,COTOCA,"mortalidad perinatal, neonatal e infantil",muerte neonatal  temprana (0-6 dias) confirmada,2019-11-01,0,1,0,0,0,1,1
20105,EL ALTO,"mortalidad perinatal, neonatal e infantil",muerte neonatal  temprana (0-6 dias) confirmada,2019-11-01,5,3,1,1,6,4,10
71503,EL PUENTE(STC),"mortalidad perinatal, neonatal e infantil",muerte neonatal  temprana (0-6 dias) confirmada,2019-11-01,1,0,0,0,1,0,1
80202,GUAYARAMERIN,"mortalidad perinatal, neonatal e infantil",muerte neonatal  temprana (0-6 dias) confirmada,2019-11-01,0,1,0,0,0,1,1
20101,LA PAZ,"mortalidad perinatal, neonatal e infantil",muerte neonatal  temprana (0-6 dias) confirmada,2019-11-01,4,5,0,0,4,5,9
30302,MOROCHATA,"mortalidad perinatal, neonatal e infantil",muerte neonatal  temprana (0-6 dias) confirmada,2019-11-01,0,0,0,1,0,1,1
40101,ORURO,"mortalidad perinatal, neonatal e infantil",muerte neonatal  temprana (0-6 dias) confirmada,2019-11-01,1,0,0,0,1,0,1
50101,POTOSI,"mortalidad perinatal, neonatal e infantil",muerte neonatal  temprana (0-6 dias) confirmada,2019-11-01,1,1,0,0,1,1,2
71401,PUERTO SUAREZ,"mortalidad perinatal, neonatal e infantil",muerte neonatal  temprana (0-6 dias) confirmada,2019-11-01,0,0,2,0,2,0,2
80201,RIBERALTA,"mortalidad perinatal, neonatal e infantil",muerte neonatal  temprana (0-6 dias) confirmada,2019-11-01,1,1,0,0,1,1,2
31001,SACABA,"mortalidad perinatal, neonatal e infantil",muerte neonatal  temprana (0-6 dias) confirmada,2019-11-01,0,1,0,0,0,1,1
80302,SAN BORJA,"mortalidad perinatal, neonatal e infantil",muerte neonatal  temprana (0-6 dias) confirmada,2019-11-01,0,1,0,0,0,1,1
70101,SANTA CRUZ DE LA SIERRA,"mortalidad perinatal, neonatal e infantil",muerte neonatal  temprana (0-6 dias) confirmada,2019-11-01,3,1,0,0,3,1,4
10101,SUCRE,"mortalidad perinatal, neonatal e infantil",muerte neonatal  temprana (0-6 dias) confirmada,2019-11-01,7,0,0,0,7,0,7
60101,TARIJA,"mortalidad perinatal, neonatal e infantil",muerte neonatal  temprana (0-6 dias) confirmada,2019-11-01,1,1,0,0,1,1,2
50801,TUPIZA,"mortalidad perinatal, neonatal e infantil",muerte neonatal  temprana (0-6 dias) confirmada,2019-11-01,0,1,0,0,0,1,1
31003,VILLA TUNARI,"mortalidad perinatal, neonatal e infantil",muerte neonatal  temprana (0-6 dias) confirmada,2019-11-01,1,0,0,1,1,1,2
60301,YACUIBA,"mortalidad perinatal, neonatal e infantil",muerte neonatal  temprana (0-6 dias) confirmada,2019-11-01,0,1,0,0,0,1,1
21003,CAJUATA,"mortalidad perinatal, neonatal e infantil",muerte neonatal  temprana (0-6 dias) confirmada,2019-12-01,1,0,0,0,1,0,1
30101,COCHABAMBA,"mortalidad perinatal, neonatal e infantil",muerte neonatal  temprana (0-6 dias) confirmada,2019-12-01,4,0,0,0,4,0,4
20105,EL ALTO,"mortalidad perinatal, neonatal e infantil",muerte neonatal  temprana (0-6 dias) confirmada,2019-12-01,6,4,0,0,6,4,10
80202,GUAYARAMERIN,"mortalidad perinatal, neonatal e infantil",muerte neonatal  temprana (0-6 dias) confirmada,2019-12-01,0,1,0,0,0,1,1
10304,ICLA,"mortalidad perinatal, neonatal e infantil",muerte neonatal  temprana (0-6 dias) confirmada,2019-12-01,0,0,0,1,0,1,1
20101,LA PAZ,"mortalidad perinatal, neonatal e infantil",muerte neonatal  temprana (0-6 dias) confirmada,2019-12-01,4,1,0,0,4,1,5
40101,ORURO,"mortalidad perinatal, neonatal e infantil",muerte neonatal  temprana (0-6 dias) confirmada,2019-12-01,1,2,0,0,1,2,3
50101,POTOSI,"mortalidad perinatal, neonatal e infantil",muerte neonatal  temprana (0-6 dias) confirmada,2019-12-01,1,1,0,0,1,1,2
31205,PUERTO VILLARROEL,"mortalidad perinatal, neonatal e infantil",muerte neonatal  temprana (0-6 dias) confirmada,2019-12-01,1,1,0,0,1,1,2
80301,REYES,"mortalidad perinatal, neonatal e infantil",muerte neonatal  temprana (0-6 dias) confirmada,2019-12-01,0,1,0,0,0,1,1
80201,RIBERALTA,"mortalidad perinatal, neonatal e infantil",muerte neonatal  temprana (0-6 dias) confirmada,2019-12-01,1,1,0,0,1,1,2
70503,ROBORE,"mortalidad perinatal, neonatal e infantil",muerte neonatal  temprana (0-6 dias) confirmada,2019-12-01,1,0,0,0,1,0,1
31001,SACABA,"mortalidad perinatal, neonatal e infantil",muerte neonatal  temprana (0-6 dias) confirmada,2019-12-01,1,0,0,0,1,0,1
70301,SAN IGNACIO DE VELASCO,"mortalidad perinatal, neonatal e infantil",muerte neonatal  temprana (0-6 dias) confirmada,2019-12-01,1,1,0,0,1,1,2
21702,SAN PEDRO DE TIQUINA,"mortalidad perinatal, neonatal e infantil",muerte neonatal  temprana (0-6 dias) confirmada,2019-12-01,0,0,0,2,0,2,2
70101,SANTA CRUZ DE LA SIERRA,"mortalidad perinatal, neonatal e infantil",muerte neonatal  temprana (0-6 dias) confirmada,2019-12-01,5,2,2,0,7,2,9
10101,SUCRE,"mortalidad perinatal, neonatal e infantil",muerte neonatal  temprana (0-6 dias) confirmada,2019-12-01,6,7,0,0,6,7,13
60101,TARIJA,"mortalidad perinatal, neonatal e infantil",muerte neonatal  temprana (0-6 dias) confirmada,2019-12-01,2,0,0,1,2,1,3
10402,TOMINA,"mortalidad perinatal, neonatal e infantil",muerte neonatal  temprana (0-6 dias) confirmada,2019-12-01,0,0,1,0,1,0,1
31003,VILLA TUNARI,"mortalidad perinatal, neonatal e infantil",muerte neonatal  temprana (0-6 dias) confirmada,2019-12-01,0,0,0,1,0,1,1
60301,YACUIBA,"mortalidad perinatal, neonatal e infantil",muerte neonatal  temprana (0-6 dias) confirmada,2019-12-01,0,1,0,0,0,1,1
10301,ZUDAÑEZ,"mortalidad perinatal, neonatal e infantil",muerte neonatal  temprana (0-6 dias) confirmada,2019-12-01,0,1,0,0,0,1,1
71501,ASCENCION DE GUARAYOS,"mortalidad perinatal, neonatal e infantil",muerte neonatal  temprana (0-6 dias) confirmada,2020-01-01,0,1,0,0,0,1,1
70706,CAMIRI,"mortalidad perinatal, neonatal e infantil",muerte neonatal  temprana (0-6 dias) confirmada,2020-01-01,0,0,1,0,1,0,1
90101,COBIJA,"mortalidad perinatal, neonatal e infantil",muerte neonatal  temprana (0-6 dias) confirmada,2020-01-01,0,1,0,0,0,1,1
30101,COCHABAMBA,"mortalidad perinatal, neonatal e infantil",muerte neonatal  temprana (0-6 dias) confirmada,2020-01-01,3,6,0,0,3,6,9
20105,EL ALTO,"mortalidad perinatal, neonatal e infantil",muerte neonatal  temprana (0-6 dias) confirmada,2020-01-01,8,7,1,0,9,7,16
20101,LA PAZ,"mortalidad perinatal, neonatal e infantil",muerte neonatal  temprana (0-6 dias) confirmada,2020-01-01,9,4,0,0,9,4,13
31301,MIZQUE,"mortalidad perinatal, neonatal e infantil",muerte neonatal  temprana (0-6 dias) confirmada,2020-01-01,1,0,0,0,1,0,1
30302,MOROCHATA,"mortalidad perinatal, neonatal e infantil",muerte neonatal  temprana (0-6 dias) confirmada,2020-01-01,0,0,0,1,0,1,1
40101,ORURO,"mortalidad perinatal, neonatal e infantil",muerte neonatal  temprana (0-6 dias) confirmada,2020-01-01,6,2,0,0,6,2,8
70601,PORTACHUELO,"mortalidad perinatal, neonatal e infantil",muerte neonatal  temprana (0-6 dias) confirmada,2020-01-01,0,1,0,0,0,1,1
50101,POTOSI,"mortalidad perinatal, neonatal e infantil",muerte neonatal  temprana (0-6 dias) confirmada,2020-01-01,0,2,0,0,0,2,2
80201,RIBERALTA,"mortalidad perinatal, neonatal e infantil",muerte neonatal  temprana (0-6 dias) confirmada,2020-01-01,1,0,0,0,1,0,1
31001,SACABA,"mortalidad perinatal, neonatal e infantil",muerte neonatal  temprana (0-6 dias) confirmada,2020-01-01,1,1,0,0,1,1,2
80302,SAN BORJA,"mortalidad perinatal, neonatal e infantil",muerte neonatal  temprana (0-6 dias) confirmada,2020-01-01,1,2,0,0,1,2,3
70301,SAN IGNACIO DE VELASCO,"mortalidad perinatal, neonatal e infantil",muerte neonatal  temprana (0-6 dias) confirmada,2020-01-01,1,0,0,0,1,0,1
70101,SANTA CRUZ DE LA SIERRA,"mortalidad perinatal, neonatal e infantil",muerte neonatal  temprana (0-6 dias) confirmada,2020-01-01,1,1,0,0,1,1,2
31602,SHINAOTA,"mortalidad perinatal, neonatal e infantil",muerte neonatal  temprana (0-6 dias) confirmada,2020-01-01,0,0,0,1,0,1,1
10101,SUCRE,"mortalidad perinatal, neonatal e infantil",muerte neonatal  temprana (0-6 dias) confirmada,2020-01-01,2,3,0,0,2,3,5
60101,TARIJA,"mortalidad perinatal, neonatal e infantil",muerte neonatal  temprana (0-6 dias) confirmada,2020-01-01,3,1,0,0,3,1,4
20803,TIAHUANACU,"mortalidad perinatal, neonatal e infantil",muerte neonatal  temprana (0-6 dias) confirmada,2020-01-01,0,0,0,1,0,1,1
80101,TRINIDAD,"mortalidad perinatal, neonatal e infantil",muerte neonatal  temprana (0-6 dias) confirmada,2020-01-01,3,2,0,0,3,2,5
51501,VILLAZON,"mortalidad perinatal, neonatal e infantil",muerte neonatal  temprana (0-6 dias) confirmada,2020-01-01,2,0,0,0,2,0,2
60301,YACUIBA,"mortalidad perinatal, neonatal e infantil",muerte neonatal  temprana (0-6 dias) confirmada,2020-01-01,0,3,0,0,0,3,3
20701,APOLO,"mortalidad perinatal, neonatal e infantil",muerte neonatal  temprana (0-6 dias) confirmada,2020-02-01,0,1,0,0,0,1,1
71501,ASCENCION DE GUARAYOS,"mortalidad perinatal, neonatal e infantil",muerte neonatal  temprana (0-6 dias) confirmada,2020-02-01,1,0,0,0,1,0,1
30101,COCHABAMBA,"mortalidad perinatal, neonatal e infantil",muerte neonatal  temprana (0-6 dias) confirmada,2020-02-01,4,6,0,0,4,6,10
20105,EL ALTO,"mortalidad perinatal, neonatal e infantil",muerte neonatal  temprana (0-6 dias) confirmada,2020-02-01,3,3,0,0,3,3,6
20101,LA PAZ,"mortalidad perinatal, neonatal e infantil",muerte neonatal  temprana (0-6 dias) confirmada,2020-02-01,9,5,0,0,9,5,14
40101,ORURO,"mortalidad perinatal, neonatal e infantil",muerte neonatal  temprana (0-6 dias) confirmada,2020-02-01,3,2,0,0,3,2,5
50101,POTOSI,"mortalidad perinatal, neonatal e infantil",muerte neonatal  temprana (0-6 dias) confirmada,2020-02-01,1,1,0,0,1,1,2
80201,RIBERALTA,"mortalidad perinatal, neonatal e infantil",muerte neonatal  temprana (0-6 dias) confirmada,2020-02-01,1,2,0,0,1,2,3
80304,RURRENABAQUE,"mortalidad perinatal, neonatal e infantil",muerte neonatal  temprana (0-6 dias) confirmada,2020-02-01,0,0,1,0,1,0,1
21502,SAN BUENA VENTURA,"mortalidad perinatal, neonatal e infantil",muerte neonatal  temprana (0-6 dias) confirmada,2020-02-01,1,0,0,0,1,0,1
71102,SAN JAVIER(STC),"mortalidad perinatal, neonatal e infantil",muerte neonatal  temprana (0-6 dias) confirmada,2020-02-01,1,0,0,0,1,0,1
70101,SANTA CRUZ DE LA SIERRA,"mortalidad perinatal, neonatal e infantil",muerte neonatal  temprana (0-6 dias) confirmada,2020-02-01,5,5,0,0,5,5,10
30702,SANTIVAÑES,"mortalidad perinatal, neonatal e infantil",muerte neonatal  temprana (0-6 dias) confirmada,2020-02-01,0,0,0,1,0,1,1
10101,SUCRE,"mortalidad perinatal, neonatal e infantil",muerte neonatal  temprana (0-6 dias) confirmada,2020-02-01,1,1,0,0,1,1,2
80101,TRINIDAD,"mortalidad perinatal, neonatal e infantil",muerte neonatal  temprana (0-6 dias) confirmada,2020-02-01,4,4,0,0,4,4,8
50801,TUPIZA,"mortalidad perinatal, neonatal e infantil",muerte neonatal  temprana (0-6 dias) confirmada,2020-02-01,0,1,0,0,0,1,1
51201,UYUNI,"mortalidad perinatal, neonatal e infantil",muerte neonatal  temprana (0-6 dias) confirmada,2020-02-01,2,0,0,0,2,0,2
60303,VILLA MONTES,"mortalidad perinatal, neonatal e infantil",muerte neonatal  temprana (0-6 dias) confirmada,2020-02-01,1,1,0,0,1,1,2
60301,YACUIBA,"mortalidad perinatal, neonatal e infantil",muerte neonatal  temprana (0-6 dias) confirmada,2020-02-01,1,0,0,0,1,0,1
70706,CAMIRI,"mortalidad perinatal, neonatal e infantil",muerte neonatal  temprana (0-6 dias) confirmada,2020-03-01,1,0,0,0,1,0,1
22001,CARANAVI,"mortalidad perinatal, neonatal e infantil",muerte neonatal  temprana (0-6 dias) confirmada,2020-03-01,0,0,1,0,1,0,1
30101,COCHABAMBA,"mortalidad perinatal, neonatal e infantil",muerte neonatal  temprana (0-6 dias) confirmada,2020-03-01,4,3,0,0,4,3,7
71101,CONCEPCION,"mortalidad perinatal, neonatal e infantil",muerte neonatal  temprana (0-6 dias) confirmada,2020-03-01,0,1,0,0,0,1,1
20105,EL ALTO,"mortalidad perinatal, neonatal e infantil",muerte neonatal  temprana (0-6 dias) confirmada,2020-03-01,2,4,0,0,2,4,6
20101,LA PAZ,"mortalidad perinatal, neonatal e infantil",muerte neonatal  temprana (0-6 dias) confirmada,2020-03-01,4,8,0,0,4,8,12
40101,ORURO,"mortalidad perinatal, neonatal e infantil",muerte neonatal  temprana (0-6 dias) confirmada,2020-03-01,4,0,0,0,4,0,4
50101,POTOSI,"mortalidad perinatal, neonatal e infantil",muerte neonatal  temprana (0-6 dias) confirmada,2020-03-01,2,4,0,0,2,4,6
31205,PUERTO VILLARROEL,"mortalidad perinatal, neonatal e infantil",muerte neonatal  temprana (0-6 dias) confirmada,2020-03-01,2,1,0,0,2,1,3
80201,RIBERALTA,"mortalidad perinatal, neonatal e infantil",muerte neonatal  temprana (0-6 dias) confirmada,2020-03-01,2,0,0,0,2,0,2
70301,SAN IGNACIO DE VELASCO,"mortalidad perinatal, neonatal e infantil",muerte neonatal  temprana (0-6 dias) confirmada,2020-03-01,0,1,0,0,0,1,1
71201,SAN MATIAS,"mortalidad perinatal, neonatal e infantil",muerte neonatal  temprana (0-6 dias) confirmada,2020-03-01,0,0,1,0,1,0,1
71103,SAN RAMON SCZ,"mortalidad perinatal, neonatal e infantil",muerte neonatal  temprana (0-6 dias) confirmada,2020-03-01,1,0,0,0,1,0,1
70101,SANTA CRUZ DE LA SIERRA,"mortalidad perinatal, neonatal e infantil",muerte neonatal  temprana (0-6 dias) confirmada,2020-03-01,7,1,0,0,7,1,8
10101,SUCRE,"mortalidad perinatal, neonatal e infantil",muerte neonatal  temprana (0-6 dias) confirmada,2020-03-01,3,0,0,0,3,0,3
30903,TIQUIPAYA,"mortalidad perinatal, neonatal e infantil",muerte neonatal  temprana (0-6 dias) confirmada,2020-03-01,0,0,1,0,1,0,1
80101,TRINIDAD,"mortalidad perinatal, neonatal e infantil",muerte neonatal  temprana (0-6 dias) confirmada,2020-03-01,1,1,0,0,1,1,2
50801,TUPIZA,"mortalidad perinatal, neonatal e infantil",muerte neonatal  temprana (0-6 dias) confirmada,2020-03-01,1,0,0,0,1,0,1
60303,VILLA MONTES,"mortalidad perinatal, neonatal e infantil",muerte neonatal  temprana (0-6 dias) confirmada,2020-03-01,1,0,0,0,1,0,1
30101,COCHABAMBA,"mortalidad perinatal, neonatal e infantil",muerte neonatal  temprana (0-6 dias) confirmada,2020-04-01,4,3,0,0,4,3,7
30905,COLCAPIRHUA,"mortalidad perinatal, neonatal e infantil",muerte neonatal  temprana (0-6 dias) confirmada,2020-04-01,1,0,0,0,1,0,1
50901,"COLCHA ""K""","mortalidad perinatal, neonatal e infantil",muerte neonatal  temprana (0-6 dias) confirmada,2020-04-01,0,0,0,1,0,1,1
70102,COTOCA,"mortalidad perinatal, neonatal e infantil",muerte neonatal  temprana (0-6 dias) confirmada,2020-04-01,0,1,0,0,0,1,1
20105,EL ALTO,"mortalidad perinatal, neonatal e infantil",muerte neonatal  temprana (0-6 dias) confirmada,2020-04-01,7,7,1,1,8,8,16
20101,LA PAZ,"mortalidad perinatal, neonatal e infantil",muerte neonatal  temprana (0-6 dias) confirmada,2020-04-01,7,10,0,0,7,10,17
21202,LAJA,"mortalidad perinatal, neonatal e infantil",muerte neonatal  temprana (0-6 dias) confirmada,2020-04-01,0,0,0,1,0,1,1
50404,OCURI,"mortalidad perinatal, neonatal e infantil",muerte neonatal  temprana (0-6 dias) confirmada,2020-04-01,0,2,0,0,0,2,2
40101,ORURO,"mortalidad perinatal, neonatal e infantil",muerte neonatal  temprana (0-6 dias) confirmada,2020-04-01,2,1,0,0,2,1,3
70601,PORTACHUELO,"mortalidad perinatal, neonatal e infantil",muerte neonatal  temprana (0-6 dias) confirmada,2020-04-01,1,0,0,0,1,0,1
50101,POTOSI,"mortalidad perinatal, neonatal e infantil",muerte neonatal  temprana (0-6 dias) confirmada,2020-04-01,4,0,0,0,4,0,4
31205,PUERTO VILLARROEL,"mortalidad perinatal, neonatal e infantil",muerte neonatal  temprana (0-6 dias) confirmada,2020-04-01,0,1,1,0,1,1,2
80301,REYES,"mortalidad perinatal, neonatal e infantil",muerte neonatal  temprana (0-6 dias) confirmada,2020-04-01,1,0,0,0,1,0,1
80201,RIBERALTA,"mortalidad perinatal, neonatal e infantil",muerte neonatal  temprana (0-6 dias) confirmada,2020-04-01,0,2,0,0,0,2,2
31001,SACABA,"mortalidad perinatal, neonatal e infantil",muerte neonatal  temprana (0-6 dias) confirmada,2020-04-01,0,0,1,0,1,0,1
80302,SAN BORJA,"mortalidad perinatal, neonatal e infantil",muerte neonatal  temprana (0-6 dias) confirmada,2020-04-01,2,0,0,0,2,0,2
70301,SAN IGNACIO DE VELASCO,"mortalidad perinatal, neonatal e infantil",muerte neonatal  temprana (0-6 dias) confirmada,2020-04-01,1,0,0,0,1,0,1
70101,SANTA CRUZ DE LA SIERRA,"mortalidad perinatal, neonatal e infantil",muerte neonatal  temprana (0-6 dias) confirmada,2020-04-01,2,2,0,0,2,2,4
10101,SUCRE,"mortalidad perinatal, neonatal e infantil",muerte neonatal  temprana (0-6 dias) confirmada,2020-04-01,2,1,0,0,2,1,3
80101,TRINIDAD,"mortalidad perinatal, neonatal e infantil",muerte neonatal  temprana (0-6 dias) confirmada,2020-04-01,0,4,0,0,0,4,4
50801,TUPIZA,"mortalidad perinatal, neonatal e infantil",muerte neonatal  temprana (0-6 dias) confirmada,2020-04-01,1,0,0,0,1,0,1
51201,UYUNI,"mortalidad perinatal, neonatal e infantil",muerte neonatal  temprana (0-6 dias) confirmada,2020-04-01,3,0,0,1,3,1,4
60301,YACUIBA,"mortalidad perinatal, neonatal e infantil",muerte neonatal  temprana (0-6 dias) confirmada,2020-04-01,0,2,0,0,0,2,2
10602,YAMPARAEZ,"mortalidad perinatal, neonatal e infantil",muerte neonatal  temprana (0-6 dias) confirmada,2020-04-01,0,1,0,0,0,1,1
60402,YUNCHARA,"mortalidad perinatal, neonatal e infantil",muerte neonatal  temprana (0-6 dias) confirmada,2020-04-01,0,0,0,1,0,1,1
30301,AYOPAYA (V. DE INDEPENDENCIA),"mortalidad perinatal, neonatal e infantil",muerte neonatal  temprana (0-6 dias) confirmada,2020-05-01,0,0,0,1,0,1,1
21003,CAJUATA,"mortalidad perinatal, neonatal e infantil",muerte neonatal  temprana (0-6 dias) confirmada,2020-05-01,0,1,0,0,0,1,1
30701,CAPINOTA,"mortalidad perinatal, neonatal e infantil",muerte neonatal  temprana (0-6 dias) confirmada,2020-05-01,1,0,0,0,1,0,1
90101,COBIJA,"mortalidad perinatal, neonatal e infantil",muerte neonatal  temprana (0-6 dias) confirmada,2020-05-01,0,1,0,0,0,1,1
30101,COCHABAMBA,"mortalidad perinatal, neonatal e infantil",muerte neonatal  temprana (0-6 dias) confirmada,2020-05-01,2,5,0,1,2,6,8
50901,"COLCHA ""K""","mortalidad perinatal, neonatal e infantil",muerte neonatal  temprana (0-6 dias) confirmada,2020-05-01,1,0,0,0,1,0,1
20105,EL ALTO,"mortalidad perinatal, neonatal e infantil",muerte neonatal  temprana (0-6 dias) confirmada,2020-05-01,6,2,1,0,7,2,9
20806,JESUS DE MACHACA,"mortalidad perinatal, neonatal e infantil",muerte neonatal  temprana (0-6 dias) confirmada,2020-05-01,0,1,0,0,0,1,1
20101,LA PAZ,"mortalidad perinatal, neonatal e infantil",muerte neonatal  temprana (0-6 dias) confirmada,2020-05-01,6,5,0,0,6,5,11
40101,ORURO,"mortalidad perinatal, neonatal e infantil",muerte neonatal  temprana (0-6 dias) confirmada,2020-05-01,5,4,0,0,5,4,9
50101,POTOSI,"mortalidad perinatal, neonatal e infantil",muerte neonatal  temprana (0-6 dias) confirmada,2020-05-01,2,1,0,0,2,1,3
80201,RIBERALTA,"mortalidad perinatal, neonatal e infantil",muerte neonatal  temprana (0-6 dias) confirmada,2020-05-01,1,1,0,0,1,1,2
31001,SACABA,"mortalidad perinatal, neonatal e infantil",muerte neonatal  temprana (0-6 dias) confirmada,2020-05-01,1,1,0,0,1,1,2
70301,SAN IGNACIO DE VELASCO,"mortalidad perinatal, neonatal e infantil",muerte neonatal  temprana (0-6 dias) confirmada,2020-05-01,2,1,0,0,2,1,3
71201,SAN MATIAS,"mortalidad perinatal, neonatal e infantil",muerte neonatal  temprana (0-6 dias) confirmada,2020-05-01,0,0,1,0,1,0,1
51001,SAN PABLO DE LIPEZ,"mortalidad perinatal, neonatal e infantil",muerte neonatal  temprana (0-6 dias) confirmada,2020-05-01,0,0,0,1,0,1,1
70101,SANTA CRUZ DE LA SIERRA,"mortalidad perinatal, neonatal e infantil",muerte neonatal  temprana (0-6 dias) confirmada,2020-05-01,2,2,0,0,2,2,4
10101,SUCRE,"mortalidad perinatal, neonatal e infantil",muerte neonatal  temprana (0-6 dias) confirmada,2020-05-01,2,3,0,0,2,3,5
60101,TARIJA,"mortalidad perinatal, neonatal e infantil",muerte neonatal  temprana (0-6 dias) confirmada,2020-05-01,0,1,0,0,0,1,1
31201,TOTORA(CBBA),"mortalidad perinatal, neonatal e infantil",muerte neonatal  temprana (0-6 dias) confirmada,2020-05-01,0,0,0,1,0,1,1
80101,TRINIDAD,"mortalidad perinatal, neonatal e infantil",muerte neonatal  temprana (0-6 dias) confirmada,2020-05-01,0,3,0,0,0,3,3
50801,TUPIZA,"mortalidad perinatal, neonatal e infantil",muerte neonatal  temprana (0-6 dias) confirmada,2020-05-01,1,0,0,0,1,0,1
50201,UNCIA,"mortalidad perinatal, neonatal e infantil",muerte neonatal  temprana (0-6 dias) confirmada,2020-05-01,0,0,1,0,1,0,1
51201,UYUNI,"mortalidad perinatal, neonatal e infantil",muerte neonatal  temprana (0-6 dias) confirmada,2020-05-01,0,1,0,0,0,1,1
70801,VALLEGRANDE,"mortalidad perinatal, neonatal e infantil",muerte neonatal  temprana (0-6 dias) confirmada,2020-05-01,1,0,0,0,1,0,1
31302,VILA VILA,"mortalidad perinatal, neonatal e infantil",muerte neonatal  temprana (0-6 dias) confirmada,2020-05-01,0,0,1,0,1,0,1
51501,VILLAZON,"mortalidad perinatal, neonatal e infantil",muerte neonatal  temprana (0-6 dias) confirmada,2020-05-01,1,0,0,0,1,0,1
60301,YACUIBA,"mortalidad perinatal, neonatal e infantil",muerte neonatal  temprana (0-6 dias) confirmada,2020-05-01,1,1,0,0,1,1,2
90101,COBIJA,"mortalidad perinatal, neonatal e infantil",muerte neonatal  temprana (0-6 dias) confirmada,2020-06-01,1,0,0,0,1,0,1
30101,COCHABAMBA,"mortalidad perinatal, neonatal e infantil",muerte neonatal  temprana (0-6 dias) confirmada,2020-06-01,2,3,0,0,2,3,5
71301,COMARAPA,"mortalidad perinatal, neonatal e infantil",muerte neonatal  temprana (0-6 dias) confirmada,2020-06-01,0,1,0,0,0,1,1
20105,EL ALTO,"mortalidad perinatal, neonatal e infantil",muerte neonatal  temprana (0-6 dias) confirmada,2020-06-01,18,2,0,0,18,2,20
20101,LA PAZ,"mortalidad perinatal, neonatal e infantil",muerte neonatal  temprana (0-6 dias) confirmada,2020-06-01,6,3,0,0,6,3,9
40101,ORURO,"mortalidad perinatal, neonatal e infantil",muerte neonatal  temprana (0-6 dias) confirmada,2020-06-01,2,3,0,0,2,3,5
70601,PORTACHUELO,"mortalidad perinatal, neonatal e infantil",muerte neonatal  temprana (0-6 dias) confirmada,2020-06-01,0,1,0,0,0,1,1
50101,POTOSI,"mortalidad perinatal, neonatal e infantil",muerte neonatal  temprana (0-6 dias) confirmada,2020-06-01,1,1,0,0,1,1,2
31205,PUERTO VILLARROEL,"mortalidad perinatal, neonatal e infantil",muerte neonatal  temprana (0-6 dias) confirmada,2020-06-01,3,0,0,0,3,0,3
31401,PUNATA,"mortalidad perinatal, neonatal e infantil",muerte neonatal  temprana (0-6 dias) confirmada,2020-06-01,0,1,0,0,0,1,1
80301,REYES,"mortalidad perinatal, neonatal e infantil",muerte neonatal  temprana (0-6 dias) confirmada,2020-06-01,2,0,0,0,2,0,2
80201,RIBERALTA,"mortalidad perinatal, neonatal e infantil",muerte neonatal  temprana (0-6 dias) confirmada,2020-06-01,2,0,0,0,2,0,2
80304,RURRENABAQUE,"mortalidad perinatal, neonatal e infantil",muerte neonatal  temprana (0-6 dias) confirmada,2020-06-01,1,0,0,0,1,0,1
70301,SAN IGNACIO DE VELASCO,"mortalidad perinatal, neonatal e infantil",muerte neonatal  temprana (0-6 dias) confirmada,2020-06-01,1,0,0,0,1,0,1
71102,SAN JAVIER(STC),"mortalidad perinatal, neonatal e infantil",muerte neonatal  temprana (0-6 dias) confirmada,2020-06-01,0,1,0,0,0,1,1
70101,SANTA CRUZ DE LA SIERRA,"mortalidad perinatal, neonatal e infantil",muerte neonatal  temprana (0-6 dias) confirmada,2020-06-01,2,2,0,0,2,2,4
10101,SUCRE,"mortalidad perinatal, neonatal e infantil",muerte neonatal  temprana (0-6 dias) confirmada,2020-06-01,1,1,0,0,1,1,2
60101,TARIJA,"mortalidad perinatal, neonatal e infantil",muerte neonatal  temprana (0-6 dias) confirmada,2020-06-01,0,1,0,0,0,1,1
50502,TORO TORO,"mortalidad perinatal, neonatal e infantil",muerte neonatal  temprana (0-6 dias) confirmada,2020-06-01,0,0,0,1,0,1,1
80101,TRINIDAD,"mortalidad perinatal, neonatal e infantil",muerte neonatal  temprana (0-6 dias) confirmada,2020-06-01,2,0,0,0,2,0,2
60301,YACUIBA,"mortalidad perinatal, neonatal e infantil",muerte neonatal  temprana (0-6 dias) confirmada,2020-06-01,1,0,0,0,1,0,1
20201,ACHACACHI,"mortalidad perinatal, neonatal e infantil",muerte neonatal  temprana (0-6 dias) confirmada,2020-07-01,1,0,0,0,1,0,1
71501,ASCENCION DE GUARAYOS,"mortalidad perinatal, neonatal e infantil",muerte neonatal  temprana (0-6 dias) confirmada,2020-07-01,0,1,0,0,0,1,1
21003,CAJUATA,"mortalidad perinatal, neonatal e infantil",muerte neonatal  temprana (0-6 dias) confirmada,2020-07-01,0,1,0,0,0,1,1
90101,COBIJA,"mortalidad perinatal, neonatal e infantil",muerte neonatal  temprana (0-6 dias) confirmada,2020-07-01,0,1,0,0,0,1,1
30101,COCHABAMBA,"mortalidad perinatal, neonatal e infantil",muerte neonatal  temprana (0-6 dias) confirmada,2020-07-01,5,2,1,0,6,2,8
20105,EL ALTO,"mortalidad perinatal, neonatal e infantil",muerte neonatal  temprana (0-6 dias) confirmada,2020-07-01,3,4,0,0,3,4,7
80202,GUAYARAMERIN,"mortalidad perinatal, neonatal e infantil",muerte neonatal  temprana (0-6 dias) confirmada,2020-07-01,2,0,0,0,2,0,2
20101,LA PAZ,"mortalidad perinatal, neonatal e infantil",muerte neonatal  temprana (0-6 dias) confirmada,2020-07-01,9,2,1,0,10,2,12
50203,LLALLAGUA,"mortalidad perinatal, neonatal e infantil",muerte neonatal  temprana (0-6 dias) confirmada,2020-07-01,1,0,0,0,1,0,1
10501,MONTEAGUDO,"mortalidad perinatal, neonatal e infantil",muerte neonatal  temprana (0-6 dias) confirmada,2020-07-01,0,0,0,1,0,1,1
90401,NACEBE (SANTA ROSA DEL ABUNA),"mortalidad perinatal, neonatal e infantil",muerte neonatal  temprana (0-6 dias) confirmada,2020-07-01,0,0,1,0,1,0,1
40101,ORURO,"mortalidad perinatal, neonatal e infantil",muerte neonatal  temprana (0-6 dias) confirmada,2020-07-01,2,2,0,0,2,2,4
70601,PORTACHUELO,"mortalidad perinatal, neonatal e infantil",muerte neonatal  temprana (0-6 dias) confirmada,2020-07-01,2,1,0,0,2,1,3
50101,POTOSI,"mortalidad perinatal, neonatal e infantil",muerte neonatal  temprana (0-6 dias) confirmada,2020-07-01,6,4,1,0,7,4,11
90201,PUERTO RICO,"mortalidad perinatal, neonatal e infantil",muerte neonatal  temprana (0-6 dias) confirmada,2020-07-01,0,1,0,0,0,1,1
80201,RIBERALTA,"mortalidad perinatal, neonatal e infantil",muerte neonatal  temprana (0-6 dias) confirmada,2020-07-01,1,2,0,0,1,2,3
70503,ROBORE,"mortalidad perinatal, neonatal e infantil",muerte neonatal  temprana (0-6 dias) confirmada,2020-07-01,0,1,0,0,0,1,1
31001,SACABA,"mortalidad perinatal, neonatal e infantil",muerte neonatal  temprana (0-6 dias) confirmada,2020-07-01,1,0,0,0,1,0,1
70301,SAN IGNACIO DE VELASCO,"mortalidad perinatal, neonatal e infantil",muerte neonatal  temprana (0-6 dias) confirmada,2020-07-01,4,0,0,0,4,0,4
71102,SAN JAVIER(STC),"mortalidad perinatal, neonatal e infantil",muerte neonatal  temprana (0-6 dias) confirmada,2020-07-01,0,1,0,0,0,1,1
70101,SANTA CRUZ DE LA SIERRA,"mortalidad perinatal, neonatal e infantil",muerte neonatal  temprana (0-6 dias) confirmada,2020-07-01,7,3,0,0,7,3,10
10101,SUCRE,"mortalidad perinatal, neonatal e infantil",muerte neonatal  temprana (0-6 dias) confirmada,2020-07-01,2,0,0,0,2,0,2
50502,TORO TORO,"mortalidad perinatal, neonatal e infantil",muerte neonatal  temprana (0-6 dias) confirmada,2020-07-01,0,0,0,1,0,1,1
80101,TRINIDAD,"mortalidad perinatal, neonatal e infantil",muerte neonatal  temprana (0-6 dias) confirmada,2020-07-01,3,3,0,0,3,3,6
50801,TUPIZA,"mortalidad perinatal, neonatal e infantil",muerte neonatal  temprana (0-6 dias) confirmada,2020-07-01,1,0,0,0,1,0,1
51201,UYUNI,"mortalidad perinatal, neonatal e infantil",muerte neonatal  temprana (0-6 dias) confirmada,2020-07-01,1,0,0,0,1,0,1
10704,VILLA CHARCAS,"mortalidad perinatal, neonatal e infantil",muerte neonatal  temprana (0-6 dias) confirmada,2020-07-01,0,1,0,0,0,1,1
40201,CHALLAPATA,"mortalidad perinatal, neonatal e infantil",muerte neonatal  temprana (0-6 dias) confirmada,2020-08-01,0,1,0,0,0,1,1
90101,COBIJA,"mortalidad perinatal, neonatal e infantil",muerte neonatal  temprana (0-6 dias) confirmada,2020-08-01,1,0,0,0,1,0,1
30303,COCAPATA,"mortalidad perinatal, neonatal e infantil",muerte neonatal  temprana (0-6 dias) confirmada,2020-08-01,0,0,0,1,0,1,1
30101,COCHABAMBA,"mortalidad perinatal, neonatal e infantil",muerte neonatal  temprana (0-6 dias) confirmada,2020-08-01,8,4,0,0,8,4,12
50901,"COLCHA ""K""","mortalidad perinatal, neonatal e infantil",muerte neonatal  temprana (0-6 dias) confirmada,2020-08-01,1,0,0,0,1,0,1
71301,COMARAPA,"mortalidad perinatal, neonatal e infantil",muerte neonatal  temprana (0-6 dias) confirmada,2020-08-01,0,1,0,0,0,1,1
70102,COTOCA,"mortalidad perinatal, neonatal e infantil",muerte neonatal  temprana (0-6 dias) confirmada,2020-08-01,1,0,0,0,1,0,1
20105,EL ALTO,"mortalidad perinatal, neonatal e infantil",muerte neonatal  temprana (0-6 dias) confirmada,2020-08-01,3,6,1,1,4,7,11
20101,LA PAZ,"mortalidad perinatal, neonatal e infantil",muerte neonatal  temprana (0-6 dias) confirmada,2020-08-01,3,3,0,0,3,3,6
40101,ORURO,"mortalidad perinatal, neonatal e infantil",muerte neonatal  temprana (0-6 dias) confirmada,2020-08-01,3,0,0,0,3,0,3
50101,POTOSI,"mortalidad perinatal, neonatal e infantil",muerte neonatal  temprana (0-6 dias) confirmada,2020-08-01,2,2,0,0,2,2,4
31205,PUERTO VILLARROEL,"mortalidad perinatal, neonatal e infantil",muerte neonatal  temprana (0-6 dias) confirmada,2020-08-01,2,2,0,0,2,2,4
80201,RIBERALTA,"mortalidad perinatal, neonatal e infantil",muerte neonatal  temprana (0-6 dias) confirmada,2020-08-01,0,1,0,0,0,1,1
31001,SACABA,"mortalidad perinatal, neonatal e infantil",muerte neonatal  temprana (0-6 dias) confirmada,2020-08-01,0,0,1,0,1,0,1
50701,SACACA,"mortalidad perinatal, neonatal e infantil",muerte neonatal  temprana (0-6 dias) confirmada,2020-08-01,1,0,0,0,1,0,1
80302,SAN BORJA,"mortalidad perinatal, neonatal e infantil",muerte neonatal  temprana (0-6 dias) confirmada,2020-08-01,1,0,0,0,1,0,1
70101,SANTA CRUZ DE LA SIERRA,"mortalidad perinatal, neonatal e infantil",muerte neonatal  temprana (0-6 dias) confirmada,2020-08-01,3,5,0,0,3,5,8
10101,SUCRE,"mortalidad perinatal, neonatal e infantil",muerte neonatal  temprana (0-6 dias) confirmada,2020-08-01,2,1,0,0,2,1,3
80101,TRINIDAD,"mortalidad perinatal, neonatal e infantil",muerte neonatal  temprana (0-6 dias) confirmada,2020-08-01,1,1,0,0,1,1,2
70801,VALLEGRANDE,"mortalidad perinatal, neonatal e infantil",muerte neonatal  temprana (0-6 dias) confirmada,2020-08-01,0,1,0,0,0,1,1
31003,VILLA TUNARI,"mortalidad perinatal, neonatal e infantil",muerte neonatal  temprana (0-6 dias) confirmada,2020-08-01,1,0,0,0,1,0,1
51501,VILLAZON,"mortalidad perinatal, neonatal e infantil",muerte neonatal  temprana (0-6 dias) confirmada,2020-08-01,0,1,0,0,0,1,1
31501,BOLIVAR,"mortalidad perinatal, neonatal e infantil",muerte neonatal  temprana (0-6 dias) confirmada,2020-09-01,0,0,0,1,0,1,1
70706,CAMIRI,"mortalidad perinatal, neonatal e infantil",muerte neonatal  temprana (0-6 dias) confirmada,2020-09-01,1,0,0,0,1,0,1
90101,COBIJA,"mortalidad perinatal, neonatal e infantil",muerte neonatal  temprana (0-6 dias) confirmada,2020-09-01,0,1,0,0,0,1,1
30101,COCHABAMBA,"mortalidad perinatal, neonatal e infantil",muerte neonatal  temprana (0-6 dias) confirmada,2020-09-01,5,5,0,1,5,6,11
20105,EL ALTO,"mortalidad perinatal, neonatal e infantil",muerte neonatal  temprana (0-6 dias) confirmada,2020-09-01,12,7,1,0,13,7,20
70705,GUTIERREZ,"mortalidad perinatal, neonatal e infantil",muerte neonatal  temprana (0-6 dias) confirmada,2020-09-01,0,1,0,0,0,1,1
20101,LA PAZ,"mortalidad perinatal, neonatal e infantil",muerte neonatal  temprana (0-6 dias) confirmada,2020-09-01,3,3,0,0,3,3,6
40101,ORURO,"mortalidad perinatal, neonatal e infantil",muerte neonatal  temprana (0-6 dias) confirmada,2020-09-01,3,1,0,0,3,1,4
50101,POTOSI,"mortalidad perinatal, neonatal e infantil",muerte neonatal  temprana (0-6 dias) confirmada,2020-09-01,1,1,0,0,1,1,2
31205,PUERTO VILLARROEL,"mortalidad perinatal, neonatal e infantil",muerte neonatal  temprana (0-6 dias) confirmada,2020-09-01,1,0,0,0,1,0,1
30901,QUILLACOLLO,"mortalidad perinatal, neonatal e infantil",muerte neonatal  temprana (0-6 dias) confirmada,2020-09-01,1,0,0,0,1,0,1
80201,RIBERALTA,"mortalidad perinatal, neonatal e infantil",muerte neonatal  temprana (0-6 dias) confirmada,2020-09-01,2,2,0,0,2,2,4
70301,SAN IGNACIO DE VELASCO,"mortalidad perinatal, neonatal e infantil",muerte neonatal  temprana (0-6 dias) confirmada,2020-09-01,1,0,0,0,1,0,1
71102,SAN JAVIER(STC),"mortalidad perinatal, neonatal e infantil",muerte neonatal  temprana (0-6 dias) confirmada,2020-09-01,0,1,0,0,0,1,1
70101,SANTA CRUZ DE LA SIERRA,"mortalidad perinatal, neonatal e infantil",muerte neonatal  temprana (0-6 dias) confirmada,2020-09-01,5,4,0,0,5,4,9
10101,SUCRE,"mortalidad perinatal, neonatal e infantil",muerte neonatal  temprana (0-6 dias) confirmada,2020-09-01,1,3,0,0,1,3,4
60101,TARIJA,"mortalidad perinatal, neonatal e infantil",muerte neonatal  temprana (0-6 dias) confirmada,2020-09-01,0,1,0,0,0,1,1
80101,TRINIDAD,"mortalidad perinatal, neonatal e infantil",muerte neonatal  temprana (0-6 dias) confirmada,2020-09-01,1,0,0,0,1,0,1
51201,UYUNI,"mortalidad perinatal, neonatal e infantil",muerte neonatal  temprana (0-6 dias) confirmada,2020-09-01,0,0,0,1,0,1,1
70801,VALLEGRANDE,"mortalidad perinatal, neonatal e infantil",muerte neonatal  temprana (0-6 dias) confirmada,2020-09-01,1,0,0,0,1,0,1
70706,CAMIRI,"mortalidad perinatal, neonatal e infantil",muerte neonatal  temprana (0-6 dias) confirmada,2020-10-01,0,0,1,0,1,0,1
30101,COCHABAMBA,"mortalidad perinatal, neonatal e infantil",muerte neonatal  temprana (0-6 dias) confirmada,2020-10-01,9,3,0,0,9,3,12
20105,EL ALTO,"mortalidad perinatal, neonatal e infantil",muerte neonatal  temprana (0-6 dias) confirmada,2020-10-01,7,8,1,1,8,9,17
80202,GUAYARAMERIN,"mortalidad perinatal, neonatal e infantil",muerte neonatal  temprana (0-6 dias) confirmada,2020-10-01,1,0,0,0,1,0,1
20101,LA PAZ,"mortalidad perinatal, neonatal e infantil",muerte neonatal  temprana (0-6 dias) confirmada,2020-10-01,4,4,1,0,5,4,9
40101,ORURO,"mortalidad perinatal, neonatal e infantil",muerte neonatal  temprana (0-6 dias) confirmada,2020-10-01,4,1,0,0,4,1,5
10401,PADILLA,"mortalidad perinatal, neonatal e infantil",muerte neonatal  temprana (0-6 dias) confirmada,2020-10-01,0,0,0,1,0,1,1
50101,POTOSI,"mortalidad perinatal, neonatal e infantil",muerte neonatal  temprana (0-6 dias) confirmada,2020-10-01,1,2,0,0,1,2,3
31205,PUERTO VILLARROEL,"mortalidad perinatal, neonatal e infantil",muerte neonatal  temprana (0-6 dias) confirmada,2020-10-01,2,0,0,0,2,0,2
80201,RIBERALTA,"mortalidad perinatal, neonatal e infantil",muerte neonatal  temprana (0-6 dias) confirmada,2020-10-01,2,1,0,0,2,1,3
80304,RURRENABAQUE,"mortalidad perinatal, neonatal e infantil",muerte neonatal  temprana (0-6 dias) confirmada,2020-10-01,1,0,0,0,1,0,1
70101,SANTA CRUZ DE LA SIERRA,"mortalidad perinatal, neonatal e infantil",muerte neonatal  temprana (0-6 dias) confirmada,2020-10-01,1,3,0,0,1,3,4
90303,SENA,"mortalidad perinatal, neonatal e infantil",muerte neonatal  temprana (0-6 dias) confirmada,2020-10-01,1,0,0,0,1,0,1
10101,SUCRE,"mortalidad perinatal, neonatal e infantil",muerte neonatal  temprana (0-6 dias) confirmada,2020-10-01,2,1,0,0,2,1,3
60101,TARIJA,"mortalidad perinatal, neonatal e infantil",muerte neonatal  temprana (0-6 dias) confirmada,2020-10-01,2,0,0,0,2,0,2
80101,TRINIDAD,"mortalidad perinatal, neonatal e infantil",muerte neonatal  temprana (0-6 dias) confirmada,2020-10-01,2,1,0,0,2,1,3
50801,TUPIZA,"mortalidad perinatal, neonatal e infantil",muerte neonatal  temprana (0-6 dias) confirmada,2020-10-01,0,0,0,1,0,1,1
51201,UYUNI,"mortalidad perinatal, neonatal e infantil",muerte neonatal  temprana (0-6 dias) confirmada,2020-10-01,0,1,0,0,0,1,1
60301,YACUIBA,"mortalidad perinatal, neonatal e infantil",muerte neonatal  temprana (0-6 dias) confirmada,2020-10-01,1,0,0,0,1,0,1
71501,ASCENCION DE GUARAYOS,"mortalidad perinatal, neonatal e infantil",muerte neonatal  temprana (0-6 dias) confirmada,2020-11-01,1,0,0,0,1,0,1
50702,CARIPUYO,"mortalidad perinatal, neonatal e infantil",muerte neonatal  temprana (0-6 dias) confirmada,2020-11-01,0,0,0,1,0,1,1
30101,COCHABAMBA,"mortalidad perinatal, neonatal e infantil",muerte neonatal  temprana (0-6 dias) confirmada,2020-11-01,11,4,1,0,12,4,16
21401,COROICO,"mortalidad perinatal, neonatal e infantil",muerte neonatal  temprana (0-6 dias) confirmada,2020-11-01,1,0,0,0,1,0,1
20105,EL ALTO,"mortalidad perinatal, neonatal e infantil",muerte neonatal  temprana (0-6 dias) confirmada,2020-11-01,16,6,1,1,17,7,24
20101,LA PAZ,"mortalidad perinatal, neonatal e infantil",muerte neonatal  temprana (0-6 dias) confirmada,2020-11-01,2,3,1,0,3,3,6
71001,MONTERO,"mortalidad perinatal, neonatal e infantil",muerte neonatal  temprana (0-6 dias) confirmada,2020-11-01,1,0,0,0,1,0,1
40101,ORURO,"mortalidad perinatal, neonatal e infantil",muerte neonatal  temprana (0-6 dias) confirmada,2020-11-01,2,1,0,0,2,1,3
50403,POCOATA,"mortalidad perinatal, neonatal e infantil",muerte neonatal  temprana (0-6 dias) confirmada,2020-11-01,0,0,0,1,0,1,1
50101,POTOSI,"mortalidad perinatal, neonatal e infantil",muerte neonatal  temprana (0-6 dias) confirmada,2020-11-01,1,0,0,0,1,0,1
31205,PUERTO VILLARROEL,"mortalidad perinatal, neonatal e infantil",muerte neonatal  temprana (0-6 dias) confirmada,2020-11-01,0,1,0,0,0,1,1
80201,RIBERALTA,"mortalidad perinatal, neonatal e infantil",muerte neonatal  temprana (0-6 dias) confirmada,2020-11-01,3,0,1,0,4,0,4
80304,RURRENABAQUE,"mortalidad perinatal, neonatal e infantil",muerte neonatal  temprana (0-6 dias) confirmada,2020-11-01,1,0,0,0,1,0,1
80302,SAN BORJA,"mortalidad perinatal, neonatal e infantil",muerte neonatal  temprana (0-6 dias) confirmada,2020-11-01,1,0,0,0,1,0,1
71102,SAN JAVIER(STC),"mortalidad perinatal, neonatal e infantil",muerte neonatal  temprana (0-6 dias) confirmada,2020-11-01,0,0,1,0,1,0,1
70101,SANTA CRUZ DE LA SIERRA,"mortalidad perinatal, neonatal e infantil",muerte neonatal  temprana (0-6 dias) confirmada,2020-11-01,5,0,0,0,5,0,5
10101,SUCRE,"mortalidad perinatal, neonatal e infantil",muerte neonatal  temprana (0-6 dias) confirmada,2020-11-01,1,3,0,0,1,3,4
20606,TIPUANI,"mortalidad perinatal, neonatal e infantil",muerte neonatal  temprana (0-6 dias) confirmada,2020-11-01,0,0,0,1,0,1,1
80101,TRINIDAD,"mortalidad perinatal, neonatal e infantil",muerte neonatal  temprana (0-6 dias) confirmada,2020-11-01,2,2,0,0,2,2,4
51501,VILLAZON,"mortalidad perinatal, neonatal e infantil",muerte neonatal  temprana (0-6 dias) confirmada,2020-11-01,1,0,0,0,1,0,1
60301,YACUIBA,"mortalidad perinatal, neonatal e infantil",muerte neonatal  temprana (0-6 dias) confirmada,2020-11-01,0,1,0,0,0,1,1
30101,COCHABAMBA,"mortalidad perinatal, neonatal e infantil",muerte neonatal  temprana (0-6 dias) confirmada,2020-12-01,1,4,0,0,1,4,5
20105,EL ALTO,"mortalidad perinatal, neonatal e infantil",muerte neonatal  temprana (0-6 dias) confirmada,2020-12-01,2,1,0,2,2,3,5
20101,LA PAZ,"mortalidad perinatal, neonatal e infantil",muerte neonatal  temprana (0-6 dias) confirmada,2020-12-01,2,1,0,1,2,2,4
40101,ORURO,"mortalidad perinatal, neonatal e infantil",muerte neonatal  temprana (0-6 dias) confirmada,2020-12-01,3,4,0,0,3,4,7
50101,POTOSI,"mortalidad perinatal, neonatal e infantil",muerte neonatal  temprana (0-6 dias) confirmada,2020-12-01,0,1,0,0,0,1,1
31401,PUNATA,"mortalidad perinatal, neonatal e infantil",muerte neonatal  temprana (0-6 dias) confirmada,2020-12-01,1,0,0,0,1,0,1
30901,QUILLACOLLO,"mortalidad perinatal, neonatal e infantil",muerte neonatal  temprana (0-6 dias) confirmada,2020-12-01,0,0,1,0,1,0,1
80201,RIBERALTA,"mortalidad perinatal, neonatal e infantil",muerte neonatal  temprana (0-6 dias) confirmada,2020-12-01,0,1,0,0,0,1,1
50701,SACACA,"mortalidad perinatal, neonatal e infantil",muerte neonatal  temprana (0-6 dias) confirmada,2020-12-01,0,0,1,0,1,0,1
70101,SANTA CRUZ DE LA SIERRA,"mortalidad perinatal, neonatal e infantil",muerte neonatal  temprana (0-6 dias) confirmada,2020-12-01,2,1,1,0,3,1,4
10101,SUCRE,"mortalidad perinatal, neonatal e infantil",muerte neonatal  temprana (0-6 dias) confirmada,2020-12-01,2,0,0,0,2,0,2
30602,TACOPAYA,"mortalidad perinatal, neonatal e infantil",muerte neonatal  temprana (0-6 dias) confirmada,2020-12-01,0,0,0,1,0,1,1
60101,TARIJA,"mortalidad perinatal, neonatal e infantil",muerte neonatal  temprana (0-6 dias) confirmada,2020-12-01,2,1,0,0,2,1,3
80101,TRINIDAD,"mortalidad perinatal, neonatal e infantil",muerte neonatal  temprana (0-6 dias) confirmada,2020-12-01,4,0,0,0,4,0,4
60301,YACUIBA,"mortalidad perinatal, neonatal e infantil",muerte neonatal  temprana (0-6 dias) confirmada,2020-12-01,0,1,0,0,0,1,1
